ride_id,ride_type,pickup_datetime,dropoff_datetime,pickup_location,dropoff_location,trip_distance_km,num_passengers,avg_carpoolers,fare_rs,payment_type,rate_type,carbon_emitted_kg,carbon_saved_kg
RIDE000001,Carpool,2025-01-11 11:15,2025-01-11 12:20,Chromepet,Mahindra City,54.77,4,3.9,405.6,Wallet,Shared,7.668,2.848
RIDE000002,Private,2025-04-16 06:28,2025-04-16 07:24,Perungudi,Singaperumal Koil,52.82,1,,561.85,UPI,Standard,10.141,0.0
RIDE000003,Carpool,2025-03-15 05:08,2025-03-15 06:02,Mylapore,Chengalpattu Bus Stand,51.63,4,3.8,387.87,Card,Shared,7.228,2.685
RIDE000004,Carpool,2025-01-26 13:07,2025-01-26 13:53,Pallavaram,Chengalpattu Bus Stand,41.69,2,1.5,323.0,Card,Shared,5.837,2.167
RIDE000005,Private,2025-03-20 22:47,2025-03-20 23:40,Mylapore,Chengalpattu Bus Stand,59.29,1,,596.36,Cash,Standard,11.384,0.0
RIDE000006,Carpool,2025-04-24 17:01,2025-04-24 17:58,T Nagar,Singaperumal Koil,53.88,2,1.4,379.61,UPI,Shared,7.543,2.802
RIDE000007,Carpool,2025-01-11 04:48,2025-01-11 05:45,Pallavaram,Chengalpattu Bus Stand,62.13,4,3.6,457.08,Cash,Shared,8.698,3.231
RIDE000008,Carpool,2025-02-13 23:05,2025-02-13 23:47,Mylapore,Chengalpattu Bus Stand,37.73,4,3.8,247.01,UPI,Shared,5.282,1.962
RIDE000009,Carpool,2025-01-11 15:48,2025-01-11 16:48,Mylapore,Mahindra City,56.99,2,1.8,440.12,Cash,Shared,7.979,2.963
RIDE000010,Private,2025-03-08 19:47,2025-03-08 21:00,Anna Nagar,Singaperumal Koil,60.53,1,,640.51,Card,Standard,11.622,0.0
RIDE000011,Carpool,2025-03-09 08:58,2025-03-09 09:55,T Nagar,Chengalpattu Bus Stand,57.13,3,2.6,413.92,Cash,Shared,7.998,2.971
RIDE000012,Private,2025-03-25 18:06,2025-03-25 19:12,Perungudi,Mahindra City,59.53,1,,681.16,Cash,Standard,11.43,0.0
RIDE000013,Private,2025-02-24 09:44,2025-02-24 10:55,Velachery,Singaperumal Koil,59.57,1,,579.95,Cash,Standard,11.437,0.0
RIDE000014,Carpool,2025-02-19 01:56,2025-02-19 02:56,Velachery,Chengalpattu Bus Stand,50.95,3,2.8,330.48,Card,Shared,7.133,2.649
RIDE000015,Carpool,2025-03-25 21:12,2025-03-25 21:46,Anna Nagar,Chengalpattu Town,34.0,3,2.6,205.09,UPI,Shared,4.76,1.768
RIDE000016,Private,2025-01-04 11:45,2025-01-04 12:39,T Nagar,Singaperumal Koil,60.74,1,,602.2,Wallet,Standard,11.662,0.0
RIDE000017,Carpool,2025-03-26 05:34,2025-03-26 06:40,Pallavaram,Chengalpattu Bus Stand,58.76,4,3.9,371.87,Wallet,Shared,8.226,3.056
RIDE000018,Carpool,2025-03-27 07:57,2025-03-27 08:55,Anna Nagar,Chengalpattu Bus Stand,49.01,2,1.9,362.51,Cash,Shared,6.861,2.549
RIDE000019,Private,2025-04-27 16:51,2025-04-27 17:27,Adyar,Chengalpattu Bus Stand,36.41,1,,413.01,Wallet,Standard,6.991,0.0
RIDE000020,Carpool,2025-03-15 07:00,2025-03-15 07:51,Anna Nagar,Chengalpattu Bus Stand,51.99,2,2.0,377.55,UPI,Shared,7.279,2.703
RIDE000021,Private,2025-04-30 13:47,2025-04-30 14:27,Adyar,Mahindra City,32.45,1,,343.17,Card,Standard,6.23,0.0
RIDE000022,Private,2025-04-16 09:13,2025-04-16 09:53,Anna Nagar,Chengalpattu Town,36.49,1,,416.11,UPI,Standard,7.006,0.0
RIDE000023,Private,2025-03-17 23:39,2025-03-18 00:16,T Nagar,Chengalpattu Bus Stand,36.93,1,,353.22,Card,Standard,7.091,0.0
RIDE000024,Private,2025-03-09 10:44,2025-03-09 11:36,Chromepet,Chengalpattu Bus Stand,44.27,1,,453.87,Card,Standard,8.5,0.0
RIDE000025,Private,2025-01-01 16:02,2025-01-01 16:51,Guindy,Chengalpattu Town,46.37,1,,516.63,Card,Standard,8.903,0.0
RIDE000026,Private,2025-03-09 23:18,2025-03-10 00:11,Adyar,Chengalpattu Town,47.93,1,,466.4,UPI,Standard,9.203,0.0
RIDE000027,Carpool,2025-03-31 04:56,2025-03-31 06:08,Velachery,Mahindra City,61.01,4,3.7,450.08,Card,Shared,8.541,3.173
RIDE000028,Private,2025-03-24 17:18,2025-03-24 18:36,Adyar,Chengalpattu Town,63.25,1,,603.12,Wallet,Standard,12.144,0.0
RIDE000029,Carpool,2025-01-28 20:23,2025-01-28 21:04,Adyar,Mahindra City,34.25,4,3.4,215.03,Wallet,Shared,4.795,1.781
RIDE000030,Carpool,2025-03-04 12:09,2025-03-04 12:47,Guindy,Mahindra City,33.44,2,1.9,220.26,Card,Shared,4.682,1.738
RIDE000031,Private,2025-03-28 05:47,2025-03-28 06:40,Chromepet,Chengalpattu Bus Stand,45.82,1,,467.85,Card,Standard,8.797,0.0
RIDE000032,Carpool,2025-03-15 20:12,2025-03-15 21:16,Velachery,Chengalpattu Town,52.16,2,1.7,378.41,Wallet,Shared,7.302,2.713
RIDE000033,Carpool,2025-03-16 03:35,2025-03-16 04:38,OMR Sholinganallur,Chengalpattu Town,53.74,3,2.5,396.5,Cash,Shared,7.524,2.794
RIDE000034,Carpool,2025-04-18 18:53,2025-04-18 19:52,Perungudi,Chengalpattu Town,52.2,2,1.8,353.36,Cash,Shared,7.308,2.714
RIDE000035,Private,2025-04-16 07:31,2025-04-16 08:38,OMR Sholinganallur,Chengalpattu Bus Stand,57.37,1,,524.17,UPI,Standard,11.015,0.0
RIDE000036,Private,2025-04-15 02:18,2025-04-15 03:08,OMR Sholinganallur,SRM University,41.49,1,,452.09,UPI,Standard,7.966,0.0
RIDE000037,Private,2025-02-26 20:53,2025-02-26 21:49,Pallavaram,Chengalpattu Bus Stand,52.37,1,,600.15,Cash,Standard,10.055,0.0
RIDE000038,Carpool,2025-04-06 11:15,2025-04-06 12:07,Chromepet,SRM University,42.5,3,2.9,287.13,Card,Shared,5.95,2.21
RIDE000039,Carpool,2025-03-01 09:16,2025-03-01 10:00,Perungudi,Chengalpattu Town,42.76,3,2.6,267.77,Wallet,Shared,5.986,2.224
RIDE000040,Private,2025-04-17 09:41,2025-04-17 10:29,Perungudi,Chengalpattu Town,51.54,1,,531.54,Cash,Standard,9.896,0.0
RIDE000041,Private,2025-03-04 17:56,2025-03-04 18:40,OMR Sholinganallur,Singaperumal Koil,47.99,1,,494.53,UPI,Standard,9.214,0.0
RIDE000042,Private,2025-04-28 16:34,2025-04-28 17:22,Perungudi,Mahindra City,40.77,1,,453.3,Card,Standard,7.828,0.0
RIDE000043,Carpool,2025-04-23 13:20,2025-04-23 14:17,T Nagar,Chengalpattu Town,61.17,4,3.7,414.63,UPI,Shared,8.564,3.181
RIDE000044,Private,2025-02-15 14:35,2025-02-15 15:41,Chromepet,Chengalpattu Bus Stand,55.98,1,,520.86,Cash,Standard,10.748,0.0
RIDE000045,Carpool,2025-02-25 06:46,2025-02-25 07:44,T Nagar,SRM University,63.89,3,2.7,477.56,Cash,Shared,8.945,3.322
RIDE000046,Carpool,2025-03-14 19:46,2025-03-14 20:34,OMR Sholinganallur,SRM University,50.97,2,1.5,389.89,Card,Shared,7.136,2.65
RIDE000047,Carpool,2025-01-26 14:09,2025-01-26 14:45,OMR Sholinganallur,Mahindra City,32.95,3,2.4,252.91,Cash,Shared,4.613,1.713
RIDE000048,Carpool,2025-01-24 16:07,2025-01-24 16:52,Chromepet,Chengalpattu Town,47.56,2,1.9,366.76,Cash,Shared,6.658,2.474
RIDE000049,Carpool,2025-03-21 10:00,2025-03-21 11:05,Mylapore,SRM University,54.08,3,2.8,369.61,UPI,Shared,7.571,2.812
RIDE000050,Private,2025-02-04 21:10,2025-02-04 22:05,Guindy,Mahindra City,46.9,1,,492.52,Cash,Standard,9.005,0.0
RIDE000051,Carpool,2025-01-13 09:23,2025-01-13 10:33,Guindy,SRM University,64.89,3,2.5,400.15,Card,Shared,9.085,3.374
RIDE000052,Carpool,2025-02-20 18:50,2025-02-20 19:51,Guindy,Chengalpattu Bus Stand,49.83,3,2.8,304.31,UPI,Shared,6.976,2.591
RIDE000053,Carpool,2025-03-15 19:14,2025-03-15 20:05,Mylapore,Singaperumal Koil,44.63,4,3.6,314.97,Cash,Shared,6.248,2.321
RIDE000054,Carpool,2025-04-04 20:24,2025-04-04 21:05,Adyar,Chengalpattu Town,35.57,4,3.9,224.47,Wallet,Shared,4.98,1.849
RIDE000055,Private,2025-04-02 17:50,2025-04-02 18:53,Guindy,Mahindra City,56.65,1,,528.72,Card,Standard,10.877,0.0
RIDE000056,Carpool,2025-03-19 15:29,2025-03-19 16:22,T Nagar,Singaperumal Koil,46.46,2,1.9,340.47,Wallet,Shared,6.504,2.416
RIDE000057,Private,2025-03-06 14:52,2025-03-06 16:04,Anna Nagar,SRM University,62.59,1,,621.77,Cash,Standard,12.017,0.0
RIDE000058,Carpool,2025-02-13 20:08,2025-02-13 21:06,Chromepet,Singaperumal Koil,60.89,4,3.7,374.23,UPI,Shared,8.525,3.166
RIDE000059,Private,2025-04-25 19:37,2025-04-25 20:21,Mylapore,Singaperumal Koil,36.02,1,,381.36,UPI,Standard,6.916,0.0
RIDE000060,Private,2025-01-21 07:03,2025-01-21 08:05,Guindy,SRM University,61.33,1,,604.15,Wallet,Standard,11.775,0.0
RIDE000061,Carpool,2025-03-14 00:02,2025-03-14 01:12,T Nagar,Chengalpattu Bus Stand,64.17,3,2.4,479.81,Cash,Shared,8.984,3.337
RIDE000062,Private,2025-04-01 10:08,2025-04-01 10:59,Guindy,Singaperumal Koil,51.12,1,,525.61,Cash,Standard,9.815,0.0
RIDE000063,Carpool,2025-04-17 13:56,2025-04-17 14:41,OMR Sholinganallur,Chengalpattu Bus Stand,45.67,3,2.6,324.59,UPI,Shared,6.394,2.375
RIDE000064,Private,2025-02-07 14:03,2025-02-07 14:43,Adyar,Chengalpattu Town,34.32,1,,354.52,UPI,Standard,6.589,0.0
RIDE000065,Carpool,2025-04-02 03:08,2025-04-02 04:01,Chromepet,Singaperumal Koil,58.16,2,1.8,350.77,Card,Shared,8.142,3.025
RIDE000066,Carpool,2025-01-18 13:03,2025-01-18 13:56,OMR Sholinganallur,Mahindra City,55.49,2,1.8,369.21,Wallet,Shared,7.769,2.885
RIDE000067,Carpool,2025-01-19 07:13,2025-01-19 08:12,Perungudi,SRM University,63.7,4,3.4,398.79,Cash,Shared,8.918,3.312
RIDE000068,Carpool,2025-02-18 17:47,2025-02-18 18:47,Chromepet,Singaperumal Koil,57.16,4,3.9,437.96,Card,Shared,8.002,2.973
RIDE000069,Private,2025-01-19 09:24,2025-01-19 10:01,T Nagar,Chengalpattu Town,34.68,1,,376.72,Card,Standard,6.659,0.0
RIDE000070,Private,2025-03-13 00:11,2025-03-13 00:54,Pallavaram,Singaperumal Koil,38.13,1,,372.82,Wallet,Standard,7.321,0.0
RIDE000071,Carpool,2025-04-28 10:37,2025-04-28 11:26,Guindy,Chengalpattu Town,52.22,2,1.7,372.44,Cash,Shared,7.311,2.715
RIDE000072,Carpool,2025-03-17 13:29,2025-03-17 14:14,Anna Nagar,Singaperumal Koil,48.66,2,1.7,293.97,Wallet,Shared,6.812,2.531
RIDE000073,Private,2025-03-23 21:31,2025-03-23 22:04,Velachery,Chengalpattu Town,31.55,1,,318.6,Wallet,Standard,6.058,0.0
RIDE000074,Carpool,2025-01-26 18:55,2025-01-26 19:30,T Nagar,Chengalpattu Bus Stand,33.51,2,2.0,207.74,UPI,Shared,4.691,1.743
RIDE000075,Private,2025-02-09 11:18,2025-02-09 12:34,Tambaram,SRM University,62.14,1,,610.75,Wallet,Standard,11.931,0.0
RIDE000076,Private,2025-01-09 19:23,2025-01-09 20:10,Mylapore,Chengalpattu Town,41.28,1,,381.79,Card,Standard,7.926,0.0
RIDE000077,Private,2025-02-18 16:19,2025-02-18 17:26,OMR Sholinganallur,Singaperumal Koil,58.6,1,,664.24,UPI,Standard,11.251,0.0
RIDE000078,Private,2025-01-25 21:36,2025-01-25 22:42,Anna Nagar,SRM University,60.65,1,,608.58,Wallet,Standard,11.645,0.0
RIDE000079,Carpool,2025-04-15 17:11,2025-04-15 18:12,T Nagar,Mahindra City,58.66,3,2.5,367.84,Cash,Shared,8.212,3.051
RIDE000080,Carpool,2025-02-08 07:20,2025-02-08 08:30,Mylapore,Chengalpattu Town,59.13,4,3.7,393.95,Wallet,Shared,8.278,3.075
RIDE000081,Private,2025-01-03 10:53,2025-01-03 11:53,Perungudi,Chengalpattu Bus Stand,52.6,1,,548.64,Cash,Standard,10.099,0.0
RIDE000082,Carpool,2025-02-12 13:10,2025-02-12 13:49,Pallavaram,Chengalpattu Town,34.01,4,3.9,259.46,Card,Shared,4.761,1.769
RIDE000083,Private,2025-02-27 22:51,2025-02-27 23:43,Guindy,Singaperumal Koil,54.52,1,,621.48,Cash,Standard,10.468,0.0
RIDE000084,Private,2025-03-21 00:41,2025-03-21 01:13,Mylapore,Chengalpattu Town,36.04,1,,355.82,UPI,Standard,6.92,0.0
RIDE000085,Private,2025-02-28 06:27,2025-02-28 07:41,Tambaram,Singaperumal Koil,60.48,1,,681.13,UPI,Standard,11.612,0.0
RIDE000086,Carpool,2025-01-08 22:35,2025-01-08 23:30,Chromepet,Chengalpattu Town,52.99,3,2.7,379.7,Card,Shared,7.419,2.755
RIDE000087,Carpool,2025-03-27 06:25,2025-03-27 07:11,Guindy,SRM University,47.16,2,1.8,306.36,Card,Shared,6.602,2.453
RIDE000088,Carpool,2025-01-13 08:06,2025-01-13 09:07,OMR Sholinganallur,Mahindra City,60.08,4,3.9,434.68,UPI,Shared,8.411,3.124
RIDE000089,Carpool,2025-04-05 13:18,2025-04-05 14:03,Guindy,Chengalpattu Bus Stand,44.46,3,2.9,311.71,Card,Shared,6.224,2.312
RIDE000090,Private,2025-04-02 16:52,2025-04-02 17:55,Guindy,Mahindra City,51.19,1,,462.68,Wallet,Standard,9.828,0.0
RIDE000091,Carpool,2025-01-05 02:39,2025-01-05 03:18,Adyar,Chengalpattu Town,38.58,2,1.7,296.34,Cash,Shared,5.401,2.006
RIDE000092,Carpool,2025-01-09 06:17,2025-01-09 07:04,Tambaram,Chengalpattu Town,44.35,4,4.0,281.45,Wallet,Shared,6.209,2.306
RIDE000093,Carpool,2025-04-30 03:26,2025-04-30 04:15,Pallavaram,SRM University,45.84,4,4.0,275.53,Cash,Shared,6.418,2.383
RIDE000094,Carpool,2025-04-10 20:17,2025-04-10 21:18,Mylapore,Mahindra City,60.3,4,3.5,419.82,Wallet,Shared,8.442,3.136
RIDE000095,Carpool,2025-04-05 15:28,2025-04-05 16:18,Adyar,Mahindra City,50.9,3,2.6,388.63,Cash,Shared,7.126,2.647
RIDE000096,Private,2025-02-05 09:51,2025-02-05 10:44,Perungudi,Chengalpattu Town,54.94,1,,498.0,UPI,Standard,10.548,0.0
RIDE000097,Carpool,2025-01-30 16:02,2025-01-30 16:35,Anna Nagar,SRM University,34.97,4,3.7,223.68,Card,Shared,4.896,1.818
RIDE000098,Carpool,2025-02-19 12:31,2025-02-19 13:47,Guindy,Chengalpattu Town,62.17,2,1.5,431.87,Wallet,Shared,8.704,3.233
RIDE000099,Private,2025-04-06 03:36,2025-04-06 04:43,Anna Nagar,Chengalpattu Bus Stand,55.64,1,,594.14,Cash,Standard,10.683,0.0
RIDE000100,Private,2025-03-04 02:22,2025-03-04 03:06,Perungudi,Mahindra City,40.66,1,,416.84,Cash,Standard,7.807,0.0
RIDE000101,Private,2025-02-10 12:01,2025-02-10 12:45,Chromepet,SRM University,43.56,1,,455.16,Cash,Standard,8.364,0.0
RIDE000102,Carpool,2025-01-03 00:44,2025-01-03 01:26,Tambaram,Mahindra City,42.99,3,2.6,288.55,Card,Shared,6.019,2.235
RIDE000103,Carpool,2025-03-12 16:32,2025-03-12 17:09,Anna Nagar,SRM University,38.94,3,2.5,249.22,Card,Shared,5.452,2.024
RIDE000104,Carpool,2025-02-14 07:01,2025-02-14 07:36,Mylapore,Chengalpattu Bus Stand,30.18,3,2.7,219.91,UPI,Shared,4.225,1.57
RIDE000105,Private,2025-02-27 22:37,2025-02-27 23:31,Velachery,Mahindra City,43.95,1,,422.81,Cash,Standard,8.438,0.0
RIDE000106,Private,2025-03-16 12:21,2025-03-16 13:33,Anna Nagar,SRM University,62.5,1,,592.68,Cash,Standard,12.0,0.0
RIDE000107,Carpool,2025-03-12 00:33,2025-03-12 01:06,Guindy,SRM University,32.67,3,2.9,242.0,UPI,Shared,4.574,1.699
RIDE000108,Carpool,2025-04-06 20:37,2025-04-06 21:29,Tambaram,Singaperumal Koil,51.5,3,2.7,398.9,Wallet,Shared,7.21,2.678
RIDE000109,Carpool,2025-02-15 01:23,2025-02-15 02:33,Velachery,SRM University,59.78,3,2.7,378.65,Wallet,Shared,8.369,3.109
RIDE000110,Carpool,2025-01-12 08:34,2025-01-12 09:32,Mylapore,Mahindra City,60.87,3,2.6,438.45,UPI,Shared,8.522,3.165
RIDE000111,Carpool,2025-03-23 00:32,2025-03-23 01:32,Mylapore,Chengalpattu Town,56.02,2,1.4,436.34,Cash,Shared,7.843,2.913
RIDE000112,Private,2025-04-29 00:58,2025-04-29 02:15,Adyar,SRM University,64.23,1,,621.67,Wallet,Standard,12.332,0.0
RIDE000113,Carpool,2025-02-20 22:22,2025-02-20 23:18,Mylapore,Singaperumal Koil,61.93,3,2.8,448.35,UPI,Shared,8.67,3.221
RIDE000114,Carpool,2025-04-19 22:57,2025-04-19 23:38,Adyar,Mahindra City,35.71,2,1.7,270.03,Cash,Shared,4.999,1.857
RIDE000115,Carpool,2025-03-17 17:33,2025-03-17 18:27,Tambaram,Chengalpattu Town,58.21,4,3.4,401.15,Cash,Shared,8.149,3.027
RIDE000116,Carpool,2025-01-04 01:08,2025-01-04 01:52,Chromepet,Mahindra City,47.87,4,4.0,314.39,Card,Shared,6.702,2.489
RIDE000117,Carpool,2025-02-02 15:27,2025-02-02 16:33,Perungudi,Chengalpattu Bus Stand,56.85,4,4.0,423.61,Card,Shared,7.959,2.956
RIDE000118,Private,2025-03-10 14:08,2025-03-10 15:00,Guindy,SRM University,49.86,1,,455.77,UPI,Standard,9.573,0.0
RIDE000119,Private,2025-04-21 06:42,2025-04-21 07:52,Adyar,SRM University,60.08,1,,675.65,Card,Standard,11.535,0.0
RIDE000120,Private,2025-03-07 13:31,2025-03-07 14:04,OMR Sholinganallur,Chengalpattu Town,31.99,1,,297.9,Wallet,Standard,6.142,0.0
RIDE000121,Private,2025-03-11 15:51,2025-03-11 16:54,Velachery,Singaperumal Koil,64.71,1,,662.76,Wallet,Standard,12.424,0.0
RIDE000122,Carpool,2025-03-27 06:23,2025-03-27 07:13,Adyar,Chengalpattu Town,49.29,3,2.8,336.17,UPI,Shared,6.901,2.563
RIDE000123,Private,2025-01-26 10:18,2025-01-26 11:02,Adyar,Chengalpattu Bus Stand,47.33,1,,502.26,Card,Standard,9.087,0.0
RIDE000124,Private,2025-01-30 20:48,2025-01-30 21:50,Pallavaram,Mahindra City,57.12,1,,538.18,UPI,Standard,10.967,0.0
RIDE000125,Private,2025-05-01 03:40,2025-05-01 04:39,Perungudi,Mahindra City,51.05,1,,492.06,Cash,Standard,9.802,0.0
RIDE000126,Carpool,2025-04-21 11:36,2025-04-21 12:40,Anna Nagar,SRM University,63.57,4,3.5,440.05,Wallet,Shared,8.9,3.305
RIDE000127,Private,2025-03-05 11:30,2025-03-05 12:23,Pallavaram,Mahindra City,43.72,1,,466.36,Cash,Standard,8.394,0.0
RIDE000128,Carpool,2025-02-27 11:07,2025-02-27 11:57,Guindy,Mahindra City,42.2,2,1.6,255.55,Cash,Shared,5.908,2.194
RIDE000129,Private,2025-01-09 19:00,2025-01-09 19:46,Velachery,Mahindra City,38.16,1,,396.23,Cash,Standard,7.327,0.0
RIDE000130,Private,2025-01-17 21:32,2025-01-17 22:16,Adyar,Chengalpattu Bus Stand,42.52,1,,398.38,Wallet,Standard,8.164,0.0
RIDE000131,Carpool,2025-03-21 21:24,2025-03-21 21:55,Anna Nagar,Chengalpattu Bus Stand,31.36,2,1.5,234.27,UPI,Shared,4.39,1.631
RIDE000132,Private,2025-04-02 01:26,2025-04-02 02:19,Mylapore,Mahindra City,46.7,1,,429.51,Card,Standard,8.966,0.0
RIDE000133,Carpool,2025-04-22 20:33,2025-04-22 21:23,Pallavaram,Mahindra City,45.07,3,2.5,312.72,Cash,Shared,6.31,2.343
RIDE000134,Private,2025-01-29 12:28,2025-01-29 13:46,Chromepet,SRM University,62.47,1,,625.97,Cash,Standard,11.994,0.0
RIDE000135,Carpool,2025-04-11 00:03,2025-04-11 00:53,T Nagar,Singaperumal Koil,48.75,4,3.9,327.02,Wallet,Shared,6.825,2.535
RIDE000136,Private,2025-01-07 15:06,2025-01-07 15:43,Anna Nagar,Singaperumal Koil,38.18,1,,349.06,Wallet,Standard,7.331,0.0
RIDE000137,Private,2025-02-08 18:07,2025-02-08 18:52,Tambaram,Chengalpattu Bus Stand,50.58,1,,480.5,UPI,Standard,9.711,0.0
RIDE000138,Private,2025-01-02 18:33,2025-01-02 19:50,Perungudi,Chengalpattu Bus Stand,63.92,1,,587.89,Wallet,Standard,12.273,0.0
RIDE000139,Private,2025-01-26 09:57,2025-01-26 11:06,Adyar,Mahindra City,61.59,1,,708.09,UPI,Standard,11.825,0.0
RIDE000140,Carpool,2025-01-31 03:16,2025-01-31 04:15,Perungudi,Mahindra City,53.91,3,2.8,380.6,Card,Shared,7.547,2.804
RIDE000141,Private,2025-02-18 05:05,2025-02-18 05:46,Tambaram,Singaperumal Koil,44.31,1,,491.86,Cash,Standard,8.508,0.0
RIDE000142,Carpool,2025-03-14 08:18,2025-03-14 09:29,T Nagar,Mahindra City,63.05,2,1.6,425.28,UPI,Shared,8.827,3.279
RIDE000143,Carpool,2025-01-27 21:12,2025-01-27 22:08,T Nagar,Chengalpattu Town,57.99,2,1.7,400.01,Cash,Shared,8.119,3.015
RIDE000144,Private,2025-03-07 08:36,2025-03-07 09:10,Perungudi,Chengalpattu Town,36.05,1,,332.62,UPI,Standard,6.922,0.0
RIDE000145,Private,2025-03-17 16:37,2025-03-17 17:57,Pallavaram,Chengalpattu Bus Stand,64.5,1,,659.16,Cash,Standard,12.384,0.0
RIDE000146,Private,2025-03-29 11:34,2025-03-29 12:17,Chromepet,SRM University,45.74,1,,525.32,UPI,Standard,8.782,0.0
RIDE000147,Carpool,2025-04-21 21:13,2025-04-21 21:51,Adyar,SRM University,35.98,3,2.8,280.58,Card,Shared,5.037,1.871
RIDE000148,Carpool,2025-02-03 23:34,2025-02-04 00:21,Tambaram,SRM University,41.81,2,2.0,270.9,Cash,Shared,5.853,2.175
RIDE000149,Private,2025-03-06 15:25,2025-03-06 16:08,Mylapore,Chengalpattu Bus Stand,39.88,1,,372.55,Wallet,Standard,7.657,0.0
RIDE000150,Carpool,2025-01-01 07:15,2025-01-01 08:06,Mylapore,Chengalpattu Town,49.68,2,1.9,364.57,Cash,Shared,6.955,2.584
RIDE000151,Private,2025-02-08 20:30,2025-02-08 21:14,Perungudi,Singaperumal Koil,38.71,1,,360.26,Cash,Standard,7.432,0.0
RIDE000152,Carpool,2025-02-08 22:50,2025-02-08 23:26,OMR Sholinganallur,SRM University,40.19,3,2.9,267.42,Cash,Shared,5.627,2.089
RIDE000153,Carpool,2025-03-19 13:16,2025-03-19 14:25,Adyar,Chengalpattu Bus Stand,56.31,3,2.4,415.84,Cash,Shared,7.883,2.929
RIDE000154,Carpool,2025-04-13 09:18,2025-04-13 09:56,Adyar,Chengalpattu Town,30.99,4,3.8,191.16,Cash,Shared,4.339,1.611
RIDE000155,Carpool,2025-04-25 01:03,2025-04-25 02:09,T Nagar,Singaperumal Koil,53.98,3,2.9,349.98,UPI,Shared,7.557,2.807
RIDE000156,Private,2025-02-03 23:37,2025-02-04 00:37,Chromepet,Chengalpattu Town,55.27,1,,594.48,Card,Standard,10.612,0.0
RIDE000157,Private,2025-01-18 07:39,2025-01-18 08:53,Perungudi,SRM University,63.37,1,,679.95,Card,Standard,12.167,0.0
RIDE000158,Carpool,2025-03-20 18:34,2025-03-20 19:19,T Nagar,Chengalpattu Bus Stand,37.47,2,1.7,239.96,Cash,Shared,5.246,1.948
RIDE000159,Carpool,2025-03-02 15:42,2025-03-02 16:34,Guindy,Mahindra City,45.61,2,1.8,322.68,UPI,Shared,6.385,2.372
RIDE000160,Carpool,2025-02-21 13:41,2025-02-21 14:21,Anna Nagar,Chengalpattu Bus Stand,38.89,3,2.8,235.76,Wallet,Shared,5.445,2.022
RIDE000161,Carpool,2025-01-08 23:19,2025-01-09 00:12,Anna Nagar,Chengalpattu Town,54.95,3,2.6,339.08,UPI,Shared,7.693,2.857
RIDE000162,Private,2025-03-08 02:23,2025-03-08 03:24,Velachery,Singaperumal Koil,53.92,1,,512.64,UPI,Standard,10.353,0.0
RIDE000163,Carpool,2025-02-26 10:20,2025-02-26 10:58,T Nagar,Chengalpattu Bus Stand,33.49,2,1.6,255.24,UPI,Shared,4.689,1.741
RIDE000164,Private,2025-02-22 17:22,2025-02-22 18:07,Velachery,SRM University,41.89,1,,415.28,Wallet,Standard,8.043,0.0
RIDE000165,Carpool,2025-04-22 08:54,2025-04-22 09:46,Chromepet,Singaperumal Koil,44.94,3,2.7,289.42,Wallet,Shared,6.292,2.336
RIDE000166,Carpool,2025-03-10 13:28,2025-03-10 14:39,Tambaram,Chengalpattu Bus Stand,61.0,4,3.5,396.92,Wallet,Shared,8.54,3.172
RIDE000167,Private,2025-04-20 16:04,2025-04-20 17:05,Pallavaram,SRM University,59.65,1,,636.48,Wallet,Standard,11.453,0.0
RIDE000168,Carpool,2025-01-13 07:02,2025-01-13 07:37,Velachery,Chengalpattu Bus Stand,31.85,3,2.8,216.48,Card,Shared,4.459,1.656
RIDE000169,Private,2025-01-25 07:42,2025-01-25 08:12,Anna Nagar,Chengalpattu Town,31.89,1,,352.49,UPI,Standard,6.123,0.0
RIDE000170,Private,2025-03-04 12:34,2025-03-04 13:32,Tambaram,Mahindra City,54.15,1,,588.72,Card,Standard,10.397,0.0
RIDE000171,Carpool,2025-04-20 16:35,2025-04-20 17:25,Chromepet,SRM University,51.3,3,2.9,335.91,UPI,Shared,7.182,2.668
RIDE000172,Carpool,2025-01-29 15:10,2025-01-29 15:55,Chromepet,Mahindra City,46.26,2,1.5,284.05,Wallet,Shared,6.476,2.406
RIDE000173,Private,2025-04-20 03:50,2025-04-20 04:28,Mylapore,Chengalpattu Bus Stand,37.42,1,,412.8,UPI,Standard,7.185,0.0
RIDE000174,Private,2025-04-28 10:11,2025-04-28 10:55,OMR Sholinganallur,Chengalpattu Town,39.86,1,,401.39,Card,Standard,7.653,0.0
RIDE000175,Carpool,2025-03-30 20:42,2025-03-30 21:31,Guindy,Chengalpattu Bus Stand,40.65,4,3.6,294.72,Card,Shared,5.691,2.114
RIDE000176,Private,2025-03-09 21:52,2025-03-09 22:47,Pallavaram,Mahindra City,56.45,1,,510.54,UPI,Standard,10.838,0.0
RIDE000177,Private,2025-01-23 20:53,2025-01-23 21:40,OMR Sholinganallur,SRM University,39.59,1,,447.23,Card,Standard,7.601,0.0
RIDE000178,Private,2025-02-14 10:50,2025-02-14 11:29,Guindy,SRM University,33.07,1,,361.45,Card,Standard,6.349,0.0
RIDE000179,Carpool,2025-02-21 01:49,2025-02-21 03:03,Guindy,Chengalpattu Town,62.58,3,2.4,456.64,UPI,Shared,8.761,3.254
RIDE000180,Carpool,2025-02-18 10:10,2025-02-18 11:02,T Nagar,SRM University,53.66,4,4.0,411.07,Card,Shared,7.512,2.791
RIDE000181,Carpool,2025-04-23 18:04,2025-04-23 18:49,Perungudi,Chengalpattu Town,39.09,4,3.7,241.3,UPI,Shared,5.473,2.032
RIDE000182,Private,2025-03-27 15:58,2025-03-27 16:40,Mylapore,Chengalpattu Bus Stand,42.92,1,,423.73,Card,Standard,8.241,0.0
RIDE000183,Carpool,2025-02-02 05:01,2025-02-02 06:16,Perungudi,Mahindra City,60.95,3,3.0,398.26,Cash,Shared,8.533,3.169
RIDE000184,Private,2025-03-30 08:26,2025-03-30 09:30,Adyar,Chengalpattu Bus Stand,62.68,1,,566.8,Cash,Standard,12.035,0.0
RIDE000185,Carpool,2025-02-02 19:59,2025-02-02 20:44,Guindy,SRM University,39.55,4,3.4,259.45,Cash,Shared,5.537,2.057
RIDE000186,Carpool,2025-03-04 00:06,2025-03-04 01:15,Tambaram,Chengalpattu Town,57.88,4,3.8,349.71,Wallet,Shared,8.103,3.01
RIDE000187,Carpool,2025-04-08 15:13,2025-04-08 16:01,Mylapore,SRM University,42.24,3,2.9,319.15,Card,Shared,5.914,2.196
RIDE000188,Carpool,2025-02-06 09:30,2025-02-06 10:26,Adyar,Chengalpattu Bus Stand,45.76,2,1.5,351.02,Card,Shared,6.406,2.38
RIDE000189,Carpool,2025-02-22 08:51,2025-02-22 09:25,Mylapore,Chengalpattu Bus Stand,35.75,4,3.8,224.47,Cash,Shared,5.005,1.859
RIDE000190,Private,2025-04-13 19:34,2025-04-13 20:25,Pallavaram,Chengalpattu Town,41.45,1,,431.85,Cash,Standard,7.958,0.0
RIDE000191,Carpool,2025-02-12 01:45,2025-02-12 02:26,Mylapore,Chengalpattu Town,34.15,4,3.7,228.97,Card,Shared,4.781,1.776
RIDE000192,Carpool,2025-02-04 16:05,2025-02-04 16:42,Tambaram,SRM University,37.21,3,2.8,255.75,Card,Shared,5.209,1.935
RIDE000193,Private,2025-03-22 20:04,2025-03-22 20:42,Adyar,Chengalpattu Bus Stand,34.7,1,,313.57,Cash,Standard,6.662,0.0
RIDE000194,Carpool,2025-04-25 01:40,2025-04-25 02:15,Chromepet,Chengalpattu Town,37.9,2,1.9,289.74,Wallet,Shared,5.306,1.971
RIDE000195,Private,2025-01-19 14:09,2025-01-19 14:50,OMR Sholinganallur,SRM University,33.48,1,,304.38,Cash,Standard,6.428,0.0
RIDE000196,Private,2025-01-12 17:28,2025-01-12 18:07,Adyar,Mahindra City,43.3,1,,438.14,UPI,Standard,8.314,0.0
RIDE000197,Carpool,2025-04-01 02:45,2025-04-01 03:29,T Nagar,Mahindra City,45.99,3,2.6,308.95,Card,Shared,6.439,2.391
RIDE000198,Carpool,2025-02-27 13:12,2025-02-27 14:15,Pallavaram,Chengalpattu Town,55.92,3,2.4,343.64,Wallet,Shared,7.829,2.908
RIDE000199,Private,2025-03-27 10:59,2025-03-27 11:59,Tambaram,SRM University,64.29,1,,591.02,UPI,Standard,12.344,0.0
RIDE000200,Carpool,2025-02-24 18:12,2025-02-24 19:03,Pallavaram,Chengalpattu Bus Stand,50.11,4,3.5,315.61,Card,Shared,7.015,2.606
RIDE000201,Private,2025-01-24 09:44,2025-01-24 10:56,Mylapore,Chengalpattu Bus Stand,61.86,1,,657.51,UPI,Standard,11.877,0.0
RIDE000202,Carpool,2025-02-14 02:00,2025-02-14 02:44,OMR Sholinganallur,Chengalpattu Town,38.33,2,1.6,279.54,UPI,Shared,5.366,1.993
RIDE000203,Carpool,2025-02-11 09:14,2025-02-11 09:53,Chromepet,Chengalpattu Bus Stand,42.75,3,2.4,295.19,UPI,Shared,5.985,2.223
RIDE000204,Carpool,2025-02-20 15:25,2025-02-20 16:30,Mylapore,Mahindra City,62.78,4,3.9,467.0,UPI,Shared,8.789,3.265
RIDE000205,Carpool,2025-03-07 03:02,2025-03-07 03:48,Perungudi,Singaperumal Koil,51.06,2,1.4,387.7,UPI,Shared,7.148,2.656
RIDE000206,Private,2025-02-21 01:34,2025-02-21 02:32,Perungudi,Mahindra City,51.79,1,,488.76,Card,Standard,9.944,0.0
RIDE000207,Carpool,2025-04-24 21:56,2025-04-24 22:43,Pallavaram,SRM University,43.33,2,1.5,296.48,Cash,Shared,6.066,2.253
RIDE000208,Private,2025-04-09 22:01,2025-04-09 22:49,Adyar,Chengalpattu Bus Stand,45.27,1,,475.73,Card,Standard,8.692,0.0
RIDE000209,Carpool,2025-04-05 12:08,2025-04-05 13:05,Velachery,Mahindra City,50.38,2,1.7,328.71,Cash,Shared,7.053,2.62
RIDE000210,Carpool,2025-02-05 20:57,2025-02-05 21:49,Anna Nagar,Singaperumal Koil,53.87,3,2.7,364.8,UPI,Shared,7.542,2.801
RIDE000211,Private,2025-04-11 02:46,2025-04-11 03:27,Mylapore,SRM University,34.06,1,,347.95,Wallet,Standard,6.54,0.0
RIDE000212,Private,2025-02-23 17:54,2025-02-23 18:47,Pallavaram,Chengalpattu Bus Stand,48.47,1,,445.78,UPI,Standard,9.306,0.0
RIDE000213,Private,2025-03-30 19:40,2025-03-30 20:18,Adyar,Chengalpattu Town,34.74,1,,350.74,Wallet,Standard,6.67,0.0
RIDE000214,Private,2025-03-18 20:46,2025-03-18 21:39,Pallavaram,SRM University,46.05,1,,486.46,Card,Standard,8.842,0.0
RIDE000215,Carpool,2025-02-28 02:58,2025-02-28 03:28,Velachery,Singaperumal Koil,32.17,4,3.5,216.95,Cash,Shared,4.504,1.673
RIDE000216,Private,2025-02-19 07:14,2025-02-19 08:28,Perungudi,Mahindra City,62.43,1,,680.89,Card,Standard,11.987,0.0
RIDE000217,Private,2025-01-05 14:18,2025-01-05 15:17,T Nagar,Chengalpattu Town,56.6,1,,613.41,Cash,Standard,10.867,0.0
RIDE000218,Carpool,2025-04-06 05:34,2025-04-06 06:10,Mylapore,SRM University,32.98,4,3.5,236.48,Cash,Shared,4.617,1.715
RIDE000219,Private,2025-04-01 15:40,2025-04-01 16:16,Anna Nagar,SRM University,34.84,1,,397.52,UPI,Standard,6.689,0.0
RIDE000220,Carpool,2025-01-24 15:59,2025-01-24 17:17,Pallavaram,Chengalpattu Bus Stand,63.32,4,3.8,472.37,Card,Shared,8.865,3.292
RIDE000221,Private,2025-01-22 15:41,2025-01-22 16:33,Pallavaram,Mahindra City,44.17,1,,471.66,UPI,Standard,8.481,0.0
RIDE000222,Carpool,2025-01-16 13:08,2025-01-16 13:55,Perungudi,Singaperumal Koil,52.05,3,2.7,365.1,UPI,Shared,7.287,2.707
RIDE000223,Carpool,2025-01-27 05:29,2025-01-27 06:19,Perungudi,Chengalpattu Bus Stand,48.59,4,3.8,339.54,Card,Shared,6.803,2.526
RIDE000224,Private,2025-02-24 13:18,2025-02-24 13:56,Velachery,Chengalpattu Bus Stand,39.38,1,,429.98,Card,Standard,7.561,0.0
RIDE000225,Carpool,2025-01-02 04:55,2025-01-02 05:31,Velachery,Chengalpattu Town,34.74,3,2.9,236.39,UPI,Shared,4.864,1.806
RIDE000226,Carpool,2025-02-26 18:15,2025-02-26 19:15,OMR Sholinganallur,SRM University,63.21,4,3.4,389.51,Card,Shared,8.849,3.287
RIDE000227,Carpool,2025-03-29 04:37,2025-03-29 05:37,Tambaram,Chengalpattu Bus Stand,52.11,3,2.7,323.08,UPI,Shared,7.295,2.71
RIDE000228,Private,2025-03-19 14:44,2025-03-19 15:44,Chromepet,Mahindra City,56.59,1,,573.84,Card,Standard,10.865,0.0
RIDE000229,Private,2025-04-12 00:39,2025-04-12 01:20,Pallavaram,Singaperumal Koil,38.63,1,,395.75,Wallet,Standard,7.417,0.0
RIDE000230,Private,2025-04-29 17:10,2025-04-29 17:53,Velachery,SRM University,41.99,1,,449.36,Wallet,Standard,8.062,0.0
RIDE000231,Carpool,2025-03-27 09:39,2025-03-27 10:43,Mylapore,Mahindra City,56.05,4,3.7,391.36,Wallet,Shared,7.847,2.915
RIDE000232,Carpool,2025-02-21 18:32,2025-02-21 19:44,Anna Nagar,Singaperumal Koil,59.22,2,2.0,389.33,Cash,Shared,8.291,3.079
RIDE000233,Private,2025-04-11 08:59,2025-04-11 09:52,T Nagar,Chengalpattu Town,47.71,1,,431.83,Cash,Standard,9.16,0.0
RIDE000234,Private,2025-01-23 17:45,2025-01-23 18:42,Tambaram,Chengalpattu Bus Stand,58.43,1,,621.92,Wallet,Standard,11.219,0.0
RIDE000235,Carpool,2025-03-04 01:02,2025-03-04 01:57,Anna Nagar,Mahindra City,47.3,4,3.5,354.89,UPI,Shared,6.622,2.46
RIDE000236,Carpool,2025-01-27 23:09,2025-01-28 00:14,OMR Sholinganallur,Mahindra City,64.61,3,2.9,407.81,Card,Shared,9.045,3.36
RIDE000237,Private,2025-02-21 12:53,2025-02-21 13:40,Pallavaram,Mahindra City,45.08,1,,467.27,UPI,Standard,8.655,0.0
RIDE000238,Private,2025-02-07 16:20,2025-02-07 17:08,Chromepet,SRM University,52.23,1,,475.25,UPI,Standard,10.028,0.0
RIDE000239,Carpool,2025-03-17 06:59,2025-03-17 07:49,Chromepet,Chengalpattu Bus Stand,47.68,4,3.7,308.06,Wallet,Shared,6.675,2.48
RIDE000240,Private,2025-04-22 08:04,2025-04-22 08:45,Perungudi,Chengalpattu Bus Stand,39.82,1,,422.89,Card,Standard,7.645,0.0
RIDE000241,Carpool,2025-02-14 20:50,2025-02-14 21:32,OMR Sholinganallur,Chengalpattu Town,38.16,3,2.9,243.76,Card,Shared,5.342,1.985
RIDE000242,Private,2025-01-30 08:15,2025-01-30 08:55,Anna Nagar,Singaperumal Koil,39.46,1,,357.99,UPI,Standard,7.576,0.0
RIDE000243,Carpool,2025-01-05 14:06,2025-01-05 15:03,Adyar,Chengalpattu Bus Stand,57.65,2,1.4,361.81,Cash,Shared,8.071,2.998
RIDE000244,Carpool,2025-03-19 11:14,2025-03-19 12:15,Guindy,Chengalpattu Bus Stand,58.36,2,2.0,366.47,UPI,Shared,8.17,3.035
RIDE000245,Carpool,2025-03-16 02:54,2025-03-16 03:41,T Nagar,Chengalpattu Town,39.42,2,1.7,294.03,Wallet,Shared,5.519,2.05
RIDE000246,Private,2025-03-13 06:32,2025-03-13 07:08,Mylapore,SRM University,30.04,1,,316.93,Card,Standard,5.768,0.0
RIDE000247,Carpool,2025-04-22 08:25,2025-04-22 08:59,OMR Sholinganallur,Singaperumal Koil,30.89,3,2.7,205.0,Card,Shared,4.325,1.606
RIDE000248,Carpool,2025-04-22 04:52,2025-04-22 05:44,OMR Sholinganallur,Chengalpattu Bus Stand,48.58,2,1.5,321.05,Wallet,Shared,6.801,2.526
RIDE000249,Carpool,2025-02-13 13:04,2025-02-13 13:38,OMR Sholinganallur,Chengalpattu Town,33.08,2,1.5,231.05,Wallet,Shared,4.631,1.72
RIDE000250,Private,2025-04-16 10:27,2025-04-16 11:34,Adyar,SRM University,63.23,1,,691.16,Wallet,Standard,12.14,0.0
RIDE000251,Carpool,2025-04-08 12:16,2025-04-08 12:55,Pallavaram,Chengalpattu Town,35.46,3,2.5,232.98,Cash,Shared,4.964,1.844
RIDE000252,Carpool,2025-04-01 12:38,2025-04-01 13:31,Velachery,Chengalpattu Bus Stand,45.71,2,1.9,300.13,Wallet,Shared,6.399,2.377
RIDE000253,Carpool,2025-02-12 23:38,2025-02-13 00:21,T Nagar,SRM University,46.49,2,1.6,361.27,Wallet,Shared,6.509,2.417
RIDE000254,Carpool,2025-03-05 12:08,2025-03-05 13:09,Anna Nagar,Mahindra City,56.64,3,2.7,439.74,Wallet,Shared,7.93,2.945
RIDE000255,Carpool,2025-02-11 21:35,2025-02-11 22:33,Anna Nagar,Mahindra City,49.34,2,1.7,350.71,Card,Shared,6.908,2.565
RIDE000256,Carpool,2025-04-16 22:54,2025-04-16 23:52,Guindy,SRM University,62.21,3,2.8,391.37,Cash,Shared,8.709,3.235
RIDE000257,Private,2025-04-14 05:11,2025-04-14 05:38,Anna Nagar,Singaperumal Koil,31.04,1,,346.64,UPI,Standard,5.96,0.0
RIDE000258,Carpool,2025-03-12 14:44,2025-03-12 15:23,OMR Sholinganallur,Chengalpattu Town,42.72,3,2.6,266.08,Wallet,Shared,5.981,2.221
RIDE000259,Private,2025-03-11 01:05,2025-03-11 01:39,Adyar,Singaperumal Koil,34.49,1,,317.88,Cash,Standard,6.622,0.0
RIDE000260,Private,2025-01-20 06:44,2025-01-20 07:19,Anna Nagar,SRM University,30.02,1,,320.47,Card,Standard,5.764,0.0
RIDE000261,Private,2025-01-07 08:43,2025-01-07 09:50,Chromepet,Mahindra City,53.96,1,,522.36,UPI,Standard,10.36,0.0
RIDE000262,Carpool,2025-03-21 03:41,2025-03-21 04:47,Mylapore,SRM University,56.08,2,1.8,381.14,Card,Shared,7.851,2.916
RIDE000263,Private,2025-01-07 04:54,2025-01-07 05:43,Mylapore,Chengalpattu Bus Stand,42.46,1,,416.2,Wallet,Standard,8.152,0.0
RIDE000264,Private,2025-01-29 22:25,2025-01-29 23:30,Mylapore,Mahindra City,54.53,1,,522.91,Cash,Standard,10.47,0.0
RIDE000265,Carpool,2025-04-07 15:17,2025-04-07 16:01,Chromepet,Mahindra City,38.33,3,2.4,297.61,Wallet,Shared,5.366,1.993
RIDE000266,Carpool,2025-02-18 18:51,2025-02-18 19:44,Chromepet,Chengalpattu Bus Stand,43.15,3,2.4,306.08,Cash,Shared,6.041,2.244
RIDE000267,Carpool,2025-01-09 05:22,2025-01-09 06:05,Perungudi,SRM University,47.12,2,1.7,337.66,Card,Shared,6.597,2.45
RIDE000268,Private,2025-04-03 16:40,2025-04-03 17:22,Chromepet,Singaperumal Koil,46.77,1,,471.29,Wallet,Standard,8.98,0.0
RIDE000269,Carpool,2025-01-27 14:06,2025-01-27 15:08,Tambaram,Singaperumal Koil,54.16,3,2.4,352.57,UPI,Shared,7.582,2.817
RIDE000270,Private,2025-04-14 01:37,2025-04-14 02:51,Tambaram,SRM University,59.74,1,,596.58,UPI,Standard,11.47,0.0
RIDE000271,Carpool,2025-04-03 02:34,2025-04-03 03:44,Chromepet,SRM University,57.51,2,1.6,392.82,Wallet,Shared,8.051,2.991
RIDE000272,Carpool,2025-04-01 04:19,2025-04-01 05:11,Adyar,Mahindra City,52.51,4,4.0,327.63,Card,Shared,7.351,2.731
RIDE000273,Carpool,2025-04-15 09:13,2025-04-15 09:47,Perungudi,SRM University,34.75,3,2.9,251.3,Card,Shared,4.865,1.807
RIDE000274,Private,2025-02-02 12:30,2025-02-02 13:15,OMR Sholinganallur,Chengalpattu Bus Stand,36.63,1,,337.43,UPI,Standard,7.033,0.0
RIDE000275,Private,2025-04-18 04:34,2025-04-18 05:43,Anna Nagar,Chengalpattu Bus Stand,64.41,1,,624.27,Card,Standard,12.367,0.0
RIDE000276,Carpool,2025-03-30 06:05,2025-03-30 06:40,Guindy,Chengalpattu Town,37.25,4,3.5,284.24,Cash,Shared,5.215,1.937
RIDE000277,Private,2025-02-22 01:37,2025-02-22 02:38,OMR Sholinganallur,Chengalpattu Bus Stand,61.1,1,,618.08,Cash,Standard,11.731,0.0
RIDE000278,Private,2025-02-26 03:20,2025-02-26 04:19,OMR Sholinganallur,Singaperumal Koil,55.78,1,,580.27,Cash,Standard,10.71,0.0
RIDE000279,Private,2025-02-08 02:21,2025-02-08 03:19,Guindy,Chengalpattu Town,55.78,1,,538.25,UPI,Standard,10.71,0.0
RIDE000280,Carpool,2025-02-22 15:13,2025-02-22 16:21,Pallavaram,Chengalpattu Town,60.76,3,2.7,438.13,Cash,Shared,8.506,3.16
RIDE000281,Carpool,2025-03-27 01:11,2025-03-27 01:54,Chromepet,Mahindra City,45.9,3,2.8,314.69,Cash,Shared,6.426,2.387
RIDE000282,Private,2025-03-01 11:15,2025-03-01 12:06,Velachery,Mahindra City,43.12,1,,431.78,Card,Standard,8.279,0.0
RIDE000283,Carpool,2025-02-20 00:11,2025-02-20 00:58,Perungudi,Chengalpattu Town,42.14,3,2.6,296.59,Wallet,Shared,5.9,2.191
RIDE000284,Carpool,2025-03-26 23:19,2025-03-27 00:06,T Nagar,Chengalpattu Bus Stand,44.09,2,1.4,268.09,Cash,Shared,6.173,2.292
RIDE000285,Private,2025-03-05 08:08,2025-03-05 09:08,T Nagar,Chengalpattu Bus Stand,62.51,1,,713.57,UPI,Standard,12.002,0.0
RIDE000286,Private,2025-03-23 12:37,2025-03-23 13:15,Perungudi,Chengalpattu Town,41.26,1,,463.65,Cash,Standard,7.922,0.0
RIDE000287,Private,2025-04-07 08:06,2025-04-07 09:03,Mylapore,Mahindra City,58.99,1,,623.72,Cash,Standard,11.326,0.0
RIDE000288,Carpool,2025-04-12 20:58,2025-04-12 21:43,OMR Sholinganallur,SRM University,48.63,3,2.9,334.27,Cash,Shared,6.808,2.529
RIDE000289,Carpool,2025-02-26 00:58,2025-02-26 01:58,Pallavaram,Singaperumal Koil,55.2,4,3.6,341.08,UPI,Shared,7.728,2.87
RIDE000290,Private,2025-03-16 16:17,2025-03-16 17:18,Chromepet,Singaperumal Koil,64.23,1,,621.28,Card,Standard,12.332,0.0
RIDE000291,Private,2025-03-10 09:21,2025-03-10 10:29,Velachery,Mahindra City,58.6,1,,583.59,UPI,Standard,11.251,0.0
RIDE000292,Private,2025-02-13 08:21,2025-02-13 09:17,Anna Nagar,Mahindra City,46.78,1,,435.29,Cash,Standard,8.982,0.0
RIDE000293,Carpool,2025-03-02 00:38,2025-03-02 01:15,Tambaram,SRM University,37.16,4,3.8,286.57,UPI,Shared,5.202,1.933
RIDE000294,Carpool,2025-04-12 12:07,2025-04-12 12:46,Tambaram,SRM University,41.59,4,3.7,286.39,Wallet,Shared,5.823,2.162
RIDE000295,Private,2025-01-03 16:30,2025-01-03 17:11,Anna Nagar,SRM University,45.07,1,,423.62,Cash,Standard,8.653,0.0
RIDE000296,Carpool,2025-03-25 03:53,2025-03-25 04:42,Mylapore,Chengalpattu Bus Stand,44.55,4,3.7,276.94,UPI,Shared,6.237,2.317
RIDE000297,Carpool,2025-01-14 20:29,2025-01-14 21:21,Perungudi,SRM University,48.21,3,2.7,319.39,Cash,Shared,6.749,2.507
RIDE000298,Private,2025-03-25 11:15,2025-03-25 12:22,T Nagar,Mahindra City,56.41,1,,508.86,Card,Standard,10.831,0.0
RIDE000299,Private,2025-03-19 01:48,2025-03-19 02:38,Mylapore,Singaperumal Koil,54.21,1,,526.94,UPI,Standard,10.408,0.0
RIDE000300,Carpool,2025-04-21 04:29,2025-04-21 05:17,Velachery,Mahindra City,42.69,4,3.8,323.28,Cash,Shared,5.977,2.219
RIDE000301,Private,2025-01-22 06:15,2025-01-22 07:06,Chromepet,Chengalpattu Town,48.64,1,,449.4,UPI,Standard,9.339,0.0
RIDE000302,Private,2025-02-27 02:41,2025-02-27 03:25,Chromepet,Chengalpattu Town,41.35,1,,461.83,Wallet,Standard,7.939,0.0
RIDE000303,Carpool,2025-01-01 19:59,2025-01-01 21:03,Guindy,Mahindra City,55.04,2,1.9,368.52,UPI,Shared,7.706,2.862
RIDE000304,Private,2025-04-14 22:41,2025-04-14 23:13,OMR Sholinganallur,Chengalpattu Town,34.64,1,,331.52,Wallet,Standard,6.651,0.0
RIDE000305,Private,2025-04-08 12:47,2025-04-08 14:02,Mylapore,Singaperumal Koil,62.66,1,,658.81,UPI,Standard,12.031,0.0
RIDE000306,Private,2025-02-22 13:31,2025-02-22 14:18,Pallavaram,SRM University,42.79,1,,426.33,Cash,Standard,8.216,0.0
RIDE000307,Carpool,2025-03-25 00:21,2025-03-25 00:59,Pallavaram,Chengalpattu Bus Stand,35.33,4,3.9,257.02,Card,Shared,4.946,1.837
RIDE000308,Private,2025-01-17 08:03,2025-01-17 08:59,Pallavaram,Chengalpattu Bus Stand,51.79,1,,534.13,Cash,Standard,9.944,0.0
RIDE000309,Private,2025-04-02 16:11,2025-04-02 16:59,Guindy,Chengalpattu Bus Stand,45.44,1,,498.53,Cash,Standard,8.724,0.0
RIDE000310,Private,2025-01-08 03:22,2025-01-08 04:31,Perungudi,SRM University,58.6,1,,608.48,Card,Standard,11.251,0.0
RIDE000311,Carpool,2025-04-16 17:43,2025-04-16 18:13,Mylapore,SRM University,34.0,4,3.7,214.83,Card,Shared,4.76,1.768
RIDE000312,Private,2025-03-10 06:58,2025-03-10 08:12,Tambaram,Singaperumal Koil,63.99,1,,699.05,Cash,Standard,12.286,0.0
RIDE000313,Private,2025-01-24 05:54,2025-01-24 06:43,Velachery,Singaperumal Koil,47.99,1,,504.3,Card,Standard,9.214,0.0
RIDE000314,Carpool,2025-03-18 22:54,2025-03-18 23:40,Velachery,Mahindra City,48.89,3,2.8,368.11,Card,Shared,6.845,2.542
RIDE000315,Carpool,2025-02-12 03:30,2025-02-12 04:07,T Nagar,SRM University,34.6,4,3.8,234.44,Card,Shared,4.844,1.799
RIDE000316,Carpool,2025-01-12 15:03,2025-01-12 15:41,Perungudi,Singaperumal Koil,34.74,2,1.5,232.63,Card,Shared,4.864,1.806
RIDE000317,Private,2025-01-08 05:54,2025-01-08 06:40,OMR Sholinganallur,SRM University,48.16,1,,470.8,Card,Standard,9.247,0.0
RIDE000318,Private,2025-02-19 06:54,2025-02-19 07:35,Mylapore,SRM University,40.69,1,,384.24,Wallet,Standard,7.812,0.0
RIDE000319,Private,2025-04-17 10:36,2025-04-17 11:13,Tambaram,Chengalpattu Town,37.48,1,,343.17,Wallet,Standard,7.196,0.0
RIDE000320,Carpool,2025-02-09 07:00,2025-02-09 08:11,Pallavaram,Chengalpattu Bus Stand,57.69,2,1.5,410.01,Wallet,Shared,8.077,2.999
RIDE000321,Private,2025-03-11 05:04,2025-03-11 06:00,Chromepet,Chengalpattu Town,60.04,1,,614.06,Cash,Standard,11.528,0.0
RIDE000322,Carpool,2025-03-02 18:07,2025-03-02 19:03,Adyar,Chengalpattu Town,60.8,2,1.4,470.99,Card,Shared,8.512,3.162
RIDE000323,Carpool,2025-03-11 23:58,2025-03-12 01:03,Tambaram,SRM University,63.01,3,2.4,424.37,Card,Shared,8.821,3.277
RIDE000324,Private,2025-03-05 17:45,2025-03-05 18:18,OMR Sholinganallur,Chengalpattu Town,37.56,1,,410.95,UPI,Standard,7.212,0.0
RIDE000325,Carpool,2025-03-05 16:48,2025-03-05 17:33,Mylapore,Mahindra City,39.24,4,3.8,275.78,UPI,Shared,5.494,2.04
RIDE000326,Private,2025-02-23 18:05,2025-02-23 18:59,Adyar,Chengalpattu Town,60.66,1,,621.31,Card,Standard,11.647,0.0
RIDE000327,Private,2025-01-16 13:57,2025-01-16 15:02,Pallavaram,Chengalpattu Town,61.67,1,,685.52,UPI,Standard,11.841,0.0
RIDE000328,Private,2025-03-26 16:05,2025-03-26 16:48,OMR Sholinganallur,Mahindra City,42.34,1,,476.4,Card,Standard,8.129,0.0
RIDE000329,Private,2025-01-19 11:02,2025-01-19 11:36,Adyar,Chengalpattu Bus Stand,33.39,1,,334.1,UPI,Standard,6.411,0.0
RIDE000330,Private,2025-01-03 18:46,2025-01-03 19:23,Mylapore,SRM University,40.26,1,,420.81,Card,Standard,7.73,0.0
RIDE000331,Private,2025-01-07 12:21,2025-01-07 13:33,Velachery,SRM University,61.86,1,,598.84,UPI,Standard,11.877,0.0
RIDE000332,Private,2025-03-23 00:31,2025-03-23 01:21,Tambaram,Singaperumal Koil,53.76,1,,560.35,Cash,Standard,10.322,0.0
RIDE000333,Private,2025-03-11 02:25,2025-03-11 03:08,OMR Sholinganallur,Singaperumal Koil,46.21,1,,499.81,Cash,Standard,8.872,0.0
RIDE000334,Private,2025-04-07 10:56,2025-04-07 11:36,Guindy,Chengalpattu Bus Stand,34.8,1,,362.01,Wallet,Standard,6.682,0.0
RIDE000335,Private,2025-01-13 04:23,2025-01-13 05:37,Anna Nagar,Chengalpattu Town,60.11,1,,629.95,Cash,Standard,11.541,0.0
RIDE000336,Carpool,2025-01-20 07:49,2025-01-20 08:44,OMR Sholinganallur,Mahindra City,45.21,4,3.9,293.86,UPI,Shared,6.329,2.351
RIDE000337,Carpool,2025-03-03 15:38,2025-03-03 16:38,Chromepet,Singaperumal Koil,57.0,2,1.9,396.24,Cash,Shared,7.98,2.964
RIDE000338,Private,2025-02-11 02:47,2025-02-11 03:16,Mylapore,SRM University,32.39,1,,372.39,UPI,Standard,6.219,0.0
RIDE000339,Private,2025-01-06 23:49,2025-01-07 00:28,T Nagar,SRM University,34.46,1,,343.87,Card,Standard,6.616,0.0
RIDE000340,Carpool,2025-04-04 13:32,2025-04-04 14:06,T Nagar,Singaperumal Koil,37.42,3,2.6,265.62,Wallet,Shared,5.239,1.946
RIDE000341,Private,2025-02-04 21:27,2025-02-04 22:12,Velachery,Chengalpattu Bus Stand,41.36,1,,379.22,Wallet,Standard,7.941,0.0
RIDE000342,Carpool,2025-03-12 02:01,2025-03-12 03:07,OMR Sholinganallur,Chengalpattu Bus Stand,53.64,4,3.9,398.43,Cash,Shared,7.51,2.789
RIDE000343,Private,2025-03-23 18:06,2025-03-23 18:34,Adyar,Chengalpattu Town,30.27,1,,296.15,Wallet,Standard,5.812,0.0
RIDE000344,Private,2025-04-21 18:43,2025-04-21 19:18,Velachery,Mahindra City,31.18,1,,282.46,Card,Standard,5.987,0.0
RIDE000345,Carpool,2025-03-18 02:47,2025-03-18 03:51,Velachery,Singaperumal Koil,57.45,3,2.4,424.99,Card,Shared,8.043,2.987
RIDE000346,Private,2025-03-15 01:34,2025-03-15 02:31,Guindy,SRM University,61.98,1,,590.92,Card,Standard,11.9,0.0
RIDE000347,Private,2025-02-01 04:30,2025-02-01 05:15,Adyar,Singaperumal Koil,43.06,1,,394.34,UPI,Standard,8.268,0.0
RIDE000348,Carpool,2025-03-04 06:47,2025-03-04 07:41,OMR Sholinganallur,SRM University,47.21,2,1.7,325.09,Wallet,Shared,6.609,2.455
RIDE000349,Carpool,2025-02-16 03:47,2025-02-16 04:45,Perungudi,Chengalpattu Bus Stand,52.59,4,3.7,329.91,UPI,Shared,7.363,2.734
RIDE000350,Carpool,2025-02-15 19:53,2025-02-15 20:42,Adyar,Singaperumal Koil,47.14,2,1.6,360.8,Cash,Shared,6.6,2.451
RIDE000351,Carpool,2025-03-03 17:40,2025-03-03 18:39,Perungudi,Chengalpattu Bus Stand,57.85,4,3.4,412.44,UPI,Shared,8.099,3.008
RIDE000352,Carpool,2025-04-12 19:55,2025-04-12 20:35,Guindy,Mahindra City,43.42,2,1.8,337.77,Wallet,Shared,6.079,2.258
RIDE000353,Carpool,2025-04-24 13:31,2025-04-24 14:27,Chromepet,Mahindra City,58.76,2,1.4,354.38,Cash,Shared,8.226,3.056
RIDE000354,Carpool,2025-01-30 04:35,2025-01-30 05:35,Mylapore,Singaperumal Koil,53.76,4,3.6,330.05,Card,Shared,7.526,2.796
RIDE000355,Private,2025-03-18 18:11,2025-03-18 18:59,Anna Nagar,SRM University,53.67,1,,578.6,Card,Standard,10.305,0.0
RIDE000356,Carpool,2025-03-08 23:14,2025-03-09 00:17,Tambaram,Chengalpattu Town,59.08,3,2.9,371.51,Cash,Shared,8.271,3.072
RIDE000357,Carpool,2025-03-26 12:05,2025-03-26 12:47,Pallavaram,Chengalpattu Town,41.37,3,2.6,318.8,Card,Shared,5.792,2.151
RIDE000358,Carpool,2025-01-18 12:19,2025-01-18 13:20,Adyar,Chengalpattu Town,50.46,4,3.5,318.48,Cash,Shared,7.064,2.624
RIDE000359,Private,2025-03-28 02:50,2025-03-28 03:45,Tambaram,Chengalpattu Bus Stand,50.42,1,,486.03,Cash,Standard,9.681,0.0
RIDE000360,Private,2025-02-03 20:56,2025-02-03 22:00,Guindy,Mahindra City,64.05,1,,654.85,Wallet,Standard,12.298,0.0
RIDE000361,Carpool,2025-02-25 01:28,2025-02-25 02:37,Velachery,Singaperumal Koil,56.98,3,2.6,361.86,Card,Shared,7.977,2.963
RIDE000362,Carpool,2025-02-22 19:57,2025-02-22 20:38,Adyar,Mahindra City,34.7,4,3.5,209.17,Cash,Shared,4.858,1.804
RIDE000363,Private,2025-03-17 23:20,2025-03-18 00:34,Tambaram,Singaperumal Koil,63.21,1,,590.47,Card,Standard,12.136,0.0
RIDE000364,Carpool,2025-02-16 23:31,2025-02-17 00:37,Adyar,Singaperumal Koil,57.75,3,2.4,442.31,Cash,Shared,8.085,3.003
RIDE000365,Carpool,2025-02-26 20:10,2025-02-26 21:21,T Nagar,Mahindra City,62.39,4,3.7,434.53,Card,Shared,8.735,3.244
RIDE000366,Private,2025-02-21 20:50,2025-02-21 21:45,Mylapore,SRM University,61.29,1,,614.86,UPI,Standard,11.768,0.0
RIDE000367,Carpool,2025-03-03 12:02,2025-03-03 12:58,T Nagar,Singaperumal Koil,51.28,3,3.0,347.02,Wallet,Shared,7.179,2.667
RIDE000368,Private,2025-03-31 20:44,2025-03-31 21:36,Perungudi,Chengalpattu Town,56.2,1,,634.13,Wallet,Standard,10.79,0.0
RIDE000369,Private,2025-02-13 23:01,2025-02-13 23:47,Anna Nagar,Chengalpattu Town,48.22,1,,517.56,Card,Standard,9.258,0.0
RIDE000370,Private,2025-02-12 14:17,2025-02-12 15:14,Perungudi,Chengalpattu Town,48.77,1,,534.8,Wallet,Standard,9.364,0.0
RIDE000371,Carpool,2025-01-23 18:46,2025-01-23 19:42,Adyar,Chengalpattu Bus Stand,61.87,2,1.9,413.52,Card,Shared,8.662,3.217
RIDE000372,Carpool,2025-03-15 20:26,2025-03-15 21:27,Anna Nagar,Chengalpattu Bus Stand,55.51,2,1.9,355.38,Cash,Shared,7.771,2.887
RIDE000373,Carpool,2025-01-06 15:59,2025-01-06 17:03,Anna Nagar,SRM University,52.73,4,3.4,389.3,Wallet,Shared,7.382,2.742
RIDE000374,Private,2025-02-05 07:30,2025-02-05 08:28,Guindy,SRM University,60.09,1,,549.97,UPI,Standard,11.537,0.0
RIDE000375,Private,2025-02-26 15:57,2025-02-26 16:33,Guindy,Mahindra City,36.89,1,,400.07,Wallet,Standard,7.083,0.0
RIDE000376,Private,2025-01-11 03:43,2025-01-11 04:48,Pallavaram,SRM University,63.32,1,,659.88,Wallet,Standard,12.157,0.0
RIDE000377,Carpool,2025-01-09 05:53,2025-01-09 06:38,Perungudi,Chengalpattu Bus Stand,36.84,4,3.6,271.8,Card,Shared,5.158,1.915
RIDE000378,Carpool,2025-01-27 06:11,2025-01-27 06:58,T Nagar,Chengalpattu Town,52.05,4,3.9,398.54,Wallet,Shared,7.287,2.707
RIDE000379,Carpool,2025-04-07 22:05,2025-04-07 22:38,Anna Nagar,Chengalpattu Bus Stand,36.58,3,2.5,277.4,Card,Shared,5.121,1.902
RIDE000380,Carpool,2025-01-08 14:09,2025-01-08 15:04,Anna Nagar,Chengalpattu Town,48.33,3,2.5,322.72,Wallet,Shared,6.766,2.513
RIDE000381,Private,2025-03-24 01:50,2025-03-24 02:53,Mylapore,Mahindra City,53.27,1,,498.87,UPI,Standard,10.228,0.0
RIDE000382,Carpool,2025-03-14 01:47,2025-03-14 02:42,Anna Nagar,SRM University,44.48,4,3.6,345.75,Wallet,Shared,6.227,2.313
RIDE000383,Carpool,2025-01-01 10:31,2025-01-01 11:07,Perungudi,Mahindra City,39.45,3,2.6,285.18,Wallet,Shared,5.523,2.051
RIDE000384,Private,2025-01-30 22:05,2025-01-30 22:38,T Nagar,Singaperumal Koil,35.32,1,,350.75,Cash,Standard,6.781,0.0
RIDE000385,Private,2025-01-05 10:56,2025-01-05 11:33,Adyar,Chengalpattu Town,35.84,1,,388.77,UPI,Standard,6.881,0.0
RIDE000386,Private,2025-04-21 15:58,2025-04-21 17:12,Tambaram,SRM University,63.53,1,,623.15,UPI,Standard,12.198,0.0
RIDE000387,Carpool,2025-01-23 22:11,2025-01-23 23:14,Chromepet,Mahindra City,52.12,3,2.8,365.56,UPI,Shared,7.297,2.71
RIDE000388,Private,2025-03-30 08:30,2025-03-30 09:27,Chromepet,Chengalpattu Town,58.83,1,,672.92,Wallet,Standard,11.295,0.0
RIDE000389,Carpool,2025-03-10 16:53,2025-03-10 17:58,Chromepet,Chengalpattu Bus Stand,60.12,3,2.8,436.32,Card,Shared,8.417,3.126
RIDE000390,Private,2025-04-07 11:16,2025-04-07 12:00,Mylapore,Singaperumal Koil,43.11,1,,463.72,UPI,Standard,8.277,0.0
RIDE000391,Carpool,2025-02-26 04:32,2025-02-26 05:09,Adyar,Singaperumal Koil,37.85,2,1.8,247.62,Wallet,Shared,5.299,1.968
RIDE000392,Carpool,2025-04-03 14:21,2025-04-03 14:58,Tambaram,Chengalpattu Town,35.43,3,2.7,215.85,Cash,Shared,4.96,1.843
RIDE000393,Carpool,2025-03-06 18:10,2025-03-06 19:05,OMR Sholinganallur,Chengalpattu Bus Stand,50.55,2,1.7,391.91,UPI,Shared,7.077,2.629
RIDE000394,Private,2025-01-22 00:43,2025-01-22 01:35,Mylapore,SRM University,50.65,1,,456.95,Wallet,Standard,9.725,0.0
RIDE000395,Carpool,2025-04-23 14:56,2025-04-23 15:49,Guindy,Chengalpattu Town,59.34,3,2.5,413.26,Cash,Shared,8.308,3.085
RIDE000396,Private,2025-02-19 10:52,2025-02-19 11:44,Adyar,Chengalpattu Town,44.93,1,,482.26,Cash,Standard,8.627,0.0
RIDE000397,Carpool,2025-03-14 08:50,2025-03-14 10:01,Pallavaram,Singaperumal Koil,61.6,2,1.9,450.89,Card,Shared,8.624,3.203
RIDE000398,Carpool,2025-04-18 19:21,2025-04-18 20:01,Tambaram,Singaperumal Koil,33.81,3,2.9,234.27,Card,Shared,4.733,1.759
RIDE000399,Carpool,2025-01-28 16:48,2025-01-28 17:49,Chromepet,Mahindra City,63.98,2,1.7,480.78,Wallet,Shared,8.957,3.327
RIDE000400,Private,2025-03-08 11:03,2025-03-08 12:15,Perungudi,Chengalpattu Town,63.67,1,,614.71,Cash,Standard,12.225,0.0
RIDE000401,Private,2025-01-20 19:12,2025-01-20 20:23,Pallavaram,Chengalpattu Town,61.16,1,,677.31,Cash,Standard,11.743,0.0
RIDE000402,Carpool,2025-03-26 11:10,2025-03-26 12:21,Mylapore,Chengalpattu Town,60.14,3,3.0,411.09,Wallet,Shared,8.42,3.127
RIDE000403,Carpool,2025-03-24 20:30,2025-03-24 21:42,Mylapore,Chengalpattu Town,61.67,4,3.7,440.57,UPI,Shared,8.634,3.207
RIDE000404,Carpool,2025-01-28 05:45,2025-01-28 06:44,Perungudi,Chengalpattu Bus Stand,48.1,2,1.9,300.15,UPI,Shared,6.734,2.501
RIDE000405,Private,2025-04-21 09:12,2025-04-21 09:58,T Nagar,Mahindra City,48.38,1,,493.72,Card,Standard,9.289,0.0
RIDE000406,Private,2025-04-28 04:39,2025-04-28 05:54,Anna Nagar,Chengalpattu Bus Stand,61.47,1,,634.03,Wallet,Standard,11.802,0.0
RIDE000407,Private,2025-04-06 17:37,2025-04-06 18:24,Pallavaram,SRM University,41.3,1,,422.74,UPI,Standard,7.93,0.0
RIDE000408,Carpool,2025-03-30 08:51,2025-03-30 09:24,Guindy,Singaperumal Koil,34.63,4,3.4,228.44,Cash,Shared,4.848,1.801
RIDE000409,Carpool,2025-01-15 13:41,2025-01-15 14:38,Pallavaram,Mahindra City,61.72,3,2.8,436.19,Cash,Shared,8.641,3.209
RIDE000410,Private,2025-03-13 08:24,2025-03-13 09:18,Guindy,Singaperumal Koil,59.49,1,,576.33,Wallet,Standard,11.422,0.0
RIDE000411,Carpool,2025-01-16 09:34,2025-01-16 10:05,Velachery,Singaperumal Koil,33.93,4,3.5,261.28,Cash,Shared,4.75,1.765
RIDE000412,Carpool,2025-01-02 22:03,2025-01-02 23:00,OMR Sholinganallur,Mahindra City,61.81,3,2.7,456.56,UPI,Shared,8.653,3.215
RIDE000413,Private,2025-04-08 05:29,2025-04-08 06:47,Guindy,Chengalpattu Bus Stand,64.6,1,,721.27,UPI,Standard,12.403,0.0
RIDE000414,Private,2025-04-06 11:09,2025-04-06 11:57,Guindy,Chengalpattu Town,49.47,1,,568.62,Card,Standard,9.498,0.0
RIDE000415,Carpool,2025-04-08 08:21,2025-04-08 09:12,Mylapore,Mahindra City,52.03,3,2.7,338.78,Card,Shared,7.284,2.706
RIDE000416,Private,2025-03-16 08:06,2025-03-16 08:47,Chromepet,Chengalpattu Town,34.27,1,,348.3,Wallet,Standard,6.58,0.0
RIDE000417,Carpool,2025-03-06 17:52,2025-03-06 18:55,Mylapore,Singaperumal Koil,62.37,3,2.5,463.7,Wallet,Shared,8.732,3.243
RIDE000418,Private,2025-02-06 06:49,2025-02-06 08:00,OMR Sholinganallur,Mahindra City,57.59,1,,573.39,Wallet,Standard,11.057,0.0
RIDE000419,Private,2025-03-29 01:59,2025-03-29 02:43,Anna Nagar,SRM University,42.43,1,,443.26,Card,Standard,8.147,0.0
RIDE000420,Private,2025-04-13 10:37,2025-04-13 11:36,Guindy,Chengalpattu Town,63.07,1,,688.97,Cash,Standard,12.109,0.0
RIDE000421,Carpool,2025-03-05 12:32,2025-03-05 13:16,OMR Sholinganallur,Singaperumal Koil,37.39,2,1.9,263.97,Wallet,Shared,5.235,1.944
RIDE000422,Carpool,2025-02-17 10:06,2025-02-17 11:12,Velachery,Chengalpattu Bus Stand,57.82,3,2.9,396.58,Card,Shared,8.095,3.006
RIDE000423,Carpool,2025-02-11 19:29,2025-02-11 20:37,Anna Nagar,Mahindra City,58.13,3,3.0,405.53,Cash,Shared,8.138,3.023
RIDE000424,Carpool,2025-02-20 16:37,2025-02-20 17:40,Perungudi,Chengalpattu Town,57.03,2,1.7,423.4,Wallet,Shared,7.984,2.966
RIDE000425,Carpool,2025-04-10 21:51,2025-04-10 22:27,OMR Sholinganallur,Singaperumal Koil,33.09,3,3.0,201.48,Cash,Shared,4.633,1.72
RIDE000426,Private,2025-01-24 08:16,2025-01-24 08:55,T Nagar,Singaperumal Koil,36.33,1,,404.44,Wallet,Standard,6.975,0.0
RIDE000427,Private,2025-04-09 04:09,2025-04-09 05:14,Pallavaram,Mahindra City,62.93,1,,711.83,UPI,Standard,12.083,0.0
RIDE000428,Private,2025-03-23 14:29,2025-03-23 15:25,Pallavaram,Singaperumal Koil,57.39,1,,598.16,Card,Standard,11.019,0.0
RIDE000429,Private,2025-03-21 18:17,2025-03-21 18:47,Pallavaram,Chengalpattu Town,33.74,1,,365.42,Card,Standard,6.478,0.0
RIDE000430,Private,2025-04-04 22:11,2025-04-04 22:39,Adyar,SRM University,30.9,1,,353.0,Wallet,Standard,5.933,0.0
RIDE000431,Carpool,2025-03-01 19:04,2025-03-01 19:40,Tambaram,Singaperumal Koil,31.14,2,1.4,219.29,Card,Shared,4.36,1.619
RIDE000432,Private,2025-04-24 18:12,2025-04-24 18:54,Mylapore,Chengalpattu Bus Stand,35.9,1,,370.6,Card,Standard,6.893,0.0
RIDE000433,Carpool,2025-02-02 23:21,2025-02-03 00:13,Adyar,Chengalpattu Town,44.24,4,3.8,298.52,Wallet,Shared,6.194,2.3
RIDE000434,Carpool,2025-01-07 15:21,2025-01-07 16:33,Guindy,Singaperumal Koil,61.54,2,1.9,449.61,Cash,Shared,8.616,3.2
RIDE000435,Private,2025-01-24 11:24,2025-01-24 12:08,Pallavaram,Chengalpattu Bus Stand,36.04,1,,346.85,UPI,Standard,6.92,0.0
RIDE000436,Carpool,2025-02-24 19:30,2025-02-24 20:34,Tambaram,SRM University,51.74,2,1.6,359.25,UPI,Shared,7.244,2.69
RIDE000437,Carpool,2025-04-18 15:39,2025-04-18 16:08,Perungudi,Chengalpattu Bus Stand,30.81,3,2.4,202.69,Cash,Shared,4.313,1.603
RIDE000438,Carpool,2025-03-11 02:47,2025-03-11 03:31,T Nagar,Singaperumal Koil,45.14,3,2.4,332.85,Cash,Shared,6.32,2.347
RIDE000439,Carpool,2025-02-06 09:13,2025-02-06 10:16,Mylapore,Mahindra City,61.52,2,1.6,387.21,Card,Shared,8.613,3.199
RIDE000440,Carpool,2025-01-23 05:41,2025-01-23 06:23,Velachery,Chengalpattu Bus Stand,35.7,4,3.6,220.93,Cash,Shared,4.998,1.856
RIDE000441,Private,2025-04-16 21:09,2025-04-16 22:22,Chromepet,Chengalpattu Bus Stand,58.96,1,,544.52,Card,Standard,11.32,0.0
RIDE000442,Carpool,2025-02-19 13:49,2025-02-19 14:34,Guindy,SRM University,36.2,2,1.5,257.22,UPI,Shared,5.068,1.882
RIDE000443,Carpool,2025-03-28 19:40,2025-03-28 20:22,Guindy,SRM University,40.34,2,1.7,264.01,Card,Shared,5.648,2.097
RIDE000444,Private,2025-01-21 17:01,2025-01-21 17:35,Perungudi,Chengalpattu Bus Stand,30.19,1,,279.83,Cash,Standard,5.796,0.0
RIDE000445,Carpool,2025-01-23 11:35,2025-01-23 12:28,Perungudi,Chengalpattu Bus Stand,46.15,2,1.5,292.21,Card,Shared,6.461,2.4
RIDE000446,Private,2025-01-15 11:18,2025-01-15 12:00,Guindy,Mahindra City,42.22,1,,427.75,Cash,Standard,8.106,0.0
RIDE000447,Carpool,2025-01-18 00:24,2025-01-18 01:00,T Nagar,Chengalpattu Town,38.05,2,1.7,274.36,Wallet,Shared,5.327,1.979
RIDE000448,Private,2025-03-19 01:52,2025-03-19 02:41,Pallavaram,SRM University,41.81,1,,452.32,Card,Standard,8.028,0.0
RIDE000449,Carpool,2025-02-13 11:50,2025-02-13 12:47,Velachery,Chengalpattu Town,47.97,4,3.6,356.19,Wallet,Shared,6.716,2.494
RIDE000450,Private,2025-02-03 12:21,2025-02-03 13:10,Guindy,Mahindra City,41.44,1,,473.6,Wallet,Standard,7.956,0.0
RIDE000451,Private,2025-01-31 02:08,2025-01-31 02:46,Perungudi,Chengalpattu Bus Stand,31.62,1,,312.5,Card,Standard,6.071,0.0
RIDE000452,Carpool,2025-04-02 14:52,2025-04-02 15:39,Pallavaram,Chengalpattu Town,45.34,3,2.7,337.53,Cash,Shared,6.348,2.357
RIDE000453,Private,2025-03-02 07:10,2025-03-02 08:17,Guindy,Chengalpattu Bus Stand,60.76,1,,680.99,Card,Standard,11.666,0.0
RIDE000454,Private,2025-04-17 15:20,2025-04-17 15:57,Mylapore,Chengalpattu Town,34.68,1,,340.15,Cash,Standard,6.659,0.0
RIDE000455,Carpool,2025-04-17 16:35,2025-04-17 17:23,Chromepet,Chengalpattu Town,40.16,3,2.6,307.16,Wallet,Shared,5.622,2.089
RIDE000456,Private,2025-01-30 18:52,2025-01-30 19:34,Velachery,Singaperumal Koil,43.03,1,,426.09,Cash,Standard,8.262,0.0
RIDE000457,Carpool,2025-04-23 01:12,2025-04-23 01:57,Perungudi,Chengalpattu Town,44.85,2,1.9,288.17,Wallet,Shared,6.279,2.332
RIDE000458,Carpool,2025-02-23 21:47,2025-02-23 22:38,Guindy,Singaperumal Koil,52.96,2,1.8,395.5,UPI,Shared,7.414,2.754
RIDE000459,Carpool,2025-02-09 11:08,2025-02-09 12:10,Pallavaram,Chengalpattu Town,63.47,3,2.7,441.21,Wallet,Shared,8.886,3.3
RIDE000460,Carpool,2025-01-14 05:11,2025-01-14 05:58,T Nagar,Mahindra City,42.6,3,2.9,277.9,Wallet,Shared,5.964,2.215
RIDE000461,Carpool,2025-03-26 05:58,2025-03-26 07:08,Mylapore,Chengalpattu Bus Stand,59.57,2,2.0,377.79,Card,Shared,8.34,3.097
RIDE000462,Private,2025-01-26 06:21,2025-01-26 07:01,Tambaram,Chengalpattu Bus Stand,39.81,1,,382.08,UPI,Standard,7.644,0.0
RIDE000463,Private,2025-04-10 13:54,2025-04-10 14:49,OMR Sholinganallur,SRM University,53.73,1,,510.94,UPI,Standard,10.316,0.0
RIDE000464,Carpool,2025-03-06 03:51,2025-03-06 04:43,OMR Sholinganallur,SRM University,48.05,2,1.5,362.15,Cash,Shared,6.727,2.499
RIDE000465,Carpool,2025-02-23 16:12,2025-02-23 17:16,Pallavaram,Chengalpattu Bus Stand,61.6,3,2.6,446.21,Card,Shared,8.624,3.203
RIDE000466,Carpool,2025-04-15 04:40,2025-04-15 05:48,Adyar,Chengalpattu Bus Stand,62.67,3,2.8,472.8,Wallet,Shared,8.774,3.259
RIDE000467,Private,2025-01-16 08:25,2025-01-16 09:06,T Nagar,Chengalpattu Bus Stand,36.36,1,,335.0,Wallet,Standard,6.981,0.0
RIDE000468,Private,2025-01-27 17:08,2025-01-27 18:03,Chromepet,Chengalpattu Town,50.66,1,,581.84,Card,Standard,9.727,0.0
RIDE000469,Carpool,2025-01-25 16:49,2025-01-25 17:48,Mylapore,Mahindra City,48.93,2,1.7,295.12,Card,Shared,6.85,2.545
RIDE000470,Carpool,2025-02-08 04:52,2025-02-08 05:41,Pallavaram,Mahindra City,42.21,3,2.9,313.44,UPI,Shared,5.909,2.195
RIDE000471,Carpool,2025-03-12 17:39,2025-03-12 18:53,Tambaram,Chengalpattu Bus Stand,60.42,3,2.7,435.99,Cash,Shared,8.459,3.142
RIDE000472,Carpool,2025-04-22 00:32,2025-04-22 01:07,Guindy,Singaperumal Koil,36.76,4,3.9,235.97,Wallet,Shared,5.146,1.912
RIDE000473,Private,2025-04-26 01:00,2025-04-26 01:49,Anna Nagar,Singaperumal Koil,45.99,1,,422.31,Card,Standard,8.83,0.0
RIDE000474,Private,2025-04-27 19:44,2025-04-27 20:51,Mylapore,SRM University,58.22,1,,582.86,UPI,Standard,11.178,0.0
RIDE000475,Private,2025-04-02 04:02,2025-04-02 04:59,Chromepet,Mahindra City,61.09,1,,576.41,UPI,Standard,11.729,0.0
RIDE000476,Carpool,2025-04-26 11:03,2025-04-26 11:34,Pallavaram,SRM University,33.38,4,3.7,251.16,Wallet,Shared,4.673,1.736
RIDE000477,Private,2025-01-02 18:08,2025-01-02 18:49,Guindy,Chengalpattu Bus Stand,41.32,1,,444.8,Card,Standard,7.933,0.0
RIDE000478,Private,2025-02-23 16:30,2025-02-23 17:09,Anna Nagar,Chengalpattu Town,34.56,1,,369.37,UPI,Standard,6.636,0.0
RIDE000479,Private,2025-04-19 23:27,2025-04-20 00:03,Perungudi,Singaperumal Koil,30.71,1,,331.67,Wallet,Standard,5.896,0.0
RIDE000480,Private,2025-03-10 07:09,2025-03-10 08:15,Pallavaram,SRM University,62.76,1,,705.14,Card,Standard,12.05,0.0
RIDE000481,Private,2025-04-14 09:52,2025-04-14 10:56,T Nagar,SRM University,63.84,1,,641.26,Cash,Standard,12.257,0.0
RIDE000482,Carpool,2025-02-20 10:03,2025-02-20 11:17,Mylapore,Mahindra City,63.36,3,2.8,415.81,Cash,Shared,8.87,3.295
RIDE000483,Carpool,2025-01-24 08:50,2025-01-24 09:31,OMR Sholinganallur,Chengalpattu Bus Stand,38.45,4,3.5,246.68,Cash,Shared,5.383,1.999
RIDE000484,Private,2025-02-25 15:12,2025-02-25 16:20,Mylapore,SRM University,63.38,1,,673.67,Card,Standard,12.169,0.0
RIDE000485,Carpool,2025-02-21 15:51,2025-02-21 16:51,T Nagar,Mahindra City,60.52,4,3.8,464.43,Cash,Shared,8.473,3.147
RIDE000486,Private,2025-04-09 01:49,2025-04-09 02:49,Pallavaram,SRM University,51.14,1,,584.65,UPI,Standard,9.819,0.0
RIDE000487,Carpool,2025-02-24 07:07,2025-02-24 07:49,Chromepet,Singaperumal Koil,47.35,2,1.6,292.65,Card,Shared,6.629,2.462
RIDE000488,Carpool,2025-02-03 13:26,2025-02-03 14:13,Chromepet,Singaperumal Koil,49.38,3,2.6,376.86,UPI,Shared,6.913,2.568
RIDE000489,Private,2025-02-16 04:36,2025-02-16 05:19,T Nagar,Chengalpattu Town,44.19,1,,449.7,UPI,Standard,8.484,0.0
RIDE000490,Carpool,2025-04-11 13:51,2025-04-11 14:22,Pallavaram,Singaperumal Koil,32.93,2,1.6,250.03,Wallet,Shared,4.61,1.713
RIDE000491,Carpool,2025-02-18 16:01,2025-02-18 17:04,Velachery,Chengalpattu Town,55.81,3,2.6,382.57,UPI,Shared,7.813,2.903
RIDE000492,Carpool,2025-01-27 15:54,2025-01-27 16:37,Perungudi,Chengalpattu Bus Stand,40.27,2,1.7,246.26,Card,Shared,5.638,2.094
RIDE000493,Carpool,2025-02-14 17:31,2025-02-14 18:34,Tambaram,Chengalpattu Bus Stand,57.53,3,2.7,380.15,Card,Shared,8.054,2.992
RIDE000494,Carpool,2025-01-02 16:12,2025-01-02 16:56,OMR Sholinganallur,Mahindra City,46.44,3,2.6,330.19,UPI,Shared,6.502,2.414
RIDE000495,Carpool,2025-02-07 20:46,2025-02-07 21:43,OMR Sholinganallur,Singaperumal Koil,58.83,4,3.9,436.5,Cash,Shared,8.236,3.059
RIDE000496,Carpool,2025-03-21 15:42,2025-03-21 16:20,Anna Nagar,Mahindra City,37.47,4,3.9,231.44,UPI,Shared,5.246,1.948
RIDE000497,Private,2025-02-02 11:40,2025-02-02 12:48,Anna Nagar,Chengalpattu Bus Stand,58.75,1,,581.91,Card,Standard,11.28,0.0
RIDE000498,Private,2025-01-25 14:06,2025-01-25 14:49,Perungudi,Singaperumal Koil,41.27,1,,437.41,UPI,Standard,7.924,0.0
RIDE000499,Private,2025-01-10 04:42,2025-01-10 05:41,OMR Sholinganallur,Chengalpattu Bus Stand,51.94,1,,590.44,Wallet,Standard,9.972,0.0
RIDE000500,Carpool,2025-04-18 23:24,2025-04-19 00:12,Guindy,Singaperumal Koil,47.68,2,1.7,324.65,Card,Shared,6.675,2.48
RIDE000501,Carpool,2025-01-21 01:44,2025-01-21 02:28,Tambaram,Mahindra City,47.3,2,1.7,362.79,Card,Shared,6.622,2.46
RIDE000502,Carpool,2025-01-21 01:28,2025-01-21 02:19,Anna Nagar,Singaperumal Koil,53.18,2,1.8,359.4,UPI,Shared,7.445,2.766
RIDE000503,Carpool,2025-01-16 06:51,2025-01-16 08:09,Chromepet,Chengalpattu Town,64.86,3,2.8,498.13,Card,Shared,9.08,3.373
RIDE000504,Private,2025-03-10 20:48,2025-03-10 21:38,Pallavaram,Mahindra City,50.39,1,,546.26,Wallet,Standard,9.675,0.0
RIDE000505,Carpool,2025-02-25 06:05,2025-02-25 06:43,Adyar,Singaperumal Koil,39.18,3,2.5,247.89,UPI,Shared,5.485,2.038
RIDE000506,Private,2025-02-28 17:46,2025-02-28 18:23,Adyar,SRM University,40.05,1,,397.51,Wallet,Standard,7.69,0.0
RIDE000507,Carpool,2025-04-11 23:14,2025-04-12 00:15,Chromepet,Chengalpattu Town,59.14,4,3.6,396.69,Cash,Shared,8.28,3.075
RIDE000508,Private,2025-01-15 00:58,2025-01-15 01:41,Chromepet,Chengalpattu Bus Stand,38.04,1,,406.31,Wallet,Standard,7.304,0.0
RIDE000509,Private,2025-03-06 10:08,2025-03-06 10:48,Adyar,Mahindra City,41.85,1,,445.42,Card,Standard,8.035,0.0
RIDE000510,Carpool,2025-02-22 13:42,2025-02-22 14:28,Mylapore,Chengalpattu Bus Stand,49.42,2,2.0,312.92,UPI,Shared,6.919,2.57
RIDE000511,Private,2025-02-10 13:58,2025-02-10 14:48,Pallavaram,Singaperumal Koil,51.6,1,,565.12,Cash,Standard,9.907,0.0
RIDE000512,Carpool,2025-04-24 06:14,2025-04-24 07:09,Adyar,Chengalpattu Bus Stand,52.04,2,1.6,400.34,Cash,Shared,7.286,2.706
RIDE000513,Carpool,2025-01-12 11:29,2025-01-12 12:38,Mylapore,Chengalpattu Town,57.67,4,3.7,391.07,Card,Shared,8.074,2.999
RIDE000514,Private,2025-04-27 03:58,2025-04-27 04:45,Anna Nagar,Chengalpattu Town,41.97,1,,432.91,UPI,Standard,8.058,0.0
RIDE000515,Private,2025-04-18 14:49,2025-04-18 15:29,Anna Nagar,Chengalpattu Town,45.17,1,,490.67,Card,Standard,8.673,0.0
RIDE000516,Private,2025-02-21 07:39,2025-02-21 08:52,T Nagar,Singaperumal Koil,59.56,1,,684.17,Cash,Standard,11.436,0.0
RIDE000517,Carpool,2025-04-11 14:54,2025-04-11 15:26,Velachery,SRM University,31.21,4,3.7,208.46,Cash,Shared,4.369,1.623
RIDE000518,Private,2025-03-12 06:59,2025-03-12 07:48,Anna Nagar,Chengalpattu Bus Stand,47.59,1,,479.64,Cash,Standard,9.137,0.0
RIDE000519,Carpool,2025-02-14 06:55,2025-02-14 08:00,Pallavaram,Mahindra City,64.97,4,3.6,485.04,Wallet,Shared,9.096,3.378
RIDE000520,Carpool,2025-04-12 01:53,2025-04-12 02:44,Mylapore,Chengalpattu Bus Stand,51.07,3,2.5,370.8,Cash,Shared,7.15,2.655
RIDE000521,Private,2025-02-07 06:55,2025-02-07 07:55,Pallavaram,SRM University,48.89,1,,534.4,Wallet,Standard,9.387,0.0
RIDE000522,Carpool,2025-03-25 04:12,2025-03-25 05:18,Mylapore,Chengalpattu Town,58.95,3,2.5,389.54,Cash,Shared,8.253,3.065
RIDE000523,Carpool,2025-03-16 08:09,2025-03-16 08:41,OMR Sholinganallur,Mahindra City,32.81,2,1.9,219.94,Wallet,Shared,4.593,1.707
RIDE000524,Carpool,2025-02-25 05:02,2025-02-25 06:03,OMR Sholinganallur,Chengalpattu Bus Stand,64.9,3,2.8,427.0,Card,Shared,9.086,3.375
RIDE000525,Carpool,2025-02-23 04:23,2025-02-23 04:59,Guindy,SRM University,34.33,3,2.6,222.72,UPI,Shared,4.806,1.785
RIDE000526,Carpool,2025-02-28 16:58,2025-02-28 17:32,Anna Nagar,Mahindra City,37.18,2,1.5,233.7,Cash,Shared,5.205,1.934
RIDE000527,Private,2025-03-30 08:16,2025-03-30 09:17,Tambaram,Chengalpattu Bus Stand,52.98,1,,495.62,Cash,Standard,10.172,0.0
RIDE000528,Private,2025-03-25 10:03,2025-03-25 11:04,Tambaram,SRM University,57.38,1,,658.16,Wallet,Standard,11.017,0.0
RIDE000529,Carpool,2025-03-24 15:13,2025-03-24 16:05,Tambaram,Chengalpattu Town,54.49,4,3.4,410.57,Cash,Shared,7.629,2.833
RIDE000530,Carpool,2025-04-20 02:24,2025-04-20 03:31,OMR Sholinganallur,Chengalpattu Bus Stand,58.37,2,1.9,439.84,UPI,Shared,8.172,3.035
RIDE000531,Private,2025-04-27 21:22,2025-04-27 22:39,Velachery,Chengalpattu Bus Stand,63.47,1,,594.92,Card,Standard,12.186,0.0
RIDE000532,Private,2025-01-22 07:21,2025-01-22 08:11,Pallavaram,Chengalpattu Town,49.36,1,,456.29,UPI,Standard,9.477,0.0
RIDE000533,Private,2025-02-02 18:58,2025-02-02 19:58,Tambaram,Chengalpattu Bus Stand,52.21,1,,564.46,Wallet,Standard,10.024,0.0
RIDE000534,Carpool,2025-03-18 04:59,2025-03-18 06:08,Tambaram,Chengalpattu Bus Stand,61.57,3,2.6,479.24,Card,Shared,8.62,3.201
RIDE000535,Private,2025-04-08 08:18,2025-04-08 08:50,Adyar,Singaperumal Koil,30.76,1,,351.83,Wallet,Standard,5.906,0.0
RIDE000536,Carpool,2025-04-19 09:59,2025-04-19 11:01,Guindy,Mahindra City,56.96,3,2.6,404.69,Cash,Shared,7.974,2.962
RIDE000537,Carpool,2025-03-15 10:25,2025-03-15 11:31,OMR Sholinganallur,Chengalpattu Town,60.94,3,2.4,377.41,UPI,Shared,8.532,3.168
RIDE000538,Private,2025-02-20 12:52,2025-02-20 13:38,Perungudi,SRM University,43.69,1,,432.57,UPI,Standard,8.388,0.0
RIDE000539,Private,2025-03-02 19:27,2025-03-02 20:26,Tambaram,Singaperumal Koil,54.1,1,,516.83,Cash,Standard,10.387,0.0
RIDE000540,Private,2025-03-30 10:26,2025-03-30 11:11,OMR Sholinganallur,Singaperumal Koil,38.79,1,,350.34,Cash,Standard,7.448,0.0
RIDE000541,Carpool,2025-03-15 16:09,2025-03-15 17:28,Mylapore,Chengalpattu Bus Stand,63.68,3,2.9,409.14,Wallet,Shared,8.915,3.312
RIDE000542,Private,2025-03-08 01:01,2025-03-08 02:01,Velachery,Chengalpattu Town,62.42,1,,686.55,Wallet,Standard,11.985,0.0
RIDE000543,Private,2025-03-07 07:06,2025-03-07 07:58,OMR Sholinganallur,Chengalpattu Bus Stand,46.71,1,,442.79,Cash,Standard,8.968,0.0
RIDE000544,Carpool,2025-03-27 20:04,2025-03-27 20:45,Pallavaram,Chengalpattu Bus Stand,38.65,4,3.8,244.9,Wallet,Shared,5.411,2.01
RIDE000545,Private,2025-04-24 10:10,2025-04-24 11:26,Tambaram,Mahindra City,64.19,1,,723.16,Wallet,Standard,12.324,0.0
RIDE000546,Private,2025-01-15 10:12,2025-01-15 11:14,Chromepet,SRM University,58.59,1,,527.54,Cash,Standard,11.249,0.0
RIDE000547,Private,2025-01-14 08:00,2025-01-14 08:39,Tambaram,SRM University,41.64,1,,382.47,UPI,Standard,7.995,0.0
RIDE000548,Carpool,2025-04-09 21:00,2025-04-09 21:33,Chromepet,Singaperumal Koil,32.03,3,2.9,229.03,Wallet,Shared,4.484,1.666
RIDE000549,Carpool,2025-04-21 09:33,2025-04-21 10:37,Tambaram,Mahindra City,54.24,3,2.4,394.14,Card,Shared,7.594,2.82
RIDE000550,Private,2025-04-17 10:18,2025-04-17 11:12,Guindy,Chengalpattu Town,53.02,1,,553.4,UPI,Standard,10.18,0.0
RIDE000551,Private,2025-03-22 05:06,2025-03-22 06:10,Tambaram,Chengalpattu Bus Stand,64.38,1,,738.19,Cash,Standard,12.361,0.0
RIDE000552,Carpool,2025-01-12 02:30,2025-01-12 03:31,OMR Sholinganallur,Singaperumal Koil,58.53,3,2.7,353.46,Wallet,Shared,8.194,3.044
RIDE000553,Carpool,2025-02-20 12:45,2025-02-20 13:21,Adyar,Mahindra City,39.46,4,3.9,243.79,Cash,Shared,5.524,2.052
RIDE000554,Carpool,2025-01-09 10:16,2025-01-09 11:15,Guindy,Singaperumal Koil,57.8,3,3.0,355.0,Card,Shared,8.092,3.006
RIDE000555,Carpool,2025-03-07 13:59,2025-03-07 14:58,Tambaram,Mahindra City,52.47,2,2.0,322.77,Wallet,Shared,7.346,2.728
RIDE000556,Carpool,2025-02-26 04:18,2025-02-26 05:00,OMR Sholinganallur,Chengalpattu Bus Stand,34.97,4,3.6,212.72,Cash,Shared,4.896,1.818
RIDE000557,Private,2025-02-26 15:31,2025-02-26 16:23,Mylapore,Mahindra City,51.1,1,,530.22,Cash,Standard,9.811,0.0
RIDE000558,Carpool,2025-02-05 12:06,2025-02-05 12:35,Perungudi,Mahindra City,30.37,3,2.5,234.74,Card,Shared,4.252,1.579
RIDE000559,Carpool,2025-01-18 05:58,2025-01-18 06:39,Pallavaram,Chengalpattu Bus Stand,39.24,4,3.9,292.33,UPI,Shared,5.494,2.04
RIDE000560,Private,2025-04-12 15:48,2025-04-12 16:30,Anna Nagar,Chengalpattu Bus Stand,43.52,1,,401.84,UPI,Standard,8.356,0.0
RIDE000561,Private,2025-03-25 14:21,2025-03-25 15:06,Velachery,SRM University,48.28,1,,479.54,UPI,Standard,9.27,0.0
RIDE000562,Carpool,2025-03-08 21:50,2025-03-08 22:53,OMR Sholinganallur,SRM University,62.63,2,1.4,425.64,Card,Shared,8.768,3.257
RIDE000563,Carpool,2025-02-27 05:12,2025-02-27 06:20,Mylapore,Chengalpattu Bus Stand,56.73,2,1.5,342.67,Card,Shared,7.942,2.95
RIDE000564,Private,2025-03-10 14:34,2025-03-10 15:29,Pallavaram,Chengalpattu Town,54.31,1,,507.79,Wallet,Standard,10.428,0.0
RIDE000565,Private,2025-04-07 01:00,2025-04-07 01:53,Anna Nagar,Mahindra City,56.14,1,,615.41,Wallet,Standard,10.779,0.0
RIDE000566,Private,2025-02-09 14:44,2025-02-09 15:30,OMR Sholinganallur,Chengalpattu Bus Stand,42.12,1,,454.32,Wallet,Standard,8.087,0.0
RIDE000567,Private,2025-04-05 11:59,2025-04-05 12:35,Anna Nagar,Chengalpattu Town,31.17,1,,287.56,UPI,Standard,5.985,0.0
RIDE000568,Private,2025-03-14 20:30,2025-03-14 21:38,Chromepet,Chengalpattu Bus Stand,58.94,1,,593.09,Wallet,Standard,11.316,0.0
RIDE000569,Carpool,2025-02-05 02:18,2025-02-05 02:47,Chromepet,Chengalpattu Bus Stand,30.33,2,1.6,227.06,Wallet,Shared,4.246,1.577
RIDE000570,Private,2025-01-10 18:27,2025-01-10 19:14,Tambaram,Chengalpattu Town,48.92,1,,526.55,UPI,Standard,9.393,0.0
RIDE000571,Carpool,2025-01-01 08:10,2025-01-01 08:51,Adyar,Chengalpattu Bus Stand,35.83,3,2.4,215.65,Cash,Shared,5.016,1.863
RIDE000572,Carpool,2025-03-27 20:40,2025-03-27 21:13,Guindy,Chengalpattu Bus Stand,32.3,2,1.5,246.38,UPI,Shared,4.522,1.68
RIDE000573,Private,2025-03-24 01:46,2025-03-24 02:36,Guindy,Chengalpattu Bus Stand,43.19,1,,453.28,Wallet,Standard,8.292,0.0
RIDE000574,Private,2025-01-31 13:12,2025-01-31 13:52,Guindy,SRM University,44.12,1,,453.18,Wallet,Standard,8.471,0.0
RIDE000575,Private,2025-03-22 03:24,2025-03-22 04:25,Anna Nagar,SRM University,60.38,1,,556.6,UPI,Standard,11.593,0.0
RIDE000576,Carpool,2025-01-17 01:17,2025-01-17 02:21,OMR Sholinganallur,Chengalpattu Town,64.4,4,3.7,491.29,Cash,Shared,9.016,3.349
RIDE000577,Carpool,2025-03-05 10:58,2025-03-05 12:02,Tambaram,Singaperumal Koil,64.28,4,3.5,443.87,Card,Shared,8.999,3.343
RIDE000578,Private,2025-04-22 06:59,2025-04-22 08:06,Mylapore,SRM University,62.27,1,,625.13,Card,Standard,11.956,0.0
RIDE000579,Carpool,2025-04-25 01:51,2025-04-25 02:40,OMR Sholinganallur,Mahindra City,40.49,2,1.7,263.4,Cash,Shared,5.669,2.105
RIDE000580,Private,2025-02-22 21:23,2025-02-22 22:00,Perungudi,SRM University,31.89,1,,313.31,UPI,Standard,6.123,0.0
RIDE000581,Private,2025-01-25 16:36,2025-01-25 17:29,Mylapore,SRM University,52.54,1,,565.59,Wallet,Standard,10.088,0.0
RIDE000582,Private,2025-03-31 15:27,2025-03-31 16:05,Velachery,Singaperumal Koil,33.57,1,,327.55,Card,Standard,6.445,0.0
RIDE000583,Private,2025-03-20 00:32,2025-03-20 01:26,T Nagar,Singaperumal Koil,52.43,1,,575.21,UPI,Standard,10.067,0.0
RIDE000584,Private,2025-01-19 19:21,2025-01-19 20:01,OMR Sholinganallur,Singaperumal Koil,40.52,1,,411.74,UPI,Standard,7.78,0.0
RIDE000585,Carpool,2025-03-07 06:24,2025-03-07 07:23,T Nagar,SRM University,53.57,4,4.0,359.04,Wallet,Shared,7.5,2.785
RIDE000586,Private,2025-02-24 01:20,2025-02-24 02:37,Chromepet,Mahindra City,62.52,1,,681.31,Wallet,Standard,12.004,0.0
RIDE000587,Carpool,2025-03-23 14:52,2025-03-23 15:31,Velachery,Singaperumal Koil,35.48,2,1.5,268.32,UPI,Shared,4.967,1.845
RIDE000588,Private,2025-03-17 10:19,2025-03-17 10:56,Chromepet,Singaperumal Koil,31.67,1,,292.42,UPI,Standard,6.081,0.0
RIDE000589,Private,2025-02-24 18:11,2025-02-24 18:48,Tambaram,Chengalpattu Town,35.08,1,,390.15,Wallet,Standard,6.735,0.0
RIDE000590,Carpool,2025-01-19 15:36,2025-01-19 16:38,Pallavaram,Mahindra City,57.72,2,1.5,420.19,Card,Shared,8.081,3.001
RIDE000591,Private,2025-03-27 21:46,2025-03-27 22:31,OMR Sholinganallur,Singaperumal Koil,45.05,1,,489.35,Wallet,Standard,8.65,0.0
RIDE000592,Carpool,2025-01-01 05:42,2025-01-01 06:23,Pallavaram,Chengalpattu Bus Stand,35.02,3,2.5,221.49,Wallet,Shared,4.903,1.821
RIDE000593,Private,2025-04-04 19:13,2025-04-04 19:55,T Nagar,Mahindra City,38.38,1,,396.24,UPI,Standard,7.369,0.0
RIDE000594,Carpool,2025-01-11 19:53,2025-01-11 21:01,OMR Sholinganallur,Singaperumal Koil,55.6,4,3.7,361.43,Wallet,Shared,7.784,2.891
RIDE000595,Private,2025-04-02 15:08,2025-04-02 15:50,Adyar,Chengalpattu Town,41.35,1,,467.8,Cash,Standard,7.939,0.0
RIDE000596,Carpool,2025-03-05 00:06,2025-03-05 01:07,Adyar,Mahindra City,56.48,2,1.7,358.28,Wallet,Shared,7.907,2.937
RIDE000597,Carpool,2025-04-29 02:28,2025-04-29 03:19,Chromepet,Chengalpattu Town,57.2,4,3.6,354.07,Wallet,Shared,8.008,2.974
RIDE000598,Private,2025-03-18 09:05,2025-03-18 09:48,Guindy,Singaperumal Koil,35.48,1,,366.41,Card,Standard,6.812,0.0
RIDE000599,Carpool,2025-04-12 13:19,2025-04-12 14:03,Pallavaram,Chengalpattu Bus Stand,45.73,3,2.9,297.97,Card,Shared,6.402,2.378
RIDE000600,Private,2025-01-09 21:58,2025-01-09 22:56,Adyar,Chengalpattu Town,55.01,1,,576.34,Wallet,Standard,10.562,0.0
RIDE000601,Carpool,2025-02-10 23:56,2025-02-11 01:06,Mylapore,Singaperumal Koil,62.07,2,1.8,433.4,Wallet,Shared,8.69,3.227
RIDE000602,Carpool,2025-01-11 11:15,2025-01-11 12:20,Tambaram,Chengalpattu Town,55.69,2,1.7,377.24,UPI,Shared,7.797,2.895
RIDE000603,Private,2025-04-18 09:10,2025-04-18 10:20,Mylapore,SRM University,62.53,1,,717.48,Wallet,Standard,12.006,0.0
RIDE000604,Carpool,2025-04-24 14:08,2025-04-24 15:24,Anna Nagar,Chengalpattu Town,62.83,2,1.5,439.67,Cash,Shared,8.796,3.267
RIDE000605,Private,2025-03-02 11:48,2025-03-02 12:18,OMR Sholinganallur,SRM University,31.68,1,,321.76,Cash,Standard,6.083,0.0
RIDE000606,Carpool,2025-01-07 13:04,2025-01-07 13:51,Tambaram,Chengalpattu Town,39.84,3,2.6,295.22,Card,Shared,5.578,2.071
RIDE000607,Private,2025-03-17 21:00,2025-03-17 21:40,Velachery,Chengalpattu Town,36.18,1,,336.66,Wallet,Standard,6.947,0.0
RIDE000608,Private,2025-03-03 13:19,2025-03-03 14:20,Pallavaram,Mahindra City,57.93,1,,534.42,Cash,Standard,11.123,0.0
RIDE000609,Carpool,2025-04-08 15:13,2025-04-08 16:10,Chromepet,Singaperumal Koil,47.54,2,1.5,339.92,Card,Shared,6.656,2.472
RIDE000610,Private,2025-03-03 21:35,2025-03-03 22:12,T Nagar,Singaperumal Koil,32.54,1,,327.66,Wallet,Standard,6.248,0.0
RIDE000611,Carpool,2025-03-15 02:12,2025-03-15 03:16,Guindy,Chengalpattu Town,56.98,3,2.7,419.14,Wallet,Shared,7.977,2.963
RIDE000612,Carpool,2025-02-28 23:44,2025-03-01 00:33,OMR Sholinganallur,SRM University,49.05,3,2.7,303.86,UPI,Shared,6.867,2.551
RIDE000613,Private,2025-03-31 23:09,2025-03-31 23:54,Pallavaram,Singaperumal Koil,37.21,1,,364.1,Card,Standard,7.144,0.0
RIDE000614,Private,2025-01-16 17:40,2025-01-16 18:27,Adyar,Chengalpattu Bus Stand,41.72,1,,445.4,Card,Standard,8.01,0.0
RIDE000615,Private,2025-04-17 19:21,2025-04-17 19:57,Tambaram,Singaperumal Koil,38.24,1,,373.28,UPI,Standard,7.342,0.0
RIDE000616,Carpool,2025-03-20 17:50,2025-03-20 18:52,Mylapore,Mahindra City,53.09,2,1.5,402.43,UPI,Shared,7.433,2.76
RIDE000617,Private,2025-03-20 00:21,2025-03-20 01:35,Mylapore,Singaperumal Koil,60.29,1,,574.03,Cash,Standard,11.576,0.0
RIDE000618,Private,2025-03-09 02:03,2025-03-09 03:02,T Nagar,SRM University,61.84,1,,608.28,Wallet,Standard,11.873,0.0
RIDE000619,Carpool,2025-01-13 10:47,2025-01-13 11:51,Pallavaram,Chengalpattu Town,54.6,2,1.8,330.61,Card,Shared,7.644,2.839
RIDE000620,Carpool,2025-02-08 21:13,2025-02-08 22:16,Velachery,Singaperumal Koil,52.57,3,2.6,333.72,Wallet,Shared,7.36,2.733
RIDE000621,Carpool,2025-03-25 01:02,2025-03-25 01:46,Perungudi,Singaperumal Koil,44.58,3,2.7,346.8,UPI,Shared,6.241,2.318
RIDE000622,Private,2025-01-31 16:13,2025-01-31 17:11,Anna Nagar,SRM University,51.08,1,,473.77,Card,Standard,9.807,0.0
RIDE000623,Carpool,2025-03-25 20:00,2025-03-25 20:55,OMR Sholinganallur,Chengalpattu Bus Stand,50.57,4,3.4,355.0,UPI,Shared,7.08,2.629
RIDE000624,Private,2025-01-29 11:55,2025-01-29 12:35,Velachery,Chengalpattu Town,42.29,1,,409.14,Wallet,Standard,8.12,0.0
RIDE000625,Carpool,2025-01-06 19:03,2025-01-06 19:43,OMR Sholinganallur,Chengalpattu Bus Stand,43.32,4,4.0,292.94,Wallet,Shared,6.065,2.252
RIDE000626,Carpool,2025-01-28 22:50,2025-01-28 23:31,Guindy,Chengalpattu Town,42.29,2,1.8,323.55,UPI,Shared,5.921,2.199
RIDE000627,Private,2025-04-23 10:36,2025-04-23 11:44,Anna Nagar,Mahindra City,64.99,1,,721.81,Card,Standard,12.478,0.0
RIDE000628,Carpool,2025-04-15 14:28,2025-04-15 15:21,Perungudi,Mahindra City,51.67,2,1.6,388.94,Card,Shared,7.234,2.687
RIDE000629,Private,2025-03-27 19:46,2025-03-27 20:16,Adyar,Mahindra City,31.81,1,,315.63,UPI,Standard,6.108,0.0
RIDE000630,Private,2025-03-04 15:54,2025-03-04 16:36,Mylapore,Singaperumal Koil,45.31,1,,443.97,Wallet,Standard,8.7,0.0
RIDE000631,Private,2025-04-17 17:47,2025-04-17 18:47,Chromepet,Chengalpattu Bus Stand,50.15,1,,539.68,Card,Standard,9.629,0.0
RIDE000632,Private,2025-03-09 20:13,2025-03-09 21:02,Adyar,Chengalpattu Town,42.41,1,,408.85,UPI,Standard,8.143,0.0
RIDE000633,Carpool,2025-01-30 04:51,2025-01-30 05:52,Chromepet,Chengalpattu Bus Stand,62.37,2,1.9,399.04,UPI,Shared,8.732,3.243
RIDE000634,Carpool,2025-03-29 14:54,2025-03-29 15:33,Guindy,Singaperumal Koil,41.87,3,2.6,282.86,Cash,Shared,5.862,2.177
RIDE000635,Carpool,2025-04-17 09:44,2025-04-17 10:55,Pallavaram,Singaperumal Koil,59.75,4,3.4,359.09,Wallet,Shared,8.365,3.107
RIDE000636,Carpool,2025-03-20 22:51,2025-03-20 23:57,OMR Sholinganallur,Chengalpattu Bus Stand,55.71,2,2.0,395.37,Wallet,Shared,7.799,2.897
RIDE000637,Private,2025-01-28 08:39,2025-01-28 09:24,Guindy,Singaperumal Koil,45.36,1,,457.65,Wallet,Standard,8.709,0.0
RIDE000638,Carpool,2025-02-26 14:28,2025-02-26 15:37,Perungudi,SRM University,59.0,2,1.8,364.62,Card,Shared,8.26,3.068
RIDE000639,Private,2025-03-24 01:13,2025-03-24 02:19,T Nagar,SRM University,61.69,1,,620.83,Card,Standard,11.844,0.0
RIDE000640,Private,2025-01-24 00:34,2025-01-24 01:47,Adyar,Mahindra City,60.7,1,,560.39,Cash,Standard,11.654,0.0
RIDE000641,Private,2025-01-24 01:02,2025-01-24 01:54,Tambaram,Chengalpattu Bus Stand,49.47,1,,556.9,Card,Standard,9.498,0.0
RIDE000642,Carpool,2025-04-02 12:08,2025-04-02 13:08,Chromepet,Mahindra City,54.7,4,3.9,391.15,Card,Shared,7.658,2.844
RIDE000643,Private,2025-01-31 10:12,2025-01-31 11:09,Tambaram,Chengalpattu Bus Stand,58.56,1,,575.09,UPI,Standard,11.244,0.0
RIDE000644,Carpool,2025-02-15 07:03,2025-02-15 07:54,Perungudi,Chengalpattu Bus Stand,43.97,2,1.6,303.69,UPI,Shared,6.156,2.286
RIDE000645,Carpool,2025-02-12 22:51,2025-02-12 23:30,Velachery,Chengalpattu Bus Stand,39.62,3,2.6,297.58,Cash,Shared,5.547,2.06
RIDE000646,Private,2025-01-20 17:56,2025-01-20 18:52,Tambaram,Mahindra City,57.75,1,,635.57,Wallet,Standard,11.088,0.0
RIDE000647,Private,2025-04-26 06:07,2025-04-26 06:40,Mylapore,Mahindra City,35.49,1,,363.24,Cash,Standard,6.814,0.0
RIDE000648,Private,2025-03-23 11:57,2025-03-23 12:45,OMR Sholinganallur,Singaperumal Koil,52.72,1,,501.88,Wallet,Standard,10.122,0.0
RIDE000649,Carpool,2025-02-24 17:23,2025-02-24 18:16,Mylapore,Chengalpattu Town,46.0,3,2.9,322.2,Wallet,Shared,6.44,2.392
RIDE000650,Private,2025-03-10 05:03,2025-03-10 06:00,T Nagar,Mahindra City,55.13,1,,550.15,Card,Standard,10.585,0.0
RIDE000651,Private,2025-04-18 00:40,2025-04-18 01:26,T Nagar,Chengalpattu Town,41.51,1,,438.19,Card,Standard,7.97,0.0
RIDE000652,Carpool,2025-04-29 02:37,2025-04-29 03:35,Anna Nagar,SRM University,54.21,4,4.0,364.5,Wallet,Shared,7.589,2.819
RIDE000653,Carpool,2025-04-06 21:42,2025-04-06 22:28,Velachery,Mahindra City,47.7,3,2.7,363.55,Cash,Shared,6.678,2.48
RIDE000654,Carpool,2025-04-24 15:27,2025-04-24 16:17,Chromepet,Singaperumal Koil,48.33,2,1.7,310.9,UPI,Shared,6.766,2.513
RIDE000655,Private,2025-02-20 09:51,2025-02-20 11:03,Tambaram,Mahindra City,61.7,1,,626.69,Cash,Standard,11.846,0.0
RIDE000656,Private,2025-04-05 07:30,2025-04-05 08:43,Guindy,Chengalpattu Bus Stand,60.85,1,,642.74,Cash,Standard,11.683,0.0
RIDE000657,Private,2025-02-20 14:22,2025-02-20 15:19,OMR Sholinganallur,SRM University,49.78,1,,565.12,UPI,Standard,9.558,0.0
RIDE000658,Carpool,2025-01-14 08:28,2025-01-14 09:08,Chromepet,SRM University,35.35,4,3.6,268.18,Wallet,Shared,4.949,1.838
RIDE000659,Private,2025-01-06 07:18,2025-01-06 07:51,Adyar,Chengalpattu Bus Stand,35.54,1,,377.34,Card,Standard,6.824,0.0
RIDE000660,Private,2025-02-11 13:21,2025-02-11 14:17,Tambaram,Singaperumal Koil,48.33,1,,546.84,Wallet,Standard,9.279,0.0
RIDE000661,Private,2025-01-21 05:18,2025-01-21 06:12,Pallavaram,Mahindra City,49.49,1,,487.31,UPI,Standard,9.502,0.0
RIDE000662,Carpool,2025-02-13 07:51,2025-02-13 08:25,Adyar,Singaperumal Koil,30.62,2,1.5,216.16,UPI,Shared,4.287,1.592
RIDE000663,Private,2025-04-18 09:31,2025-04-18 10:09,Velachery,Chengalpattu Bus Stand,37.19,1,,359.37,Card,Standard,7.14,0.0
RIDE000664,Carpool,2025-01-03 01:58,2025-01-03 03:11,Guindy,Mahindra City,60.85,2,1.9,399.9,Wallet,Shared,8.519,3.164
RIDE000665,Private,2025-04-12 22:24,2025-04-12 23:07,T Nagar,Chengalpattu Bus Stand,41.23,1,,463.79,Wallet,Standard,7.916,0.0
RIDE000666,Carpool,2025-04-14 10:49,2025-04-14 11:40,Velachery,Mahindra City,53.23,3,2.8,382.5,Wallet,Shared,7.452,2.768
RIDE000667,Carpool,2025-04-16 13:30,2025-04-16 14:12,Guindy,SRM University,44.2,4,3.7,288.73,Card,Shared,6.188,2.298
RIDE000668,Private,2025-01-28 05:12,2025-01-28 05:53,Perungudi,Chengalpattu Town,34.38,1,,319.21,Cash,Standard,6.601,0.0
RIDE000669,Private,2025-03-10 11:09,2025-03-10 11:57,Guindy,Singaperumal Koil,40.27,1,,449.68,UPI,Standard,7.732,0.0
RIDE000670,Carpool,2025-03-06 18:32,2025-03-06 19:10,Chromepet,SRM University,31.58,4,3.5,229.97,Wallet,Shared,4.421,1.642
RIDE000671,Private,2025-03-31 11:31,2025-03-31 12:41,Anna Nagar,SRM University,57.95,1,,664.09,UPI,Standard,11.126,0.0
RIDE000672,Carpool,2025-03-03 19:02,2025-03-03 19:53,OMR Sholinganallur,Chengalpattu Bus Stand,50.44,2,1.5,331.31,Wallet,Shared,7.062,2.622
RIDE000673,Carpool,2025-04-14 15:11,2025-04-14 16:08,Pallavaram,Chengalpattu Bus Stand,56.1,3,2.8,368.93,Cash,Shared,7.854,2.917
RIDE000674,Carpool,2025-04-14 18:46,2025-04-14 19:40,Adyar,Chengalpattu Town,47.06,4,3.5,365.68,Wallet,Shared,6.588,2.448
RIDE000675,Carpool,2025-03-16 07:58,2025-03-16 08:45,Guindy,Chengalpattu Bus Stand,51.61,3,2.8,329.04,UPI,Shared,7.225,2.684
RIDE000676,Carpool,2025-02-17 12:58,2025-02-17 13:33,OMR Sholinganallur,Chengalpattu Bus Stand,38.72,3,2.4,262.57,UPI,Shared,5.421,2.013
RIDE000677,Carpool,2025-04-25 22:02,2025-04-25 23:13,OMR Sholinganallur,Chengalpattu Bus Stand,62.13,2,1.4,424.81,Card,Shared,8.698,3.231
RIDE000678,Carpool,2025-03-05 19:05,2025-03-05 19:35,Velachery,Mahindra City,32.58,2,1.8,226.62,UPI,Shared,4.561,1.694
RIDE000679,Carpool,2025-02-22 20:11,2025-02-22 20:42,Pallavaram,Singaperumal Koil,32.91,4,4.0,226.36,UPI,Shared,4.607,1.712
RIDE000680,Private,2025-04-09 10:30,2025-04-09 11:42,Velachery,Chengalpattu Bus Stand,59.07,1,,600.51,Card,Standard,11.341,0.0
RIDE000681,Carpool,2025-04-18 00:05,2025-04-18 00:49,Perungudi,Singaperumal Koil,39.59,2,2.0,300.89,Card,Shared,5.543,2.058
RIDE000682,Carpool,2025-03-25 06:28,2025-03-25 07:26,Velachery,Chengalpattu Bus Stand,54.04,2,1.6,348.9,Cash,Shared,7.566,2.81
RIDE000683,Carpool,2025-02-09 00:02,2025-02-09 00:43,Adyar,Singaperumal Koil,39.04,3,2.6,259.46,Wallet,Shared,5.466,2.03
RIDE000684,Carpool,2025-04-13 09:03,2025-04-13 09:41,OMR Sholinganallur,Singaperumal Koil,33.17,4,3.8,239.58,Cash,Shared,4.644,1.725
RIDE000685,Carpool,2025-01-24 19:31,2025-01-24 20:33,Velachery,SRM University,62.06,4,4.0,446.17,UPI,Shared,8.688,3.228
RIDE000686,Carpool,2025-03-27 12:30,2025-03-27 13:25,T Nagar,SRM University,47.0,3,2.8,365.22,Cash,Shared,6.58,2.444
RIDE000687,Private,2025-04-17 13:43,2025-04-17 14:49,OMR Sholinganallur,SRM University,55.38,1,,511.21,Card,Standard,10.633,0.0
RIDE000688,Carpool,2025-01-18 17:11,2025-01-18 17:50,Anna Nagar,Singaperumal Koil,39.29,4,3.6,271.41,Cash,Shared,5.501,2.043
RIDE000689,Private,2025-02-07 09:44,2025-02-07 10:27,Perungudi,Singaperumal Koil,38.93,1,,412.4,Card,Standard,7.475,0.0
RIDE000690,Carpool,2025-01-04 15:24,2025-01-04 16:20,OMR Sholinganallur,Mahindra City,53.56,3,2.7,337.04,Cash,Shared,7.498,2.786
RIDE000691,Carpool,2025-04-25 00:02,2025-04-25 00:57,T Nagar,Singaperumal Koil,59.94,2,2.0,370.72,UPI,Shared,8.392,3.116
RIDE000692,Private,2025-01-15 04:47,2025-01-15 05:49,OMR Sholinganallur,Mahindra City,61.62,1,,606.44,Wallet,Standard,11.831,0.0
RIDE000693,Private,2025-04-14 08:04,2025-04-14 08:52,Velachery,Singaperumal Koil,47.32,1,,539.31,Cash,Standard,9.085,0.0
RIDE000694,Carpool,2025-04-18 19:00,2025-04-18 19:39,Perungudi,Chengalpattu Town,38.02,2,1.6,286.84,Wallet,Shared,5.323,1.977
RIDE000695,Private,2025-02-20 15:49,2025-02-20 16:36,Adyar,Singaperumal Koil,49.59,1,,455.7,Cash,Standard,9.521,0.0
RIDE000696,Private,2025-04-24 05:59,2025-04-24 06:53,Velachery,SRM University,54.65,1,,535.54,UPI,Standard,10.493,0.0
RIDE000697,Private,2025-03-16 03:46,2025-03-16 04:29,Tambaram,Chengalpattu Bus Stand,35.05,1,,338.37,Wallet,Standard,6.73,0.0
RIDE000698,Carpool,2025-01-19 07:42,2025-01-19 08:31,Chromepet,Singaperumal Koil,44.84,3,2.8,302.46,Cash,Shared,6.278,2.331
RIDE000699,Private,2025-01-05 18:21,2025-01-05 19:20,Perungudi,Chengalpattu Town,48.99,1,,478.14,Wallet,Standard,9.406,0.0
RIDE000700,Carpool,2025-04-20 14:02,2025-04-20 14:46,Tambaram,Mahindra City,41.75,3,2.9,289.47,Card,Shared,5.845,2.171
RIDE000701,Carpool,2025-03-19 10:48,2025-03-19 11:19,Adyar,Singaperumal Koil,33.89,2,1.9,213.6,UPI,Shared,4.745,1.762
RIDE000702,Carpool,2025-02-07 22:25,2025-02-07 23:23,Adyar,Chengalpattu Bus Stand,60.37,4,3.7,375.7,Card,Shared,8.452,3.139
RIDE000703,Carpool,2025-03-26 06:26,2025-03-26 07:21,Anna Nagar,SRM University,55.4,2,2.0,424.67,Card,Shared,7.756,2.881
RIDE000704,Private,2025-01-12 02:55,2025-01-12 03:40,T Nagar,Chengalpattu Bus Stand,48.71,1,,458.98,Wallet,Standard,9.352,0.0
RIDE000705,Carpool,2025-04-01 06:24,2025-04-01 07:02,Pallavaram,Chengalpattu Bus Stand,39.23,3,2.7,266.25,Cash,Shared,5.492,2.04
RIDE000706,Private,2025-02-16 17:33,2025-02-16 18:40,Chromepet,Mahindra City,60.4,1,,596.23,Card,Standard,11.597,0.0
RIDE000707,Carpool,2025-04-26 14:22,2025-04-26 15:23,OMR Sholinganallur,Singaperumal Koil,63.54,2,1.7,410.74,Card,Shared,8.896,3.304
RIDE000708,Private,2025-01-24 17:43,2025-01-24 18:40,Perungudi,Chengalpattu Bus Stand,56.95,1,,581.36,Cash,Standard,10.934,0.0
RIDE000709,Private,2025-03-26 19:19,2025-03-26 20:14,Tambaram,Singaperumal Koil,45.32,1,,520.79,Cash,Standard,8.701,0.0
RIDE000710,Private,2025-02-25 15:19,2025-02-25 16:06,Pallavaram,Chengalpattu Town,52.38,1,,550.53,Cash,Standard,10.057,0.0
RIDE000711,Private,2025-04-02 11:10,2025-04-02 11:54,Tambaram,Chengalpattu Town,44.12,1,,426.96,Cash,Standard,8.471,0.0
RIDE000712,Private,2025-03-23 06:16,2025-03-23 06:53,Adyar,Mahindra City,38.14,1,,409.4,Card,Standard,7.323,0.0
RIDE000713,Private,2025-02-10 06:00,2025-02-10 06:49,Chromepet,Mahindra City,44.08,1,,412.42,UPI,Standard,8.463,0.0
RIDE000714,Private,2025-02-19 12:52,2025-02-19 13:21,Anna Nagar,Chengalpattu Bus Stand,32.22,1,,305.43,Wallet,Standard,6.186,0.0
RIDE000715,Carpool,2025-01-26 13:41,2025-01-26 14:41,Velachery,Chengalpattu Town,60.01,2,1.8,429.8,Wallet,Shared,8.401,3.121
RIDE000716,Carpool,2025-03-29 11:50,2025-03-29 12:51,Velachery,Mahindra City,60.71,3,3.0,385.24,Cash,Shared,8.499,3.157
RIDE000717,Carpool,2025-04-19 14:04,2025-04-19 14:36,Guindy,Singaperumal Koil,35.64,2,1.6,246.7,Wallet,Shared,4.99,1.853
RIDE000718,Carpool,2025-01-26 17:04,2025-01-26 17:42,OMR Sholinganallur,Singaperumal Koil,39.81,3,2.4,288.7,Wallet,Shared,5.573,2.071
RIDE000719,Private,2025-01-31 06:03,2025-01-31 07:19,Tambaram,Mahindra City,63.48,1,,613.37,Cash,Standard,12.188,0.0
RIDE000720,Private,2025-04-26 18:33,2025-04-26 19:09,Tambaram,Chengalpattu Bus Stand,35.78,1,,401.98,Cash,Standard,6.87,0.0
RIDE000721,Carpool,2025-02-12 04:06,2025-02-12 04:54,T Nagar,Mahindra City,51.92,2,1.6,404.61,UPI,Shared,7.269,2.7
RIDE000722,Private,2025-01-15 06:10,2025-01-15 06:56,Anna Nagar,Singaperumal Koil,39.36,1,,379.14,UPI,Standard,7.557,0.0
RIDE000723,Private,2025-03-30 06:08,2025-03-30 07:01,Perungudi,SRM University,45.57,1,,508.9,Card,Standard,8.749,0.0
RIDE000724,Carpool,2025-01-03 06:07,2025-01-03 06:55,T Nagar,Chengalpattu Town,50.75,3,2.4,389.27,Card,Shared,7.105,2.639
RIDE000725,Private,2025-01-18 03:48,2025-01-18 04:47,Anna Nagar,Singaperumal Koil,63.63,1,,695.06,UPI,Standard,12.217,0.0
RIDE000726,Private,2025-04-24 18:26,2025-04-24 19:11,OMR Sholinganallur,Mahindra City,48.73,1,,560.38,UPI,Standard,9.356,0.0
RIDE000727,Private,2025-04-25 20:44,2025-04-25 21:54,Guindy,Chengalpattu Bus Stand,57.95,1,,534.56,Card,Standard,11.126,0.0
RIDE000728,Carpool,2025-04-06 10:51,2025-04-06 11:31,OMR Sholinganallur,Singaperumal Koil,42.99,2,1.8,263.55,Card,Shared,6.019,2.235
RIDE000729,Private,2025-02-08 03:25,2025-02-08 04:29,Perungudi,SRM University,58.96,1,,669.62,Cash,Standard,11.32,0.0
RIDE000730,Carpool,2025-02-18 19:29,2025-02-18 20:39,Chromepet,Mahindra City,64.72,4,3.6,482.25,Cash,Shared,9.061,3.365
RIDE000731,Private,2025-01-08 13:55,2025-01-08 14:23,T Nagar,SRM University,30.67,1,,333.54,Card,Standard,5.889,0.0
RIDE000732,Private,2025-04-26 17:23,2025-04-26 18:12,Tambaram,SRM University,39.91,1,,422.65,Cash,Standard,7.663,0.0
RIDE000733,Private,2025-03-07 20:06,2025-03-07 21:04,Pallavaram,Singaperumal Koil,57.74,1,,561.76,UPI,Standard,11.086,0.0
RIDE000734,Private,2025-03-28 08:06,2025-03-28 08:48,Guindy,SRM University,44.89,1,,427.67,UPI,Standard,8.619,0.0
RIDE000735,Carpool,2025-02-13 00:29,2025-02-13 01:06,Guindy,Mahindra City,33.43,4,3.6,250.97,Cash,Shared,4.68,1.739
RIDE000736,Carpool,2025-03-16 22:53,2025-03-16 23:30,T Nagar,Mahindra City,32.19,3,2.7,231.32,UPI,Shared,4.507,1.673
RIDE000737,Carpool,2025-04-30 11:23,2025-04-30 12:00,Guindy,SRM University,33.5,3,2.4,247.08,Cash,Shared,4.69,1.742
RIDE000738,Carpool,2025-03-26 22:05,2025-03-26 22:34,T Nagar,Singaperumal Koil,32.61,3,2.5,233.33,UPI,Shared,4.565,1.696
RIDE000739,Carpool,2025-04-18 18:09,2025-04-18 18:58,Anna Nagar,Chengalpattu Bus Stand,41.09,3,3.0,315.1,Wallet,Shared,5.753,2.136
RIDE000740,Private,2025-02-17 23:15,2025-02-17 23:44,Anna Nagar,Chengalpattu Town,33.04,1,,332.7,Wallet,Standard,6.344,0.0
RIDE000741,Private,2025-01-19 07:25,2025-01-19 08:13,Perungudi,Chengalpattu Bus Stand,43.62,1,,423.19,Cash,Standard,8.375,0.0
RIDE000742,Carpool,2025-04-22 12:32,2025-04-22 13:17,Adyar,Chengalpattu Bus Stand,42.78,3,2.5,314.52,Card,Shared,5.989,2.225
RIDE000743,Private,2025-03-11 11:00,2025-03-11 11:48,Perungudi,SRM University,41.81,1,,445.43,Wallet,Standard,8.028,0.0
RIDE000744,Private,2025-04-20 05:16,2025-04-20 05:49,Velachery,SRM University,37.26,1,,338.11,Card,Standard,7.154,0.0
RIDE000745,Private,2025-01-16 18:04,2025-01-16 18:33,Mylapore,Singaperumal Koil,30.85,1,,325.08,UPI,Standard,5.923,0.0
RIDE000746,Carpool,2025-03-25 14:05,2025-03-25 14:39,Anna Nagar,Chengalpattu Town,31.62,4,3.9,210.49,Wallet,Shared,4.427,1.644
RIDE000747,Carpool,2025-04-25 06:54,2025-04-25 07:24,Guindy,SRM University,30.39,3,2.7,212.96,Wallet,Shared,4.255,1.58
RIDE000748,Carpool,2025-03-15 14:46,2025-03-15 15:15,OMR Sholinganallur,Chengalpattu Town,30.15,2,1.8,220.12,Cash,Shared,4.221,1.568
RIDE000749,Private,2025-04-22 12:21,2025-04-22 13:14,Adyar,Mahindra City,56.21,1,,603.37,UPI,Standard,10.792,0.0
RIDE000750,Private,2025-01-26 19:28,2025-01-26 20:12,Guindy,Mahindra City,39.59,1,,398.15,UPI,Standard,7.601,0.0
RIDE000751,Carpool,2025-03-15 14:17,2025-03-15 15:26,Velachery,Singaperumal Koil,56.9,4,3.9,360.46,Card,Shared,7.966,2.959
RIDE000752,Carpool,2025-02-26 13:48,2025-02-26 14:40,Adyar,Chengalpattu Town,55.37,4,3.4,381.94,Wallet,Shared,7.752,2.879
RIDE000753,Private,2025-04-14 23:06,2025-04-15 00:13,Anna Nagar,Chengalpattu Town,62.14,1,,627.6,Card,Standard,11.931,0.0
RIDE000754,Private,2025-02-22 00:53,2025-02-22 01:25,Adyar,Chengalpattu Bus Stand,35.1,1,,352.89,Wallet,Standard,6.739,0.0
RIDE000755,Carpool,2025-04-22 02:05,2025-04-22 02:39,OMR Sholinganallur,Chengalpattu Bus Stand,37.6,2,1.6,258.51,Card,Shared,5.264,1.955
RIDE000756,Private,2025-03-10 05:57,2025-03-10 07:12,OMR Sholinganallur,SRM University,61.56,1,,636.4,UPI,Standard,11.82,0.0
RIDE000757,Carpool,2025-03-18 22:04,2025-03-18 23:06,Chromepet,Chengalpattu Town,50.07,4,4.0,327.95,Cash,Shared,7.01,2.603
RIDE000758,Private,2025-02-11 20:30,2025-02-11 21:05,Anna Nagar,Singaperumal Koil,33.89,1,,382.8,Card,Standard,6.507,0.0
RIDE000759,Private,2025-04-05 11:04,2025-04-05 11:55,Pallavaram,Chengalpattu Town,54.09,1,,544.49,Wallet,Standard,10.385,0.0
RIDE000760,Private,2025-04-11 01:21,2025-04-11 02:00,Pallavaram,Chengalpattu Town,31.68,1,,344.87,Card,Standard,6.083,0.0
RIDE000761,Carpool,2025-01-20 14:00,2025-01-20 14:45,T Nagar,Singaperumal Koil,46.82,4,4.0,330.29,Card,Shared,6.555,2.434
RIDE000762,Carpool,2025-01-27 20:50,2025-01-27 21:58,Velachery,Chengalpattu Town,58.88,4,3.5,392.76,UPI,Shared,8.243,3.062
RIDE000763,Private,2025-01-26 10:57,2025-01-26 11:51,Chromepet,Chengalpattu Town,53.18,1,,507.72,Cash,Standard,10.211,0.0
RIDE000764,Carpool,2025-03-12 01:50,2025-03-12 02:58,Anna Nagar,Chengalpattu Bus Stand,56.73,2,1.4,413.36,Cash,Shared,7.942,2.95
RIDE000765,Private,2025-04-28 20:03,2025-04-28 20:55,Pallavaram,Chengalpattu Bus Stand,48.21,1,,482.26,UPI,Standard,9.256,0.0
RIDE000766,Private,2025-02-27 05:15,2025-02-27 05:54,Mylapore,SRM University,41.93,1,,463.39,Card,Standard,8.051,0.0
RIDE000767,Private,2025-02-25 05:02,2025-02-25 05:39,Guindy,SRM University,38.65,1,,358.15,Cash,Standard,7.421,0.0
RIDE000768,Private,2025-01-02 07:58,2025-01-02 08:36,Pallavaram,Mahindra City,38.27,1,,426.38,UPI,Standard,7.348,0.0
RIDE000769,Carpool,2025-03-12 16:36,2025-03-12 17:18,Anna Nagar,Chengalpattu Town,37.15,4,3.7,237.95,Cash,Shared,5.201,1.932
RIDE000770,Private,2025-04-23 21:43,2025-04-23 22:29,Perungudi,Chengalpattu Bus Stand,39.5,1,,373.38,Wallet,Standard,7.584,0.0
RIDE000771,Private,2025-01-21 17:56,2025-01-21 18:50,Perungudi,Singaperumal Koil,53.99,1,,561.04,Cash,Standard,10.366,0.0
RIDE000772,Carpool,2025-03-11 00:20,2025-03-11 01:00,Mylapore,Mahindra City,41.57,4,3.7,314.94,Wallet,Shared,5.82,2.161
RIDE000773,Private,2025-04-07 15:20,2025-04-07 15:51,Perungudi,Singaperumal Koil,34.49,1,,387.27,Card,Standard,6.622,0.0
RIDE000774,Private,2025-01-05 06:49,2025-01-05 07:38,OMR Sholinganallur,Singaperumal Koil,43.99,1,,450.16,Cash,Standard,8.446,0.0
RIDE000775,Private,2025-04-03 10:32,2025-04-03 11:44,T Nagar,Mahindra City,59.63,1,,544.56,UPI,Standard,11.449,0.0
RIDE000776,Carpool,2025-04-29 03:12,2025-04-29 03:49,Pallavaram,Chengalpattu Bus Stand,34.18,4,3.6,264.69,Cash,Shared,4.785,1.778
RIDE000777,Carpool,2025-01-28 16:42,2025-01-28 17:31,Mylapore,Chengalpattu Bus Stand,46.39,4,3.6,294.25,Wallet,Shared,6.495,2.412
RIDE000778,Private,2025-04-16 06:33,2025-04-16 07:36,Chromepet,Mahindra City,59.24,1,,673.19,Wallet,Standard,11.374,0.0
RIDE000779,Private,2025-03-30 11:31,2025-03-30 12:23,Velachery,Singaperumal Koil,51.14,1,,580.29,Cash,Standard,9.819,0.0
RIDE000780,Carpool,2025-03-25 06:20,2025-03-25 07:23,Mylapore,Mahindra City,53.46,4,3.5,378.6,Cash,Shared,7.484,2.78
RIDE000781,Carpool,2025-01-19 01:19,2025-01-19 02:12,Mylapore,Chengalpattu Bus Stand,51.59,2,1.7,331.54,Wallet,Shared,7.223,2.682
RIDE000782,Carpool,2025-01-30 05:21,2025-01-30 05:58,Mylapore,Mahindra City,31.67,4,3.7,231.05,Wallet,Shared,4.434,1.647
RIDE000783,Private,2025-03-30 02:12,2025-03-30 03:17,Mylapore,Chengalpattu Bus Stand,56.98,1,,617.22,UPI,Standard,10.94,0.0
RIDE000784,Private,2025-04-23 07:13,2025-04-23 08:08,Pallavaram,Mahindra City,48.36,1,,515.84,UPI,Standard,9.285,0.0
RIDE000785,Carpool,2025-01-21 21:18,2025-01-21 22:04,Mylapore,Chengalpattu Town,49.04,4,3.9,329.25,Cash,Shared,6.866,2.55
RIDE000786,Carpool,2025-01-06 11:02,2025-01-06 11:59,Anna Nagar,Mahindra City,54.22,3,2.7,412.22,UPI,Shared,7.591,2.819
RIDE000787,Private,2025-02-11 00:27,2025-02-11 01:00,Adyar,Chengalpattu Bus Stand,35.26,1,,355.3,Card,Standard,6.77,0.0
RIDE000788,Carpool,2025-02-02 14:57,2025-02-02 15:51,OMR Sholinganallur,SRM University,44.32,4,3.4,301.03,Cash,Shared,6.205,2.304
RIDE000789,Carpool,2025-04-04 13:04,2025-04-04 14:00,Mylapore,Chengalpattu Town,55.24,4,3.5,371.48,UPI,Shared,7.734,2.872
RIDE000790,Carpool,2025-01-16 04:06,2025-01-16 04:58,Velachery,Chengalpattu Bus Stand,43.93,4,3.8,332.24,Wallet,Shared,6.15,2.285
RIDE000791,Carpool,2025-03-18 05:32,2025-03-18 06:03,Velachery,SRM University,33.4,2,1.7,245.75,Wallet,Shared,4.676,1.737
RIDE000792,Private,2025-04-28 12:46,2025-04-28 13:17,Anna Nagar,SRM University,32.83,1,,297.27,UPI,Standard,6.303,0.0
RIDE000793,Private,2025-02-16 01:40,2025-02-16 02:52,Chromepet,SRM University,58.5,1,,652.73,Wallet,Standard,11.232,0.0
RIDE000794,Carpool,2025-01-29 15:47,2025-01-29 16:34,Adyar,Singaperumal Koil,42.11,2,1.4,310.14,Cash,Shared,5.895,2.19
RIDE000795,Private,2025-03-27 12:27,2025-03-27 13:14,Pallavaram,Mahindra City,43.05,1,,408.15,Card,Standard,8.266,0.0
RIDE000796,Private,2025-03-15 06:50,2025-03-15 07:32,Tambaram,Singaperumal Koil,40.75,1,,412.63,UPI,Standard,7.824,0.0
RIDE000797,Private,2025-01-16 08:57,2025-01-16 09:43,T Nagar,Mahindra City,51.09,1,,574.93,Card,Standard,9.809,0.0
RIDE000798,Carpool,2025-01-08 17:49,2025-01-08 18:41,OMR Sholinganallur,SRM University,43.51,4,3.6,269.73,Cash,Shared,6.091,2.263
RIDE000799,Carpool,2025-03-29 03:07,2025-03-29 04:08,T Nagar,Mahindra City,58.35,3,3.0,446.23,Wallet,Shared,8.169,3.034
RIDE000800,Private,2025-01-22 23:24,2025-01-22 23:58,OMR Sholinganallur,Mahindra City,35.7,1,,358.97,Card,Standard,6.854,0.0
RIDE000801,Private,2025-03-19 10:28,2025-03-19 11:08,Tambaram,Chengalpattu Bus Stand,43.3,1,,415.22,Cash,Standard,8.314,0.0
RIDE000802,Carpool,2025-02-08 23:16,2025-02-09 00:16,Mylapore,Singaperumal Koil,62.92,4,3.9,402.16,Cash,Shared,8.809,3.272
RIDE000803,Private,2025-02-26 00:45,2025-02-26 01:21,Mylapore,Chengalpattu Bus Stand,31.43,1,,334.15,Wallet,Standard,6.035,0.0
RIDE000804,Carpool,2025-01-01 14:02,2025-01-01 14:44,Tambaram,Singaperumal Koil,34.93,3,2.4,263.57,Card,Shared,4.89,1.817
RIDE000805,Carpool,2025-01-20 17:14,2025-01-20 17:42,Anna Nagar,Singaperumal Koil,31.2,3,2.5,225.06,Wallet,Shared,4.368,1.622
RIDE000806,Carpool,2025-03-27 22:01,2025-03-27 22:56,Chromepet,SRM University,50.99,2,2.0,379.44,UPI,Shared,7.139,2.651
RIDE000807,Private,2025-01-10 06:28,2025-01-10 07:39,Velachery,Chengalpattu Town,60.22,1,,633.43,Wallet,Standard,11.562,0.0
RIDE000808,Private,2025-01-28 10:52,2025-01-28 11:43,Tambaram,SRM University,44.45,1,,480.91,UPI,Standard,8.534,0.0
RIDE000809,Carpool,2025-03-07 16:46,2025-03-07 17:38,Adyar,SRM University,51.73,2,1.6,371.87,Wallet,Shared,7.242,2.69
RIDE000810,Private,2025-03-18 19:07,2025-03-18 19:35,Adyar,Chengalpattu Town,30.08,1,,286.94,Cash,Standard,5.775,0.0
RIDE000811,Carpool,2025-01-18 06:30,2025-01-18 07:24,Guindy,Chengalpattu Town,56.89,2,1.8,345.53,Wallet,Shared,7.965,2.958
RIDE000812,Private,2025-03-26 06:00,2025-03-26 07:09,Chromepet,Chengalpattu Bus Stand,57.85,1,,542.17,Card,Standard,11.107,0.0
RIDE000813,Carpool,2025-03-14 10:04,2025-03-14 10:35,Tambaram,Mahindra City,30.71,2,1.7,239.25,Card,Shared,4.299,1.597
RIDE000814,Private,2025-04-30 13:57,2025-04-30 14:55,Perungudi,SRM University,63.32,1,,653.1,Cash,Standard,12.157,0.0
RIDE000815,Private,2025-01-25 01:02,2025-01-25 01:36,Guindy,Singaperumal Koil,37.29,1,,403.3,Wallet,Standard,7.16,0.0
RIDE000816,Carpool,2025-04-07 16:17,2025-04-07 17:16,Guindy,Chengalpattu Bus Stand,56.64,4,3.7,346.98,Cash,Shared,7.93,2.945
RIDE000817,Carpool,2025-02-13 02:05,2025-02-13 02:40,Anna Nagar,Mahindra City,31.51,3,2.7,202.42,Wallet,Shared,4.411,1.639
RIDE000818,Private,2025-02-18 03:59,2025-02-18 05:03,Guindy,Mahindra City,57.43,1,,530.08,Cash,Standard,11.027,0.0
RIDE000819,Private,2025-03-27 00:19,2025-03-27 01:23,Velachery,Singaperumal Koil,63.72,1,,574.9,Wallet,Standard,12.234,0.0
RIDE000820,Carpool,2025-03-17 10:48,2025-03-17 11:51,Velachery,Chengalpattu Town,54.89,4,3.7,426.27,UPI,Shared,7.685,2.854
RIDE000821,Carpool,2025-04-29 16:50,2025-04-29 17:45,Chromepet,Mahindra City,46.3,4,3.5,336.5,UPI,Shared,6.482,2.408
RIDE000822,Carpool,2025-04-19 18:40,2025-04-19 19:57,Adyar,SRM University,62.03,2,1.6,423.51,Card,Shared,8.684,3.226
RIDE000823,Private,2025-04-22 18:53,2025-04-22 20:05,Chromepet,Chengalpattu Bus Stand,61.14,1,,668.86,Cash,Standard,11.739,0.0
RIDE000824,Carpool,2025-01-13 05:18,2025-01-13 06:13,Perungudi,Singaperumal Koil,46.98,2,2.0,289.47,Wallet,Shared,6.577,2.443
RIDE000825,Private,2025-02-13 17:13,2025-02-13 18:06,Perungudi,Singaperumal Koil,51.84,1,,593.86,Cash,Standard,9.953,0.0
RIDE000826,Carpool,2025-04-20 15:05,2025-04-20 15:51,Mylapore,Singaperumal Koil,51.28,2,1.6,391.76,Card,Shared,7.179,2.667
RIDE000827,Private,2025-03-03 16:40,2025-03-03 17:36,T Nagar,Chengalpattu Bus Stand,60.43,1,,586.87,UPI,Standard,11.603,0.0
RIDE000828,Private,2025-03-10 23:59,2025-03-11 01:01,Chromepet,Mahindra City,56.41,1,,595.96,Cash,Standard,10.831,0.0
RIDE000829,Carpool,2025-03-17 01:28,2025-03-17 02:30,OMR Sholinganallur,Singaperumal Koil,51.16,3,2.9,359.87,Card,Shared,7.162,2.661
RIDE000830,Private,2025-01-19 04:52,2025-01-19 05:59,Adyar,Chengalpattu Town,61.98,1,,598.14,Cash,Standard,11.9,0.0
RIDE000831,Carpool,2025-02-14 17:18,2025-02-14 18:16,Guindy,SRM University,48.32,2,1.5,375.42,Wallet,Shared,6.765,2.512
RIDE000832,Private,2025-02-21 06:23,2025-02-21 07:08,Adyar,Singaperumal Koil,44.76,1,,409.9,Card,Standard,8.594,0.0
RIDE000833,Carpool,2025-04-27 02:12,2025-04-27 03:07,Adyar,Mahindra City,49.01,2,1.8,369.72,Cash,Shared,6.861,2.549
RIDE000834,Carpool,2025-02-20 09:51,2025-02-20 10:28,Pallavaram,Singaperumal Koil,34.72,2,1.6,260.69,Card,Shared,4.861,1.805
RIDE000835,Carpool,2025-03-03 11:14,2025-03-03 12:19,Tambaram,Chengalpattu Bus Stand,56.6,4,3.5,387.49,Cash,Shared,7.924,2.943
RIDE000836,Private,2025-03-16 06:49,2025-03-16 07:26,Chromepet,Mahindra City,32.58,1,,334.1,Cash,Standard,6.255,0.0
RIDE000837,Private,2025-04-23 19:25,2025-04-23 20:11,Chromepet,Chengalpattu Bus Stand,50.86,1,,479.5,UPI,Standard,9.765,0.0
RIDE000838,Carpool,2025-02-08 09:47,2025-02-08 10:19,Guindy,Singaperumal Koil,35.19,3,3.0,266.97,UPI,Shared,4.927,1.829
RIDE000839,Private,2025-01-11 05:16,2025-01-11 06:08,T Nagar,Chengalpattu Town,56.69,1,,558.73,Card,Standard,10.884,0.0
RIDE000840,Carpool,2025-03-03 08:45,2025-03-03 09:46,Chromepet,SRM University,58.53,3,2.8,412.47,Wallet,Shared,8.194,3.044
RIDE000841,Carpool,2025-03-18 10:20,2025-03-18 11:03,Velachery,Singaperumal Koil,35.41,2,2.0,271.94,Cash,Shared,4.957,1.842
RIDE000842,Carpool,2025-04-26 05:45,2025-04-26 06:52,Chromepet,Singaperumal Koil,63.32,3,3.0,490.79,Cash,Shared,8.865,3.292
RIDE000843,Private,2025-03-31 20:28,2025-03-31 21:14,Perungudi,SRM University,45.36,1,,421.8,Wallet,Standard,8.709,0.0
RIDE000844,Carpool,2025-02-08 19:04,2025-02-08 19:49,Perungudi,Singaperumal Koil,44.63,4,3.5,272.09,UPI,Shared,6.248,2.321
RIDE000845,Private,2025-04-15 10:50,2025-04-15 11:49,Guindy,SRM University,59.9,1,,642.79,Card,Standard,11.501,0.0
RIDE000846,Carpool,2025-01-14 16:45,2025-01-14 17:43,OMR Sholinganallur,Chengalpattu Town,52.16,2,1.9,372.35,Cash,Shared,7.302,2.713
RIDE000847,Private,2025-04-16 15:43,2025-04-16 16:16,Velachery,Chengalpattu Town,30.46,1,,331.71,Cash,Standard,5.848,0.0
RIDE000848,Carpool,2025-04-14 03:14,2025-04-14 04:10,OMR Sholinganallur,SRM University,61.79,2,1.7,391.07,Cash,Shared,8.651,3.213
RIDE000849,Carpool,2025-01-06 19:20,2025-01-06 20:08,OMR Sholinganallur,SRM University,49.6,4,3.9,368.13,Cash,Shared,6.944,2.579
RIDE000850,Private,2025-02-10 15:29,2025-02-10 16:35,OMR Sholinganallur,Singaperumal Koil,60.8,1,,665.53,Card,Standard,11.674,0.0
RIDE000851,Private,2025-01-19 03:01,2025-01-19 03:54,Mylapore,Chengalpattu Town,51.86,1,,515.91,Cash,Standard,9.957,0.0
RIDE000852,Carpool,2025-03-01 02:54,2025-03-01 03:55,Velachery,Chengalpattu Town,51.53,3,2.9,339.65,UPI,Shared,7.214,2.68
RIDE000853,Private,2025-03-24 04:06,2025-03-24 05:03,Adyar,Singaperumal Koil,60.8,1,,634.59,Cash,Standard,11.674,0.0
RIDE000854,Carpool,2025-01-15 18:35,2025-01-15 19:29,Velachery,Chengalpattu Bus Stand,46.78,2,1.8,331.6,Wallet,Shared,6.549,2.433
RIDE000855,Private,2025-04-03 23:46,2025-04-04 00:47,Tambaram,Chengalpattu Town,52.33,1,,534.28,Card,Standard,10.047,0.0
RIDE000856,Private,2025-01-20 18:37,2025-01-20 19:20,Guindy,Mahindra City,39.13,1,,423.61,Wallet,Standard,7.513,0.0
RIDE000857,Carpool,2025-02-20 07:25,2025-02-20 08:25,OMR Sholinganallur,SRM University,63.49,4,3.8,488.2,Wallet,Shared,8.889,3.301
RIDE000858,Carpool,2025-01-16 21:33,2025-01-16 22:37,Guindy,Chengalpattu Bus Stand,59.81,2,1.7,440.56,Card,Shared,8.373,3.111
RIDE000859,Private,2025-01-19 05:31,2025-01-19 06:03,Guindy,SRM University,32.07,1,,352.37,UPI,Standard,6.157,0.0
RIDE000860,Private,2025-01-07 00:50,2025-01-07 01:22,Velachery,Chengalpattu Town,32.19,1,,303.73,Card,Standard,6.18,0.0
RIDE000861,Carpool,2025-04-09 16:02,2025-04-09 16:59,OMR Sholinganallur,Singaperumal Koil,53.43,3,2.5,383.65,Wallet,Shared,7.48,2.779
RIDE000862,Private,2025-03-21 19:49,2025-03-21 20:50,T Nagar,Singaperumal Koil,52.44,1,,592.59,Cash,Standard,10.068,0.0
RIDE000863,Private,2025-04-02 21:56,2025-04-02 22:33,Perungudi,SRM University,37.81,1,,364.14,UPI,Standard,7.26,0.0
RIDE000864,Carpool,2025-02-01 06:18,2025-02-01 06:59,Tambaram,Singaperumal Koil,41.14,2,2.0,291.53,UPI,Shared,5.76,2.139
RIDE000865,Carpool,2025-01-31 22:52,2025-01-31 23:59,Anna Nagar,SRM University,62.17,2,1.5,424.99,Cash,Shared,8.704,3.233
RIDE000866,Private,2025-03-08 08:55,2025-03-08 09:44,Anna Nagar,SRM University,54.14,1,,615.01,Wallet,Standard,10.395,0.0
RIDE000867,Private,2025-01-17 12:50,2025-01-17 13:54,Pallavaram,Chengalpattu Bus Stand,63.65,1,,683.43,UPI,Standard,12.221,0.0
RIDE000868,Carpool,2025-01-18 23:23,2025-01-19 00:27,Chromepet,Mahindra City,62.96,2,1.7,423.66,Wallet,Shared,8.814,3.274
RIDE000869,Carpool,2025-02-09 06:43,2025-02-09 07:35,Chromepet,Singaperumal Koil,54.4,3,2.8,406.46,Card,Shared,7.616,2.829
RIDE000870,Private,2025-03-25 00:31,2025-03-25 01:35,Chromepet,Mahindra City,57.89,1,,579.92,Card,Standard,11.115,0.0
RIDE000871,Carpool,2025-03-27 17:31,2025-03-27 18:22,Chromepet,Chengalpattu Bus Stand,55.42,2,1.9,432.0,UPI,Shared,7.759,2.882
RIDE000872,Private,2025-01-12 06:48,2025-01-12 07:31,OMR Sholinganallur,SRM University,42.25,1,,442.0,Wallet,Standard,8.112,0.0
RIDE000873,Private,2025-02-17 21:20,2025-02-17 22:19,Velachery,Singaperumal Koil,50.57,1,,461.02,Cash,Standard,9.709,0.0
RIDE000874,Carpool,2025-03-02 10:27,2025-03-02 11:15,Pallavaram,Singaperumal Koil,44.73,3,2.4,346.4,Card,Shared,6.262,2.326
RIDE000875,Private,2025-03-16 03:17,2025-03-16 04:01,Tambaram,SRM University,42.73,1,,393.16,Card,Standard,8.204,0.0
RIDE000876,Private,2025-02-02 16:46,2025-02-02 17:42,Pallavaram,Chengalpattu Town,50.13,1,,526.67,Card,Standard,9.625,0.0
RIDE000877,Private,2025-01-03 11:55,2025-01-03 12:40,Chromepet,SRM University,39.96,1,,440.83,UPI,Standard,7.672,0.0
RIDE000878,Private,2025-01-18 22:15,2025-01-18 22:53,Perungudi,Singaperumal Koil,36.22,1,,387.95,UPI,Standard,6.954,0.0
RIDE000879,Carpool,2025-01-30 04:37,2025-01-30 05:26,OMR Sholinganallur,Chengalpattu Town,49.92,4,4.0,381.53,Cash,Shared,6.989,2.596
RIDE000880,Private,2025-03-20 08:09,2025-03-20 08:58,Guindy,Chengalpattu Bus Stand,45.25,1,,427.52,Cash,Standard,8.688,0.0
RIDE000881,Private,2025-01-20 08:31,2025-01-20 09:10,Mylapore,Chengalpattu Town,34.91,1,,348.14,Card,Standard,6.703,0.0
RIDE000882,Carpool,2025-02-17 07:13,2025-02-17 08:24,Mylapore,SRM University,58.4,2,1.9,427.45,UPI,Shared,8.176,3.037
RIDE000883,Carpool,2025-02-10 02:06,2025-02-10 02:43,Chromepet,SRM University,33.27,2,1.5,238.64,Card,Shared,4.658,1.73
RIDE000884,Private,2025-02-05 11:28,2025-02-05 12:07,Mylapore,Chengalpattu Bus Stand,39.06,1,,382.99,UPI,Standard,7.5,0.0
RIDE000885,Carpool,2025-02-03 16:28,2025-02-03 17:07,Adyar,Singaperumal Koil,43.5,4,3.6,297.75,Cash,Shared,6.09,2.262
RIDE000886,Private,2025-01-01 07:50,2025-01-01 08:33,OMR Sholinganallur,Singaperumal Koil,36.49,1,,346.07,Wallet,Standard,7.006,0.0
RIDE000887,Private,2025-04-21 10:34,2025-04-21 11:18,Velachery,SRM University,42.01,1,,384.23,UPI,Standard,8.066,0.0
RIDE000888,Carpool,2025-04-04 04:03,2025-04-04 04:41,Tambaram,Chengalpattu Town,33.97,2,1.4,205.69,UPI,Shared,4.756,1.766
RIDE000889,Private,2025-02-19 06:12,2025-02-19 06:53,Velachery,Singaperumal Koil,44.02,1,,495.02,Wallet,Standard,8.452,0.0
RIDE000890,Carpool,2025-02-10 21:10,2025-02-10 22:05,Perungudi,Singaperumal Koil,50.66,2,1.9,376.21,UPI,Shared,7.092,2.635
RIDE000891,Private,2025-02-23 10:01,2025-02-23 11:02,Adyar,Singaperumal Koil,62.72,1,,677.2,Card,Standard,12.042,0.0
RIDE000892,Carpool,2025-04-12 04:00,2025-04-12 04:51,OMR Sholinganallur,Singaperumal Koil,41.31,3,2.6,315.89,Wallet,Shared,5.783,2.149
RIDE000893,Carpool,2025-04-17 03:42,2025-04-17 04:23,Anna Nagar,Singaperumal Koil,34.05,3,2.7,245.14,Card,Shared,4.767,1.771
RIDE000894,Carpool,2025-04-18 10:22,2025-04-18 11:37,Velachery,SRM University,64.55,3,2.8,449.08,Cash,Shared,9.037,3.357
RIDE000895,Carpool,2025-01-11 20:02,2025-01-11 20:38,Guindy,Chengalpattu Town,30.99,4,3.7,228.4,Wallet,Shared,4.339,1.611
RIDE000896,Private,2025-03-04 12:19,2025-03-04 13:24,Chromepet,SRM University,52.56,1,,490.95,Wallet,Standard,10.092,0.0
RIDE000897,Carpool,2025-03-27 07:55,2025-03-27 09:03,Velachery,Chengalpattu Town,56.15,3,2.8,363.86,Cash,Shared,7.861,2.92
RIDE000898,Carpool,2025-04-05 14:58,2025-04-05 16:12,Tambaram,Singaperumal Koil,63.58,2,1.5,424.62,Cash,Shared,8.901,3.306
RIDE000899,Carpool,2025-01-26 18:09,2025-01-26 19:14,Perungudi,Chengalpattu Town,59.06,4,3.7,391.79,UPI,Shared,8.268,3.072
RIDE000900,Carpool,2025-04-15 20:03,2025-04-15 20:33,Guindy,Chengalpattu Bus Stand,30.93,3,2.9,220.25,Cash,Shared,4.33,1.609
RIDE000901,Private,2025-02-06 19:01,2025-02-06 19:36,Chromepet,Chengalpattu Bus Stand,37.79,1,,426.15,Cash,Standard,7.256,0.0
RIDE000902,Private,2025-01-08 01:48,2025-01-08 02:46,Chromepet,Chengalpattu Bus Stand,55.97,1,,519.44,UPI,Standard,10.746,0.0
RIDE000903,Private,2025-03-01 13:41,2025-03-01 14:22,T Nagar,Chengalpattu Town,41.76,1,,472.46,Cash,Standard,8.018,0.0
RIDE000904,Private,2025-01-05 22:37,2025-01-05 23:20,Guindy,Chengalpattu Bus Stand,42.95,1,,424.61,Card,Standard,8.246,0.0
RIDE000905,Private,2025-04-03 06:01,2025-04-03 06:51,OMR Sholinganallur,Mahindra City,49.74,1,,472.52,UPI,Standard,9.55,0.0
RIDE000906,Carpool,2025-01-10 04:33,2025-01-10 05:16,Chromepet,Mahindra City,41.18,3,2.9,250.89,Cash,Shared,5.765,2.142
RIDE000907,Private,2025-03-28 00:17,2025-03-28 00:54,Pallavaram,Singaperumal Koil,35.03,1,,324.05,Card,Standard,6.726,0.0
RIDE000908,Private,2025-02-19 18:17,2025-02-19 19:01,Guindy,Chengalpattu Bus Stand,48.75,1,,474.59,Wallet,Standard,9.36,0.0
RIDE000909,Private,2025-03-26 03:28,2025-03-26 04:14,Velachery,Mahindra City,47.32,1,,477.2,Card,Standard,9.085,0.0
RIDE000910,Private,2025-03-13 00:05,2025-03-13 01:11,T Nagar,Chengalpattu Town,60.48,1,,639.78,Cash,Standard,11.612,0.0
RIDE000911,Carpool,2025-03-01 03:22,2025-03-01 04:25,Chromepet,SRM University,60.54,4,3.9,461.27,Card,Shared,8.476,3.148
RIDE000912,Carpool,2025-03-23 12:21,2025-03-23 12:54,Tambaram,SRM University,36.37,2,1.7,243.43,Card,Shared,5.092,1.891
RIDE000913,Carpool,2025-04-25 00:28,2025-04-25 01:03,Adyar,Chengalpattu Bus Stand,30.41,2,1.6,187.3,Cash,Shared,4.257,1.582
RIDE000914,Private,2025-04-07 03:23,2025-04-07 04:02,Tambaram,Chengalpattu Town,38.8,1,,380.6,Card,Standard,7.45,0.0
RIDE000915,Carpool,2025-03-31 17:59,2025-03-31 18:29,Perungudi,SRM University,32.48,2,2.0,246.14,Cash,Shared,4.547,1.689
RIDE000916,Carpool,2025-01-28 20:36,2025-01-28 21:13,T Nagar,Chengalpattu Town,33.14,3,2.9,220.51,Cash,Shared,4.64,1.723
RIDE000917,Carpool,2025-04-10 08:32,2025-04-10 09:05,T Nagar,Chengalpattu Town,31.42,4,3.5,235.84,Cash,Shared,4.399,1.634
RIDE000918,Carpool,2025-04-05 03:39,2025-04-05 04:33,T Nagar,SRM University,58.93,2,1.9,368.89,UPI,Shared,8.25,3.065
RIDE000919,Private,2025-03-04 02:51,2025-03-04 03:19,Perungudi,SRM University,31.06,1,,320.43,UPI,Standard,5.964,0.0
RIDE000920,Private,2025-02-03 10:48,2025-02-03 11:29,Tambaram,Chengalpattu Bus Stand,44.47,1,,453.97,Card,Standard,8.538,0.0
RIDE000921,Carpool,2025-04-21 00:08,2025-04-21 01:07,Velachery,SRM University,51.68,4,3.8,390.53,Wallet,Shared,7.235,2.688
RIDE000922,Private,2025-03-05 06:38,2025-03-05 07:34,Velachery,Singaperumal Koil,45.56,1,,433.83,Cash,Standard,8.748,0.0
RIDE000923,Private,2025-02-06 21:48,2025-02-06 22:55,Chromepet,SRM University,64.29,1,,607.94,UPI,Standard,12.344,0.0
RIDE000924,Carpool,2025-01-23 13:26,2025-01-23 14:07,Velachery,Mahindra City,41.05,2,1.5,280.31,Card,Shared,5.747,2.135
RIDE000925,Carpool,2025-01-01 05:26,2025-01-01 06:18,Guindy,SRM University,44.39,3,2.7,307.95,Wallet,Shared,6.215,2.308
RIDE000926,Private,2025-03-15 21:59,2025-03-15 22:57,Tambaram,Chengalpattu Bus Stand,56.22,1,,560.69,Card,Standard,10.794,0.0
RIDE000927,Carpool,2025-03-31 00:26,2025-03-31 01:21,Perungudi,Mahindra City,48.81,4,3.8,330.61,Card,Shared,6.833,2.539
RIDE000928,Private,2025-02-06 05:38,2025-02-06 06:24,Guindy,SRM University,44.59,1,,412.77,Wallet,Standard,8.561,0.0
RIDE000929,Carpool,2025-01-19 00:05,2025-01-19 01:07,Tambaram,Chengalpattu Bus Stand,63.24,2,1.5,389.89,Wallet,Shared,8.854,3.288
RIDE000930,Carpool,2025-03-28 14:02,2025-03-28 14:53,Perungudi,Singaperumal Koil,51.26,2,1.7,328.0,Wallet,Shared,7.176,2.666
RIDE000931,Carpool,2025-02-06 02:50,2025-02-06 03:23,Pallavaram,Mahindra City,34.38,3,2.8,209.54,Wallet,Shared,4.813,1.788
RIDE000932,Carpool,2025-02-19 18:23,2025-02-19 19:31,Guindy,Singaperumal Koil,55.36,2,1.6,391.94,Cash,Shared,7.75,2.879
RIDE000933,Carpool,2025-02-13 15:43,2025-02-13 16:36,T Nagar,Chengalpattu Bus Stand,56.98,4,3.5,430.91,Card,Shared,7.977,2.963
RIDE000934,Carpool,2025-03-18 07:30,2025-03-18 08:23,Perungudi,Mahindra City,51.06,4,3.7,318.38,Cash,Shared,7.148,2.656
RIDE000935,Private,2025-01-17 16:20,2025-01-17 16:48,T Nagar,Chengalpattu Town,30.9,1,,339.29,Card,Standard,5.933,0.0
RIDE000936,Carpool,2025-04-09 12:09,2025-04-09 13:03,Velachery,Chengalpattu Bus Stand,48.71,3,2.9,320.8,Wallet,Shared,6.819,2.533
RIDE000937,Carpool,2025-04-27 14:41,2025-04-27 15:38,Chromepet,Mahindra City,46.01,3,2.6,312.07,UPI,Shared,6.441,2.393
RIDE000938,Private,2025-03-17 02:03,2025-03-17 03:09,T Nagar,Chengalpattu Bus Stand,59.41,1,,591.69,UPI,Standard,11.407,0.0
RIDE000939,Carpool,2025-04-03 09:50,2025-04-03 11:00,T Nagar,Chengalpattu Town,64.66,3,2.7,501.52,Card,Shared,9.052,3.363
RIDE000940,Carpool,2025-04-02 07:54,2025-04-02 08:38,Chromepet,Singaperumal Koil,46.62,2,1.9,360.14,Card,Shared,6.527,2.424
RIDE000941,Carpool,2025-02-16 20:52,2025-02-16 21:22,Guindy,Chengalpattu Bus Stand,33.53,3,3.0,251.26,Wallet,Shared,4.694,1.744
RIDE000942,Carpool,2025-04-08 20:34,2025-04-08 21:12,Guindy,Mahindra City,31.13,3,2.5,192.0,Wallet,Shared,4.358,1.619
RIDE000943,Private,2025-02-15 13:35,2025-02-15 14:13,Mylapore,Chengalpattu Bus Stand,33.57,1,,305.18,Wallet,Standard,6.445,0.0
RIDE000944,Carpool,2025-04-08 23:01,2025-04-08 23:45,Perungudi,Mahindra City,35.99,3,2.8,279.34,Wallet,Shared,5.039,1.871
RIDE000945,Private,2025-03-27 05:14,2025-03-27 05:54,Tambaram,SRM University,35.54,1,,389.96,Card,Standard,6.824,0.0
RIDE000946,Carpool,2025-03-18 23:28,2025-03-19 00:09,Chromepet,Chengalpattu Bus Stand,35.39,4,3.9,242.93,Card,Shared,4.955,1.84
RIDE000947,Carpool,2025-03-29 16:03,2025-03-29 17:01,T Nagar,SRM University,63.61,4,3.5,453.0,Card,Shared,8.905,3.308
RIDE000948,Private,2025-01-01 23:29,2025-01-02 00:45,Tambaram,Chengalpattu Bus Stand,62.29,1,,710.79,Cash,Standard,11.96,0.0
RIDE000949,Carpool,2025-03-12 05:06,2025-03-12 06:24,Pallavaram,SRM University,63.31,2,1.7,481.33,Card,Shared,8.863,3.293
RIDE000950,Private,2025-01-01 22:10,2025-01-01 23:08,Perungudi,Singaperumal Koil,62.26,1,,677.07,UPI,Standard,11.954,0.0
RIDE000951,Private,2025-03-27 04:23,2025-03-27 05:06,Guindy,SRM University,40.41,1,,376.85,UPI,Standard,7.759,0.0
RIDE000952,Carpool,2025-04-23 15:00,2025-04-23 15:39,T Nagar,SRM University,37.59,3,2.5,292.7,Wallet,Shared,5.263,1.954
RIDE000953,Carpool,2025-02-03 14:39,2025-02-03 15:21,Pallavaram,Mahindra City,40.42,4,3.7,291.17,UPI,Shared,5.659,2.102
RIDE000954,Carpool,2025-04-01 16:09,2025-04-01 17:16,Mylapore,Chengalpattu Town,64.29,3,2.7,412.1,Cash,Shared,9.001,3.343
RIDE000955,Private,2025-02-04 04:11,2025-02-04 04:57,OMR Sholinganallur,Chengalpattu Town,40.81,1,,461.03,Card,Standard,7.836,0.0
RIDE000956,Private,2025-02-07 05:54,2025-02-07 06:59,Tambaram,SRM University,52.67,1,,578.85,Cash,Standard,10.113,0.0
RIDE000957,Private,2025-02-26 11:40,2025-02-26 12:36,Velachery,SRM University,58.66,1,,601.31,Cash,Standard,11.263,0.0
RIDE000958,Private,2025-03-22 04:26,2025-03-22 05:24,Mylapore,Singaperumal Koil,59.69,1,,576.41,Cash,Standard,11.46,0.0
RIDE000959,Private,2025-04-15 13:20,2025-04-15 14:15,Pallavaram,Chengalpattu Town,59.74,1,,622.7,Cash,Standard,11.47,0.0
RIDE000960,Private,2025-02-06 03:59,2025-02-06 05:10,Mylapore,Singaperumal Koil,60.98,1,,632.45,Wallet,Standard,11.708,0.0
RIDE000961,Private,2025-01-17 21:00,2025-01-17 21:36,Guindy,SRM University,30.3,1,,297.83,Wallet,Standard,5.818,0.0
RIDE000962,Carpool,2025-04-06 01:01,2025-04-06 01:30,Adyar,Mahindra City,32.37,3,2.8,232.47,Wallet,Shared,4.532,1.683
RIDE000963,Carpool,2025-04-01 16:09,2025-04-01 17:15,Perungudi,Chengalpattu Bus Stand,57.62,2,1.9,418.27,Cash,Shared,8.067,2.996
RIDE000964,Carpool,2025-03-21 14:58,2025-03-21 15:40,Adyar,Chengalpattu Town,34.11,2,1.9,265.18,UPI,Shared,4.775,1.774
RIDE000965,Private,2025-01-24 02:49,2025-01-24 04:00,Mylapore,Mahindra City,62.07,1,,629.14,Wallet,Standard,11.917,0.0
RIDE000966,Carpool,2025-03-23 04:19,2025-03-23 05:17,Chromepet,Singaperumal Koil,64.15,4,3.4,386.62,Wallet,Shared,8.981,3.336
RIDE000967,Private,2025-03-16 07:40,2025-03-16 08:18,Pallavaram,Singaperumal Koil,40.03,1,,429.71,UPI,Standard,7.686,0.0
RIDE000968,Private,2025-03-31 19:35,2025-03-31 20:24,Guindy,Mahindra City,53.06,1,,496.57,UPI,Standard,10.188,0.0
RIDE000969,Carpool,2025-03-10 12:41,2025-03-10 13:48,Adyar,Chengalpattu Bus Stand,64.6,3,2.7,434.16,UPI,Shared,9.044,3.359
RIDE000970,Private,2025-01-21 21:12,2025-01-21 22:26,Guindy,Chengalpattu Town,63.23,1,,707.7,UPI,Standard,12.14,0.0
RIDE000971,Private,2025-04-18 12:06,2025-04-18 12:40,OMR Sholinganallur,SRM University,37.77,1,,352.33,Card,Standard,7.252,0.0
RIDE000972,Carpool,2025-04-07 08:36,2025-04-07 09:10,Mylapore,Chengalpattu Town,31.19,2,1.8,217.5,Wallet,Shared,4.367,1.621
RIDE000973,Carpool,2025-03-29 12:12,2025-03-29 12:54,Guindy,Mahindra City,37.91,2,1.4,285.64,Card,Shared,5.307,1.972
RIDE000974,Carpool,2025-02-11 19:28,2025-02-11 20:31,Pallavaram,Chengalpattu Bus Stand,63.89,2,1.8,453.24,UPI,Shared,8.945,3.322
RIDE000975,Private,2025-04-23 08:42,2025-04-23 09:22,OMR Sholinganallur,Singaperumal Koil,37.85,1,,391.13,Card,Standard,7.267,0.0
RIDE000976,Private,2025-02-23 02:31,2025-02-23 03:12,Adyar,Mahindra City,37.84,1,,345.93,UPI,Standard,7.265,0.0
RIDE000977,Carpool,2025-02-10 00:44,2025-02-10 01:31,Pallavaram,Mahindra City,42.96,3,2.6,272.78,Wallet,Shared,6.014,2.234
RIDE000978,Carpool,2025-03-12 16:17,2025-03-12 16:51,T Nagar,SRM University,32.15,4,3.9,228.24,UPI,Shared,4.501,1.672
RIDE000979,Private,2025-01-13 09:13,2025-01-13 10:03,T Nagar,Mahindra City,48.01,1,,531.65,Cash,Standard,9.218,0.0
RIDE000980,Carpool,2025-02-13 11:18,2025-02-13 11:59,Perungudi,Singaperumal Koil,38.46,2,1.8,271.87,UPI,Shared,5.384,2.0
RIDE000981,Private,2025-02-20 05:13,2025-02-20 05:55,Chromepet,Chengalpattu Bus Stand,42.73,1,,406.27,Card,Standard,8.204,0.0
RIDE000982,Carpool,2025-03-23 11:22,2025-03-23 12:03,Mylapore,Chengalpattu Town,39.61,2,1.5,268.72,Cash,Shared,5.545,2.06
RIDE000983,Carpool,2025-04-25 00:43,2025-04-25 01:38,Mylapore,Singaperumal Koil,49.88,4,3.9,351.14,Card,Shared,6.983,2.594
RIDE000984,Private,2025-01-12 02:40,2025-01-12 03:19,T Nagar,Mahindra City,40.91,1,,452.71,Wallet,Standard,7.855,0.0
RIDE000985,Carpool,2025-04-05 16:38,2025-04-05 17:50,OMR Sholinganallur,Chengalpattu Bus Stand,60.11,2,1.8,373.08,Wallet,Shared,8.415,3.126
RIDE000986,Carpool,2025-02-19 03:43,2025-02-19 04:16,Anna Nagar,Chengalpattu Bus Stand,31.92,2,1.8,210.41,UPI,Shared,4.469,1.66
RIDE000987,Carpool,2025-02-13 20:00,2025-02-13 20:35,T Nagar,Singaperumal Koil,35.59,2,1.8,222.21,Wallet,Shared,4.983,1.85
RIDE000988,Private,2025-01-17 23:20,2025-01-17 23:59,Chromepet,Singaperumal Koil,41.4,1,,416.55,Wallet,Standard,7.949,0.0
RIDE000989,Carpool,2025-01-16 14:16,2025-01-16 14:53,Mylapore,Chengalpattu Town,36.9,2,1.4,285.34,UPI,Shared,5.166,1.919
RIDE000990,Carpool,2025-02-06 03:11,2025-02-06 04:03,OMR Sholinganallur,Mahindra City,42.64,3,2.6,294.32,Card,Shared,5.97,2.217
RIDE000991,Carpool,2025-02-13 23:18,2025-02-14 00:15,Guindy,Chengalpattu Town,55.62,4,3.6,366.1,Card,Shared,7.787,2.892
RIDE000992,Private,2025-03-02 07:26,2025-03-02 08:44,Mylapore,SRM University,62.82,1,,567.76,Wallet,Standard,12.061,0.0
RIDE000993,Private,2025-03-08 12:23,2025-03-08 13:09,Tambaram,Chengalpattu Town,49.85,1,,490.96,Card,Standard,9.571,0.0
RIDE000994,Private,2025-01-06 01:22,2025-01-06 02:13,Velachery,Mahindra City,43.89,1,,397.4,Cash,Standard,8.427,0.0
RIDE000995,Carpool,2025-03-23 10:26,2025-03-23 10:59,Anna Nagar,Chengalpattu Town,35.8,2,1.9,224.96,UPI,Shared,5.012,1.862
RIDE000996,Carpool,2025-03-16 20:31,2025-03-16 21:16,Guindy,Singaperumal Koil,40.43,4,3.7,298.71,Wallet,Shared,5.66,2.103
RIDE000997,Private,2025-03-30 02:12,2025-03-30 03:27,Anna Nagar,Mahindra City,61.64,1,,648.99,UPI,Standard,11.835,0.0
RIDE000998,Private,2025-03-16 15:01,2025-03-16 15:45,Anna Nagar,SRM University,43.45,1,,489.24,UPI,Standard,8.342,0.0
RIDE000999,Private,2025-04-03 07:46,2025-04-03 08:31,Mylapore,Chengalpattu Town,40.92,1,,464.38,Card,Standard,7.857,0.0
RIDE001000,Private,2025-04-18 03:37,2025-04-18 04:45,Tambaram,Mahindra City,57.56,1,,580.7,UPI,Standard,11.052,0.0
RIDE001001,Carpool,2025-02-11 05:54,2025-02-11 06:39,Velachery,Mahindra City,45.4,3,2.6,303.93,Cash,Shared,6.356,2.361
RIDE001002,Private,2025-02-14 20:39,2025-02-14 21:42,Adyar,Singaperumal Koil,53.51,1,,515.64,Cash,Standard,10.274,0.0
RIDE001003,Carpool,2025-03-27 09:25,2025-03-27 10:28,Pallavaram,Singaperumal Koil,55.28,4,3.6,398.65,Card,Shared,7.739,2.875
RIDE001004,Carpool,2025-01-29 08:13,2025-01-29 09:01,Velachery,Chengalpattu Bus Stand,40.11,3,2.9,268.08,Cash,Shared,5.615,2.086
RIDE001005,Private,2025-04-25 13:41,2025-04-25 14:54,Mylapore,SRM University,60.07,1,,547.69,Cash,Standard,11.533,0.0
RIDE001006,Private,2025-03-26 13:21,2025-03-26 14:15,T Nagar,Chengalpattu Town,59.84,1,,621.76,Card,Standard,11.489,0.0
RIDE001007,Carpool,2025-02-11 07:06,2025-02-11 08:03,Perungudi,Mahindra City,63.37,4,3.5,382.29,Wallet,Shared,8.872,3.295
RIDE001008,Carpool,2025-02-24 04:12,2025-02-24 05:22,Velachery,Chengalpattu Bus Stand,64.52,3,2.8,466.16,Card,Shared,9.033,3.355
RIDE001009,Private,2025-03-07 21:12,2025-03-07 21:56,Perungudi,Chengalpattu Bus Stand,46.58,1,,449.37,Card,Standard,8.943,0.0
RIDE001010,Private,2025-01-05 12:20,2025-01-05 13:24,Perungudi,Singaperumal Koil,58.46,1,,580.16,Cash,Standard,11.224,0.0
RIDE001011,Carpool,2025-03-13 19:19,2025-03-13 20:14,Adyar,Mahindra City,48.11,2,1.6,328.6,Cash,Shared,6.735,2.502
RIDE001012,Carpool,2025-01-13 04:21,2025-01-13 05:03,Pallavaram,SRM University,36.45,2,1.6,271.17,Card,Shared,5.103,1.895
RIDE001013,Private,2025-03-29 17:55,2025-03-29 18:40,OMR Sholinganallur,Chengalpattu Town,40.77,1,,436.02,Card,Standard,7.828,0.0
RIDE001014,Carpool,2025-04-06 18:54,2025-04-06 20:04,Tambaram,Singaperumal Koil,56.44,4,3.8,421.3,UPI,Shared,7.902,2.934
RIDE001015,Private,2025-04-12 00:05,2025-04-12 00:36,Mylapore,Mahindra City,30.62,1,,293.82,Card,Standard,5.879,0.0
RIDE001016,Private,2025-01-18 10:38,2025-01-18 11:27,Pallavaram,Mahindra City,43.15,1,,437.88,UPI,Standard,8.285,0.0
RIDE001017,Carpool,2025-02-07 02:56,2025-02-07 03:39,Anna Nagar,Chengalpattu Town,45.27,4,3.9,341.53,Card,Shared,6.338,2.354
RIDE001018,Private,2025-04-26 13:18,2025-04-26 14:03,Perungudi,Chengalpattu Town,44.93,1,,413.05,Card,Standard,8.627,0.0
RIDE001019,Private,2025-01-24 12:22,2025-01-24 13:09,Chromepet,Chengalpattu Bus Stand,48.08,1,,432.86,Wallet,Standard,9.231,0.0
RIDE001020,Carpool,2025-03-29 07:46,2025-03-29 08:25,Tambaram,Mahindra City,42.09,3,2.6,304.8,UPI,Shared,5.893,2.188
RIDE001021,Carpool,2025-01-10 13:15,2025-01-10 13:43,Mylapore,SRM University,30.2,2,1.9,185.1,UPI,Shared,4.228,1.57
RIDE001022,Carpool,2025-03-17 09:51,2025-03-17 10:43,Guindy,Singaperumal Koil,50.86,2,1.8,390.65,UPI,Shared,7.12,2.645
RIDE001023,Carpool,2025-03-03 15:04,2025-03-03 15:37,Pallavaram,Chengalpattu Bus Stand,33.6,4,3.9,241.77,Cash,Shared,4.704,1.747
RIDE001024,Private,2025-03-23 14:41,2025-03-23 15:55,Tambaram,SRM University,64.23,1,,588.64,UPI,Standard,12.332,0.0
RIDE001025,Carpool,2025-03-17 12:33,2025-03-17 13:30,OMR Sholinganallur,Singaperumal Koil,49.81,3,2.8,348.32,Cash,Shared,6.973,2.591
RIDE001026,Private,2025-03-16 03:31,2025-03-16 04:13,Velachery,SRM University,45.23,1,,417.52,Wallet,Standard,8.684,0.0
RIDE001027,Private,2025-01-23 09:22,2025-01-23 10:27,Anna Nagar,Chengalpattu Town,64.93,1,,719.21,Wallet,Standard,12.467,0.0
RIDE001028,Private,2025-03-06 01:41,2025-03-06 02:17,Chromepet,Chengalpattu Town,38.4,1,,407.22,Wallet,Standard,7.373,0.0
RIDE001029,Carpool,2025-01-23 04:02,2025-01-23 04:45,Perungudi,Chengalpattu Bus Stand,38.91,2,1.7,240.21,Wallet,Shared,5.447,2.024
RIDE001030,Carpool,2025-02-22 03:44,2025-02-22 04:34,Mylapore,Singaperumal Koil,52.26,4,3.5,335.62,Wallet,Shared,7.316,2.718
RIDE001031,Private,2025-02-02 10:53,2025-02-02 11:33,Anna Nagar,Singaperumal Koil,36.26,1,,334.96,Wallet,Standard,6.962,0.0
RIDE001032,Carpool,2025-01-14 21:33,2025-01-14 22:20,OMR Sholinganallur,Mahindra City,38.58,4,4.0,270.22,Wallet,Shared,5.401,2.006
RIDE001033,Private,2025-01-07 21:33,2025-01-07 22:29,Mylapore,Chengalpattu Town,53.27,1,,526.16,Wallet,Standard,10.228,0.0
RIDE001034,Carpool,2025-04-21 04:30,2025-04-21 05:02,Pallavaram,SRM University,33.1,3,2.9,245.37,Wallet,Shared,4.634,1.721
RIDE001035,Private,2025-03-05 04:10,2025-03-05 05:17,Guindy,SRM University,60.92,1,,617.22,Card,Standard,11.697,0.0
RIDE001036,Carpool,2025-03-14 20:53,2025-03-14 21:32,Guindy,Chengalpattu Town,33.04,2,1.6,250.6,Wallet,Shared,4.626,1.718
RIDE001037,Carpool,2025-03-29 05:36,2025-03-29 06:06,OMR Sholinganallur,SRM University,30.3,3,2.9,213.78,Wallet,Shared,4.242,1.576
RIDE001038,Carpool,2025-03-11 14:03,2025-03-11 15:11,Velachery,SRM University,56.04,4,3.7,394.32,UPI,Shared,7.846,2.914
RIDE001039,Private,2025-01-31 14:20,2025-01-31 15:25,OMR Sholinganallur,Chengalpattu Town,55.58,1,,589.21,Wallet,Standard,10.671,0.0
RIDE001040,Private,2025-01-29 09:44,2025-01-29 10:26,OMR Sholinganallur,Chengalpattu Town,44.06,1,,469.02,Wallet,Standard,8.46,0.0
RIDE001041,Carpool,2025-02-05 09:25,2025-02-05 10:42,Chromepet,Mahindra City,62.55,3,2.9,400.65,Wallet,Shared,8.757,3.253
RIDE001042,Carpool,2025-01-20 03:33,2025-01-20 04:29,OMR Sholinganallur,Chengalpattu Town,60.5,2,1.6,412.76,Card,Shared,8.47,3.146
RIDE001043,Carpool,2025-04-24 22:29,2025-04-24 23:23,Mylapore,Singaperumal Koil,53.43,2,1.4,403.87,Card,Shared,7.48,2.779
RIDE001044,Carpool,2025-04-08 21:16,2025-04-08 22:17,Guindy,Singaperumal Koil,60.88,2,1.9,469.85,Card,Shared,8.523,3.166
RIDE001045,Private,2025-03-06 12:41,2025-03-06 13:17,Velachery,SRM University,30.02,1,,294.58,Wallet,Standard,5.764,0.0
RIDE001046,Private,2025-02-17 15:24,2025-02-17 15:59,Adyar,Chengalpattu Bus Stand,38.99,1,,386.62,Card,Standard,7.486,0.0
RIDE001047,Private,2025-02-04 04:59,2025-02-04 05:47,Guindy,Mahindra City,42.24,1,,391.73,Wallet,Standard,8.11,0.0
RIDE001048,Private,2025-04-25 11:07,2025-04-25 11:40,Perungudi,Mahindra City,35.05,1,,337.94,Card,Standard,6.73,0.0
RIDE001049,Private,2025-02-15 00:33,2025-02-15 01:32,T Nagar,SRM University,53.84,1,,537.02,Wallet,Standard,10.337,0.0
RIDE001050,Carpool,2025-03-17 09:00,2025-03-17 09:55,Pallavaram,Chengalpattu Town,53.95,4,3.6,327.06,UPI,Shared,7.553,2.805
RIDE001051,Carpool,2025-04-03 19:38,2025-04-03 20:52,OMR Sholinganallur,Chengalpattu Bus Stand,61.12,4,3.8,443.42,Wallet,Shared,8.557,3.178
RIDE001052,Carpool,2025-03-23 21:57,2025-03-23 22:27,OMR Sholinganallur,Mahindra City,33.48,3,2.5,235.31,Cash,Shared,4.687,1.741
RIDE001053,Private,2025-01-10 04:05,2025-01-10 05:02,Velachery,Mahindra City,49.81,1,,507.7,Card,Standard,9.564,0.0
RIDE001054,Carpool,2025-03-04 18:03,2025-03-04 18:54,Adyar,SRM University,49.18,3,2.7,312.24,Wallet,Shared,6.885,2.558
RIDE001055,Carpool,2025-01-12 10:44,2025-01-12 11:18,Mylapore,Chengalpattu Bus Stand,36.05,3,2.8,253.99,UPI,Shared,5.047,1.875
RIDE001056,Private,2025-02-26 09:11,2025-02-26 10:10,Anna Nagar,Mahindra City,52.41,1,,534.1,Cash,Standard,10.063,0.0
RIDE001057,Carpool,2025-04-08 05:09,2025-04-08 05:44,Guindy,Chengalpattu Town,35.75,3,2.5,262.44,Cash,Shared,5.005,1.859
RIDE001058,Carpool,2025-01-29 01:46,2025-01-29 02:15,OMR Sholinganallur,Mahindra City,32.59,4,3.8,247.6,Wallet,Shared,4.563,1.694
RIDE001059,Carpool,2025-02-15 23:27,2025-02-16 00:20,T Nagar,SRM University,44.01,4,3.9,307.56,Card,Shared,6.161,2.289
RIDE001060,Private,2025-01-06 10:56,2025-01-06 11:25,Mylapore,Mahindra City,31.3,1,,339.34,Wallet,Standard,6.01,0.0
RIDE001061,Carpool,2025-02-14 09:02,2025-02-14 09:57,Guindy,Singaperumal Koil,48.44,3,2.8,360.8,Wallet,Shared,6.782,2.518
RIDE001062,Private,2025-01-05 09:10,2025-01-05 10:05,Chromepet,Chengalpattu Town,50.64,1,,572.69,Wallet,Standard,9.723,0.0
RIDE001063,Private,2025-01-06 17:44,2025-01-06 18:37,Perungudi,Chengalpattu Bus Stand,56.26,1,,538.89,UPI,Standard,10.802,0.0
RIDE001064,Private,2025-02-01 20:31,2025-02-01 21:29,Anna Nagar,SRM University,53.05,1,,517.83,Card,Standard,10.186,0.0
RIDE001065,Private,2025-04-12 12:43,2025-04-12 13:31,T Nagar,Chengalpattu Bus Stand,39.32,1,,388.25,Wallet,Standard,7.549,0.0
RIDE001066,Private,2025-03-21 11:28,2025-03-21 12:36,Velachery,Mahindra City,64.63,1,,583.19,Card,Standard,12.409,0.0
RIDE001067,Private,2025-01-21 23:47,2025-01-22 00:56,Mylapore,SRM University,58.55,1,,646.14,Wallet,Standard,11.242,0.0
RIDE001068,Carpool,2025-04-12 05:47,2025-04-12 06:46,Pallavaram,Chengalpattu Town,50.35,4,3.7,389.25,Cash,Shared,7.049,2.618
RIDE001069,Private,2025-02-11 09:56,2025-02-11 10:57,Velachery,Mahindra City,52.51,1,,499.77,Card,Standard,10.082,0.0
RIDE001070,Private,2025-02-24 16:05,2025-02-24 17:07,Tambaram,Singaperumal Koil,57.48,1,,588.14,Cash,Standard,11.036,0.0
RIDE001071,Carpool,2025-04-22 19:06,2025-04-22 20:16,Adyar,Chengalpattu Bus Stand,64.85,4,3.9,444.8,UPI,Shared,9.079,3.372
RIDE001072,Private,2025-03-12 01:26,2025-03-12 02:22,Chromepet,Singaperumal Koil,52.08,1,,480.41,Card,Standard,9.999,0.0
RIDE001073,Carpool,2025-02-04 21:40,2025-02-04 22:26,Perungudi,Mahindra City,38.55,3,2.7,282.74,Cash,Shared,5.397,2.005
RIDE001074,Private,2025-04-21 21:05,2025-04-21 22:10,Velachery,Chengalpattu Bus Stand,53.44,1,,551.0,UPI,Standard,10.26,0.0
RIDE001075,Carpool,2025-04-16 20:25,2025-04-16 21:30,Anna Nagar,Chengalpattu Town,62.71,4,3.8,461.14,Cash,Shared,8.779,3.261
RIDE001076,Carpool,2025-03-29 04:48,2025-03-29 05:31,Guindy,Singaperumal Koil,36.18,3,2.6,228.76,Wallet,Shared,5.065,1.882
RIDE001077,Carpool,2025-01-17 07:48,2025-01-17 08:37,Pallavaram,Chengalpattu Bus Stand,48.82,4,3.9,357.17,UPI,Shared,6.835,2.538
RIDE001078,Private,2025-01-27 10:44,2025-01-27 11:33,Chromepet,SRM University,51.72,1,,572.76,Card,Standard,9.93,0.0
RIDE001079,Carpool,2025-04-20 10:52,2025-04-20 11:52,Adyar,Chengalpattu Town,49.14,2,1.5,326.64,Cash,Shared,6.88,2.555
RIDE001080,Private,2025-03-16 23:13,2025-03-17 00:08,Velachery,SRM University,48.18,1,,536.35,Card,Standard,9.251,0.0
RIDE001081,Carpool,2025-03-12 14:22,2025-03-12 15:06,Velachery,Mahindra City,45.02,3,2.9,319.46,Cash,Shared,6.303,2.341
RIDE001082,Carpool,2025-01-25 14:02,2025-01-25 14:42,T Nagar,SRM University,36.5,4,3.6,239.85,Card,Shared,5.11,1.898
RIDE001083,Private,2025-01-14 08:39,2025-01-14 09:41,Velachery,Chengalpattu Town,62.94,1,,659.63,Wallet,Standard,12.084,0.0
RIDE001084,Carpool,2025-04-06 20:10,2025-04-06 21:05,T Nagar,Mahindra City,50.2,3,2.6,328.27,Wallet,Shared,7.028,2.61
RIDE001085,Private,2025-04-16 03:07,2025-04-16 04:10,Anna Nagar,Mahindra City,58.77,1,,610.48,Card,Standard,11.284,0.0
RIDE001086,Private,2025-04-02 21:37,2025-04-02 22:31,Adyar,Chengalpattu Bus Stand,46.88,1,,534.85,Wallet,Standard,9.001,0.0
RIDE001087,Carpool,2025-01-20 10:53,2025-01-20 11:32,Anna Nagar,Chengalpattu Town,34.8,2,1.6,225.82,Cash,Shared,4.872,1.81
RIDE001088,Carpool,2025-04-20 15:30,2025-04-20 16:30,Velachery,Mahindra City,48.39,3,2.6,310.37,Card,Shared,6.775,2.516
RIDE001089,Carpool,2025-01-15 16:53,2025-01-15 17:41,Tambaram,Mahindra City,51.63,3,2.7,335.24,Wallet,Shared,7.228,2.685
RIDE001090,Carpool,2025-04-17 09:20,2025-04-17 10:15,Anna Nagar,SRM University,59.38,2,1.9,446.32,UPI,Shared,8.313,3.088
RIDE001091,Carpool,2025-01-27 08:04,2025-01-27 08:56,Guindy,Singaperumal Koil,46.15,3,2.8,280.62,Cash,Shared,6.461,2.4
RIDE001092,Carpool,2025-04-01 02:48,2025-04-01 03:39,Chromepet,Singaperumal Koil,49.67,2,2.0,382.48,UPI,Shared,6.954,2.583
RIDE001093,Private,2025-04-18 09:56,2025-04-18 10:52,T Nagar,Singaperumal Koil,60.92,1,,598.37,Card,Standard,11.697,0.0
RIDE001094,Carpool,2025-02-17 14:59,2025-02-17 15:59,T Nagar,Singaperumal Koil,51.4,2,1.4,379.18,Wallet,Shared,7.196,2.673
RIDE001095,Carpool,2025-04-25 19:00,2025-04-25 19:51,Anna Nagar,SRM University,45.11,2,1.8,293.4,Card,Shared,6.315,2.346
RIDE001096,Carpool,2025-04-29 23:20,2025-04-29 23:59,Adyar,Singaperumal Koil,39.16,3,2.6,263.07,Wallet,Shared,5.482,2.037
RIDE001097,Carpool,2025-01-22 05:40,2025-01-22 06:38,T Nagar,Mahindra City,53.15,3,2.9,372.56,Card,Shared,7.441,2.764
RIDE001098,Private,2025-02-14 04:13,2025-02-14 04:57,Chromepet,Singaperumal Koil,45.55,1,,486.01,Cash,Standard,8.746,0.0
RIDE001099,Carpool,2025-04-17 00:06,2025-04-17 00:52,Adyar,Singaperumal Koil,47.84,4,3.9,327.76,Card,Shared,6.698,2.487
RIDE001100,Private,2025-02-25 13:37,2025-02-25 14:38,OMR Sholinganallur,SRM University,51.27,1,,581.87,Wallet,Standard,9.844,0.0
RIDE001101,Private,2025-04-25 13:01,2025-04-25 13:48,OMR Sholinganallur,SRM University,49.23,1,,503.45,UPI,Standard,9.452,0.0
RIDE001102,Private,2025-04-28 06:26,2025-04-28 07:04,Pallavaram,SRM University,38.55,1,,387.51,UPI,Standard,7.402,0.0
RIDE001103,Private,2025-01-17 10:59,2025-01-17 12:03,Guindy,Mahindra City,52.01,1,,576.25,Card,Standard,9.986,0.0
RIDE001104,Carpool,2025-02-24 21:56,2025-02-24 22:54,Chromepet,Chengalpattu Bus Stand,47.36,3,2.5,302.95,Wallet,Shared,6.63,2.463
RIDE001105,Carpool,2025-04-01 11:13,2025-04-01 12:05,Guindy,Chengalpattu Town,48.52,4,3.6,323.48,Cash,Shared,6.793,2.523
RIDE001106,Carpool,2025-01-08 02:13,2025-01-08 03:03,Pallavaram,SRM University,44.25,3,2.9,281.89,Card,Shared,6.195,2.301
RIDE001107,Private,2025-03-17 16:14,2025-03-17 17:18,Mylapore,Chengalpattu Town,57.57,1,,628.07,Card,Standard,11.053,0.0
RIDE001108,Carpool,2025-04-29 08:11,2025-04-29 09:23,Velachery,Chengalpattu Town,61.36,3,2.4,451.71,Card,Shared,8.59,3.191
RIDE001109,Private,2025-03-05 04:53,2025-03-05 05:36,Adyar,Singaperumal Koil,47.94,1,,491.26,UPI,Standard,9.204,0.0
RIDE001110,Private,2025-01-30 08:08,2025-01-30 08:47,Chromepet,Chengalpattu Town,34.59,1,,313.65,Card,Standard,6.641,0.0
RIDE001111,Carpool,2025-03-03 18:00,2025-03-03 19:00,Mylapore,SRM University,54.05,2,1.4,387.41,Cash,Shared,7.567,2.811
RIDE001112,Carpool,2025-03-27 05:10,2025-03-27 05:44,Perungudi,Mahindra City,37.27,3,2.8,280.51,Cash,Shared,5.218,1.938
RIDE001113,Private,2025-04-13 05:06,2025-04-13 05:53,Guindy,Singaperumal Koil,40.77,1,,432.5,UPI,Standard,7.828,0.0
RIDE001114,Private,2025-03-08 13:16,2025-03-08 14:11,Velachery,SRM University,47.76,1,,525.43,Cash,Standard,9.17,0.0
RIDE001115,Carpool,2025-04-07 04:51,2025-04-07 05:34,Adyar,Chengalpattu Town,46.73,4,3.6,284.08,Card,Shared,6.542,2.43
RIDE001116,Private,2025-02-01 21:25,2025-02-01 22:27,Pallavaram,Mahindra City,51.5,1,,555.36,UPI,Standard,9.888,0.0
RIDE001117,Private,2025-04-25 03:07,2025-04-25 04:03,Tambaram,Chengalpattu Bus Stand,52.03,1,,582.93,Cash,Standard,9.99,0.0
RIDE001118,Carpool,2025-02-12 21:37,2025-02-12 22:31,OMR Sholinganallur,SRM University,52.14,2,2.0,324.15,Card,Shared,7.3,2.711
RIDE001119,Private,2025-02-09 21:19,2025-02-09 21:58,Adyar,Chengalpattu Town,37.98,1,,369.64,UPI,Standard,7.292,0.0
RIDE001120,Carpool,2025-03-30 18:32,2025-03-30 19:08,Adyar,Singaperumal Koil,34.01,4,3.8,236.99,UPI,Shared,4.761,1.769
RIDE001121,Private,2025-04-07 16:31,2025-04-07 17:06,Velachery,Singaperumal Koil,38.88,1,,385.34,UPI,Standard,7.465,0.0
RIDE001122,Carpool,2025-02-17 11:58,2025-02-17 12:43,Perungudi,Singaperumal Koil,41.67,4,3.4,261.61,UPI,Shared,5.834,2.167
RIDE001123,Carpool,2025-01-20 13:01,2025-01-20 14:01,Velachery,SRM University,51.76,4,3.5,364.85,Wallet,Shared,7.246,2.692
RIDE001124,Private,2025-02-19 14:50,2025-02-19 15:23,Chromepet,Singaperumal Koil,34.23,1,,332.98,Cash,Standard,6.572,0.0
RIDE001125,Carpool,2025-01-01 21:50,2025-01-01 22:45,Guindy,Chengalpattu Bus Stand,50.94,3,2.5,372.47,Card,Shared,7.132,2.648
RIDE001126,Carpool,2025-03-12 01:49,2025-03-12 02:57,Perungudi,Singaperumal Koil,59.37,2,1.6,451.51,Cash,Shared,8.312,3.087
RIDE001127,Private,2025-01-26 03:48,2025-01-26 04:48,Tambaram,Chengalpattu Bus Stand,51.22,1,,465.86,Card,Standard,9.834,0.0
RIDE001128,Carpool,2025-04-28 07:45,2025-04-28 08:45,Velachery,Singaperumal Koil,59.63,2,1.8,431.31,Card,Shared,8.348,3.101
RIDE001129,Carpool,2025-04-15 23:57,2025-04-16 00:39,Mylapore,Chengalpattu Bus Stand,39.04,3,2.6,280.51,Cash,Shared,5.466,2.03
RIDE001130,Private,2025-02-26 17:20,2025-02-26 18:10,Guindy,Singaperumal Koil,51.12,1,,489.52,Wallet,Standard,9.815,0.0
RIDE001131,Private,2025-01-08 17:00,2025-01-08 17:50,Tambaram,Singaperumal Koil,53.02,1,,494.64,Cash,Standard,10.18,0.0
RIDE001132,Carpool,2025-02-13 22:19,2025-02-13 23:04,Chromepet,Chengalpattu Bus Stand,49.7,4,3.6,359.98,Cash,Shared,6.958,2.584
RIDE001133,Carpool,2025-02-14 12:48,2025-02-14 13:45,Adyar,Mahindra City,53.12,3,2.6,338.16,Card,Shared,7.437,2.762
RIDE001134,Carpool,2025-04-22 15:15,2025-04-22 16:24,OMR Sholinganallur,Singaperumal Koil,61.64,3,2.7,409.02,Cash,Shared,8.63,3.205
RIDE001135,Carpool,2025-03-20 15:37,2025-03-20 16:30,T Nagar,Chengalpattu Bus Stand,46.01,4,3.5,323.65,Wallet,Shared,6.441,2.393
RIDE001136,Carpool,2025-04-23 13:15,2025-04-23 14:07,Adyar,Singaperumal Koil,55.31,4,3.7,354.14,Wallet,Shared,7.743,2.877
RIDE001137,Private,2025-03-17 18:50,2025-03-17 20:03,Velachery,Chengalpattu Town,63.07,1,,619.79,UPI,Standard,12.109,0.0
RIDE001138,Carpool,2025-03-13 02:39,2025-03-13 03:38,Adyar,SRM University,55.64,4,3.7,363.03,Card,Shared,7.79,2.893
RIDE001139,Private,2025-01-19 12:04,2025-01-19 12:52,Chromepet,SRM University,52.09,1,,598.3,Wallet,Standard,10.001,0.0
RIDE001140,Private,2025-04-16 05:04,2025-04-16 06:15,Guindy,SRM University,62.36,1,,601.89,Wallet,Standard,11.973,0.0
RIDE001141,Private,2025-01-22 10:10,2025-01-22 11:09,T Nagar,Chengalpattu Town,58.13,1,,626.2,Wallet,Standard,11.161,0.0
RIDE001142,Carpool,2025-03-21 11:57,2025-03-21 12:39,Velachery,Chengalpattu Bus Stand,34.36,4,3.5,234.44,Cash,Shared,4.81,1.787
RIDE001143,Carpool,2025-01-04 20:19,2025-01-04 21:10,Pallavaram,Singaperumal Koil,46.51,2,1.4,307.23,UPI,Shared,6.511,2.419
RIDE001144,Carpool,2025-01-05 00:49,2025-01-05 01:25,Pallavaram,Chengalpattu Town,31.85,3,2.5,236.62,Cash,Shared,4.459,1.656
RIDE001145,Carpool,2025-02-15 02:32,2025-02-15 03:38,T Nagar,Mahindra City,61.58,4,3.6,472.22,Card,Shared,8.621,3.202
RIDE001146,Carpool,2025-04-01 16:48,2025-04-01 17:38,T Nagar,SRM University,54.47,4,3.9,419.92,UPI,Shared,7.626,2.832
RIDE001147,Private,2025-04-25 12:22,2025-04-25 13:31,T Nagar,SRM University,64.02,1,,634.79,Wallet,Standard,12.292,0.0
RIDE001148,Private,2025-04-23 09:43,2025-04-23 10:33,Adyar,Mahindra City,54.53,1,,593.23,Wallet,Standard,10.47,0.0
RIDE001149,Carpool,2025-03-24 10:11,2025-03-24 11:04,Tambaram,Chengalpattu Town,49.5,4,3.9,302.97,UPI,Shared,6.93,2.574
RIDE001150,Carpool,2025-01-04 01:21,2025-01-04 02:09,Perungudi,Chengalpattu Town,49.23,3,2.6,325.31,Card,Shared,6.892,2.56
RIDE001151,Private,2025-04-27 07:42,2025-04-27 08:33,OMR Sholinganallur,Mahindra City,49.22,1,,539.7,UPI,Standard,9.45,0.0
RIDE001152,Carpool,2025-02-13 23:44,2025-02-14 00:25,OMR Sholinganallur,SRM University,38.33,3,2.4,248.66,Wallet,Shared,5.366,1.993
RIDE001153,Private,2025-01-22 03:34,2025-01-22 04:46,Velachery,SRM University,59.11,1,,537.56,Wallet,Standard,11.349,0.0
RIDE001154,Private,2025-03-25 06:06,2025-03-25 07:03,Guindy,Chengalpattu Bus Stand,48.62,1,,510.3,Cash,Standard,9.335,0.0
RIDE001155,Private,2025-04-21 05:31,2025-04-21 06:30,T Nagar,Chengalpattu Town,56.9,1,,543.64,UPI,Standard,10.925,0.0
RIDE001156,Carpool,2025-03-14 01:17,2025-03-14 01:56,Tambaram,Chengalpattu Town,42.32,4,3.5,308.39,Wallet,Shared,5.925,2.2
RIDE001157,Private,2025-01-28 17:43,2025-01-28 18:42,Guindy,Chengalpattu Town,56.33,1,,576.5,Wallet,Standard,10.815,0.0
RIDE001158,Private,2025-03-20 23:37,2025-03-21 00:19,Pallavaram,Chengalpattu Bus Stand,45.91,1,,456.65,Card,Standard,8.815,0.0
RIDE001159,Private,2025-04-14 12:44,2025-04-14 13:17,Adyar,Chengalpattu Bus Stand,35.42,1,,341.62,Cash,Standard,6.801,0.0
RIDE001160,Private,2025-03-26 11:24,2025-03-26 12:13,Velachery,SRM University,49.6,1,,526.51,Cash,Standard,9.523,0.0
RIDE001161,Private,2025-01-21 04:50,2025-01-21 05:27,Anna Nagar,SRM University,37.35,1,,385.92,Wallet,Standard,7.171,0.0
RIDE001162,Private,2025-03-04 09:32,2025-03-04 10:18,Tambaram,Singaperumal Koil,46.88,1,,488.34,Card,Standard,9.001,0.0
RIDE001163,Private,2025-03-13 21:05,2025-03-13 22:00,Perungudi,Chengalpattu Town,59.59,1,,659.38,Wallet,Standard,11.441,0.0
RIDE001164,Carpool,2025-02-14 23:07,2025-02-15 00:07,Chromepet,Chengalpattu Town,55.99,2,1.6,387.83,UPI,Shared,7.839,2.911
RIDE001165,Private,2025-02-18 18:53,2025-02-18 20:10,Tambaram,Chengalpattu Town,63.43,1,,715.03,Wallet,Standard,12.179,0.0
RIDE001166,Carpool,2025-04-29 08:11,2025-04-29 08:55,Anna Nagar,Singaperumal Koil,38.57,4,3.8,288.02,Cash,Shared,5.4,2.005
RIDE001167,Private,2025-02-07 12:25,2025-02-07 13:02,Chromepet,SRM University,40.82,1,,458.12,UPI,Standard,7.837,0.0
RIDE001168,Private,2025-03-06 17:04,2025-03-06 18:05,Adyar,Singaperumal Koil,50.64,1,,460.31,UPI,Standard,9.723,0.0
RIDE001169,Carpool,2025-04-06 20:35,2025-04-06 21:24,Guindy,Mahindra City,41.33,2,1.6,306.52,Cash,Shared,5.786,2.149
RIDE001170,Carpool,2025-02-02 13:00,2025-02-02 13:52,Guindy,Chengalpattu Bus Stand,52.32,2,1.6,394.93,Wallet,Shared,7.325,2.72
RIDE001171,Carpool,2025-04-05 03:42,2025-04-05 04:21,Adyar,SRM University,32.85,2,1.4,238.69,Wallet,Shared,4.599,1.708
RIDE001172,Private,2025-02-16 16:25,2025-02-16 17:12,Adyar,Mahindra City,46.6,1,,461.36,Wallet,Standard,8.947,0.0
RIDE001173,Carpool,2025-03-24 05:07,2025-03-24 06:11,OMR Sholinganallur,Chengalpattu Bus Stand,56.31,2,1.4,430.38,Wallet,Shared,7.883,2.929
RIDE001174,Private,2025-02-04 10:45,2025-02-04 11:30,Velachery,SRM University,47.92,1,,511.15,Card,Standard,9.201,0.0
RIDE001175,Private,2025-03-26 20:24,2025-03-26 21:11,Anna Nagar,Chengalpattu Bus Stand,51.83,1,,577.2,Wallet,Standard,9.951,0.0
RIDE001176,Private,2025-01-16 04:38,2025-01-16 05:28,Adyar,Chengalpattu Town,47.34,1,,446.31,Wallet,Standard,9.089,0.0
RIDE001177,Private,2025-03-19 13:04,2025-03-19 14:08,OMR Sholinganallur,Mahindra City,63.64,1,,586.49,Wallet,Standard,12.219,0.0
RIDE001178,Carpool,2025-04-06 12:25,2025-04-06 13:11,Velachery,Mahindra City,42.36,2,1.8,329.95,Wallet,Shared,5.93,2.203
RIDE001179,Carpool,2025-04-17 10:30,2025-04-17 11:22,Perungudi,Singaperumal Koil,49.32,2,1.6,362.2,UPI,Shared,6.905,2.564
RIDE001180,Private,2025-02-12 15:16,2025-02-12 15:59,Adyar,Singaperumal Koil,36.96,1,,413.18,Cash,Standard,7.096,0.0
RIDE001181,Private,2025-04-16 01:33,2025-04-16 02:24,Chromepet,Chengalpattu Town,42.75,1,,480.7,Cash,Standard,8.208,0.0
RIDE001182,Private,2025-04-08 02:43,2025-04-08 03:35,Anna Nagar,Chengalpattu Bus Stand,47.67,1,,529.61,Wallet,Standard,9.153,0.0
RIDE001183,Private,2025-03-08 10:07,2025-03-08 10:42,Adyar,Singaperumal Koil,38.83,1,,424.73,Cash,Standard,7.455,0.0
RIDE001184,Private,2025-04-24 08:16,2025-04-24 08:55,Velachery,Singaperumal Koil,36.59,1,,402.33,UPI,Standard,7.025,0.0
RIDE001185,Carpool,2025-02-14 19:49,2025-02-14 20:34,Velachery,Singaperumal Koil,37.86,4,3.4,269.18,UPI,Shared,5.3,1.969
RIDE001186,Carpool,2025-02-11 16:46,2025-02-11 17:50,Chromepet,Singaperumal Koil,56.95,2,1.5,419.57,Cash,Shared,7.973,2.961
RIDE001187,Carpool,2025-03-01 23:23,2025-03-02 00:06,Anna Nagar,Chengalpattu Town,48.06,3,2.7,323.61,Cash,Shared,6.728,2.5
RIDE001188,Private,2025-04-14 11:32,2025-04-14 12:11,Pallavaram,Chengalpattu Bus Stand,34.0,1,,341.27,UPI,Standard,6.528,0.0
RIDE001189,Carpool,2025-02-21 17:12,2025-02-21 18:06,Adyar,Chengalpattu Bus Stand,55.49,2,1.5,413.24,Wallet,Shared,7.769,2.885
RIDE001190,Private,2025-01-03 11:33,2025-01-03 12:13,T Nagar,SRM University,35.2,1,,355.48,UPI,Standard,6.758,0.0
RIDE001191,Private,2025-03-01 04:48,2025-03-01 05:43,Chromepet,Mahindra City,50.37,1,,481.79,Card,Standard,9.671,0.0
RIDE001192,Private,2025-01-21 14:15,2025-01-21 14:56,T Nagar,Chengalpattu Town,33.77,1,,323.8,Wallet,Standard,6.484,0.0
RIDE001193,Private,2025-01-14 00:19,2025-01-14 01:38,Anna Nagar,Chengalpattu Town,64.23,1,,697.59,Cash,Standard,12.332,0.0
RIDE001194,Carpool,2025-04-04 07:24,2025-04-04 08:21,Tambaram,Mahindra City,55.9,2,1.6,384.4,UPI,Shared,7.826,2.907
RIDE001195,Private,2025-04-04 14:26,2025-04-04 15:06,Perungudi,Mahindra City,38.57,1,,348.41,Card,Standard,7.405,0.0
RIDE001196,Carpool,2025-03-24 23:28,2025-03-25 00:00,OMR Sholinganallur,Chengalpattu Town,31.74,4,3.7,197.42,UPI,Shared,4.444,1.65
RIDE001197,Private,2025-03-18 10:57,2025-03-18 12:06,Adyar,Chengalpattu Bus Stand,58.74,1,,644.88,Card,Standard,11.278,0.0
RIDE001198,Carpool,2025-03-01 10:42,2025-03-01 11:35,Tambaram,Chengalpattu Town,51.96,4,3.8,363.04,Wallet,Shared,7.274,2.702
RIDE001199,Carpool,2025-02-18 03:40,2025-02-18 04:41,Anna Nagar,Mahindra City,50.63,2,1.6,335.51,UPI,Shared,7.088,2.633
RIDE001200,Private,2025-02-27 05:21,2025-02-27 06:09,OMR Sholinganallur,Singaperumal Koil,47.9,1,,472.11,Card,Standard,9.197,0.0
RIDE001201,Carpool,2025-01-15 09:09,2025-01-15 09:52,Anna Nagar,SRM University,40.64,4,4.0,263.98,Wallet,Shared,5.69,2.113
RIDE001202,Private,2025-03-15 02:21,2025-03-15 03:22,Chromepet,Singaperumal Koil,58.07,1,,646.32,Cash,Standard,11.149,0.0
RIDE001203,Private,2025-01-30 08:53,2025-01-30 10:06,Tambaram,Chengalpattu Bus Stand,63.75,1,,583.71,Cash,Standard,12.24,0.0
RIDE001204,Carpool,2025-04-09 14:56,2025-04-09 15:46,Velachery,Chengalpattu Bus Stand,49.11,2,1.6,365.89,Cash,Shared,6.875,2.554
RIDE001205,Private,2025-01-02 02:29,2025-01-02 03:44,Chromepet,Chengalpattu Bus Stand,63.88,1,,703.53,UPI,Standard,12.265,0.0
RIDE001206,Carpool,2025-01-22 22:42,2025-01-22 23:26,Chromepet,Chengalpattu Town,47.83,2,2.0,365.43,Cash,Shared,6.696,2.487
RIDE001207,Carpool,2025-04-07 05:46,2025-04-07 06:43,Adyar,Chengalpattu Town,51.1,2,1.8,344.77,Wallet,Shared,7.154,2.657
RIDE001208,Carpool,2025-02-01 08:33,2025-02-01 09:29,Velachery,Chengalpattu Town,54.91,4,3.7,375.28,Card,Shared,7.687,2.856
RIDE001209,Carpool,2025-01-16 22:20,2025-01-16 23:00,Tambaram,SRM University,32.98,2,1.4,228.88,UPI,Shared,4.617,1.715
RIDE001210,Private,2025-04-30 22:32,2025-04-30 23:29,Mylapore,SRM University,54.89,1,,558.26,Cash,Standard,10.539,0.0
RIDE001211,Private,2025-03-18 06:22,2025-03-18 07:18,OMR Sholinganallur,Chengalpattu Bus Stand,45.75,1,,519.94,Card,Standard,8.784,0.0
RIDE001212,Carpool,2025-01-17 03:18,2025-01-17 04:28,Perungudi,SRM University,59.96,2,1.5,414.33,Wallet,Shared,8.394,3.118
RIDE001213,Private,2025-04-19 08:43,2025-04-19 09:13,Adyar,SRM University,31.17,1,,344.56,UPI,Standard,5.985,0.0
RIDE001214,Private,2025-01-24 16:48,2025-01-24 18:07,Mylapore,Singaperumal Koil,64.65,1,,592.92,UPI,Standard,12.413,0.0
RIDE001215,Private,2025-04-21 21:51,2025-04-21 22:43,Tambaram,Singaperumal Koil,50.77,1,,516.45,Card,Standard,9.748,0.0
RIDE001216,Carpool,2025-03-23 04:27,2025-03-23 05:19,Tambaram,Singaperumal Koil,52.74,4,3.8,394.49,Card,Shared,7.384,2.742
RIDE001217,Carpool,2025-02-05 02:48,2025-02-05 03:26,Pallavaram,Chengalpattu Town,31.32,3,2.7,221.67,Wallet,Shared,4.385,1.628
RIDE001218,Private,2025-01-05 23:30,2025-01-06 00:26,Tambaram,Chengalpattu Bus Stand,52.3,1,,495.9,Card,Standard,10.042,0.0
RIDE001219,Private,2025-01-12 06:02,2025-01-12 06:50,Anna Nagar,Chengalpattu Bus Stand,52.93,1,,584.89,UPI,Standard,10.163,0.0
RIDE001220,Carpool,2025-03-01 22:41,2025-03-01 23:26,Mylapore,Mahindra City,39.81,4,4.0,263.0,Cash,Shared,5.573,2.071
RIDE001221,Carpool,2025-02-14 01:21,2025-02-14 01:58,Adyar,Singaperumal Koil,33.58,3,2.4,214.0,Card,Shared,4.701,1.746
RIDE001222,Private,2025-04-04 02:38,2025-04-04 03:19,Pallavaram,Singaperumal Koil,44.94,1,,466.68,UPI,Standard,8.628,0.0
RIDE001223,Carpool,2025-03-29 14:59,2025-03-29 15:33,Pallavaram,Chengalpattu Town,30.5,2,1.7,206.51,Card,Shared,4.27,1.586
RIDE001224,Private,2025-01-13 21:58,2025-01-13 22:58,Mylapore,SRM University,55.09,1,,503.8,Wallet,Standard,10.577,0.0
RIDE001225,Carpool,2025-04-29 06:46,2025-04-29 07:27,Mylapore,Chengalpattu Town,35.67,4,3.6,215.56,Cash,Shared,4.994,1.855
RIDE001226,Private,2025-03-25 04:04,2025-03-25 05:03,Tambaram,Chengalpattu Bus Stand,48.83,1,,529.15,Cash,Standard,9.375,0.0
RIDE001227,Carpool,2025-04-11 04:01,2025-04-11 04:39,Chromepet,Chengalpattu Town,40.49,2,1.4,259.86,UPI,Shared,5.669,2.105
RIDE001228,Carpool,2025-04-18 13:24,2025-04-18 14:22,Velachery,Chengalpattu Bus Stand,47.58,4,3.4,313.78,Card,Shared,6.661,2.474
RIDE001229,Private,2025-03-01 03:50,2025-03-01 05:00,Mylapore,Chengalpattu Bus Stand,61.4,1,,699.03,UPI,Standard,11.789,0.0
RIDE001230,Carpool,2025-03-29 03:48,2025-03-29 04:22,Chromepet,Chengalpattu Town,37.76,2,1.6,289.47,Card,Shared,5.286,1.964
RIDE001231,Private,2025-03-31 21:27,2025-03-31 22:29,Mylapore,Chengalpattu Bus Stand,57.75,1,,525.5,Card,Standard,11.088,0.0
RIDE001232,Private,2025-04-10 23:09,2025-04-11 00:20,Perungudi,SRM University,64.56,1,,659.81,Card,Standard,12.396,0.0
RIDE001233,Carpool,2025-03-16 22:48,2025-03-16 23:36,T Nagar,Chengalpattu Bus Stand,45.24,2,1.7,316.12,Wallet,Shared,6.334,2.352
RIDE001234,Carpool,2025-02-02 19:45,2025-02-02 20:18,Adyar,Chengalpattu Town,36.7,2,1.9,226.72,UPI,Shared,5.138,1.908
RIDE001235,Private,2025-04-24 03:35,2025-04-24 04:26,Mylapore,Mahindra City,52.01,1,,528.9,Wallet,Standard,9.986,0.0
RIDE001236,Private,2025-03-22 18:51,2025-03-22 19:42,Tambaram,Chengalpattu Bus Stand,50.67,1,,534.31,Cash,Standard,9.729,0.0
RIDE001237,Carpool,2025-03-18 14:35,2025-03-18 15:32,Adyar,Chengalpattu Town,63.45,3,2.6,481.95,Card,Shared,8.883,3.299
RIDE001238,Carpool,2025-03-21 06:54,2025-03-21 07:47,Velachery,Chengalpattu Bus Stand,58.52,2,1.9,398.11,Card,Shared,8.193,3.043
RIDE001239,Carpool,2025-03-09 20:20,2025-03-09 20:50,Adyar,Mahindra City,30.37,2,1.5,195.41,Wallet,Shared,4.252,1.579
RIDE001240,Carpool,2025-01-06 08:43,2025-01-06 09:24,T Nagar,Mahindra City,40.17,3,2.6,256.0,UPI,Shared,5.624,2.089
RIDE001241,Private,2025-04-14 07:01,2025-04-14 07:52,Mylapore,Chengalpattu Town,48.12,1,,437.49,UPI,Standard,9.239,0.0
RIDE001242,Carpool,2025-02-28 09:09,2025-02-28 09:48,T Nagar,Mahindra City,42.28,4,3.9,273.64,Cash,Shared,5.919,2.199
RIDE001243,Carpool,2025-04-22 17:08,2025-04-22 17:59,Chromepet,Mahindra City,49.44,3,2.6,372.34,Wallet,Shared,6.922,2.57
RIDE001244,Private,2025-03-20 19:44,2025-03-20 20:15,Velachery,Mahindra City,32.73,1,,354.32,Wallet,Standard,6.284,0.0
RIDE001245,Carpool,2025-01-06 10:36,2025-01-06 11:23,OMR Sholinganallur,Mahindra City,38.56,4,3.5,285.03,Card,Shared,5.398,2.006
RIDE001246,Carpool,2025-01-07 17:59,2025-01-07 18:37,Mylapore,SRM University,38.15,3,2.8,246.35,Cash,Shared,5.341,1.984
RIDE001247,Carpool,2025-01-17 17:22,2025-01-17 18:16,Tambaram,Singaperumal Koil,50.9,3,3.0,385.78,Card,Shared,7.126,2.647
RIDE001248,Private,2025-02-08 11:30,2025-02-08 12:03,Chromepet,Singaperumal Koil,37.29,1,,345.82,Card,Standard,7.16,0.0
RIDE001249,Private,2025-04-16 14:19,2025-04-16 15:05,T Nagar,Mahindra City,37.79,1,,393.14,Wallet,Standard,7.256,0.0
RIDE001250,Carpool,2025-01-10 17:28,2025-01-10 18:19,Perungudi,Chengalpattu Town,52.28,3,2.4,353.04,Wallet,Shared,7.319,2.719
RIDE001251,Private,2025-04-24 14:36,2025-04-24 15:45,Tambaram,Chengalpattu Town,61.3,1,,566.28,UPI,Standard,11.77,0.0
RIDE001252,Private,2025-02-20 22:58,2025-02-20 23:33,Chromepet,Mahindra City,35.92,1,,348.75,UPI,Standard,6.897,0.0
RIDE001253,Carpool,2025-01-06 00:45,2025-01-06 02:01,Tambaram,Mahindra City,62.33,4,3.6,436.08,Card,Shared,8.726,3.241
RIDE001254,Carpool,2025-04-16 09:26,2025-04-16 09:58,Adyar,Singaperumal Koil,33.38,2,1.8,226.8,Cash,Shared,4.673,1.736
RIDE001255,Private,2025-01-03 18:54,2025-01-03 19:52,Mylapore,Chengalpattu Bus Stand,61.71,1,,704.85,Wallet,Standard,11.848,0.0
RIDE001256,Carpool,2025-03-05 09:50,2025-03-05 10:26,Perungudi,Chengalpattu Bus Stand,38.28,2,1.7,285.38,Wallet,Shared,5.359,1.991
RIDE001257,Carpool,2025-04-28 02:32,2025-04-28 03:20,Pallavaram,SRM University,50.25,4,3.4,330.15,Card,Shared,7.035,2.613
RIDE001258,Carpool,2025-02-15 14:29,2025-02-15 15:18,Velachery,Chengalpattu Bus Stand,45.19,4,3.5,287.78,Wallet,Shared,6.327,2.349
RIDE001259,Private,2025-02-24 14:39,2025-02-24 15:38,Perungudi,Mahindra City,49.61,1,,473.99,Wallet,Standard,9.525,0.0
RIDE001260,Carpool,2025-02-11 14:22,2025-02-11 15:12,Pallavaram,Chengalpattu Bus Stand,42.62,2,1.8,280.22,Cash,Shared,5.967,2.216
RIDE001261,Carpool,2025-02-25 16:34,2025-02-25 17:41,OMR Sholinganallur,Mahindra City,61.46,4,3.8,476.68,Card,Shared,8.604,3.196
RIDE001262,Private,2025-03-25 18:17,2025-03-25 19:01,T Nagar,Mahindra City,35.53,1,,349.63,Cash,Standard,6.822,0.0
RIDE001263,Private,2025-04-01 16:42,2025-04-01 17:22,Adyar,Mahindra City,33.14,1,,315.65,Card,Standard,6.363,0.0
RIDE001264,Private,2025-02-15 12:15,2025-02-15 12:50,OMR Sholinganallur,SRM University,30.68,1,,306.82,Wallet,Standard,5.891,0.0
RIDE001265,Private,2025-01-30 18:59,2025-01-30 19:49,Anna Nagar,SRM University,49.17,1,,488.39,Wallet,Standard,9.441,0.0
RIDE001266,Private,2025-01-23 05:05,2025-01-23 05:39,OMR Sholinganallur,Singaperumal Koil,30.11,1,,303.0,Card,Standard,5.781,0.0
RIDE001267,Private,2025-04-24 06:18,2025-04-24 07:07,Velachery,SRM University,49.55,1,,457.3,UPI,Standard,9.514,0.0
RIDE001268,Carpool,2025-02-24 20:18,2025-02-24 21:14,Mylapore,Mahindra City,45.59,4,3.6,294.51,Wallet,Shared,6.383,2.37
RIDE001269,Private,2025-02-24 23:06,2025-02-24 23:59,Adyar,SRM University,44.08,1,,397.32,Cash,Standard,8.463,0.0
RIDE001270,Carpool,2025-03-27 17:42,2025-03-27 18:21,Velachery,SRM University,35.2,3,2.8,230.21,UPI,Shared,4.928,1.83
RIDE001271,Private,2025-03-03 14:23,2025-03-03 15:28,Mylapore,Chengalpattu Bus Stand,52.58,1,,536.01,Cash,Standard,10.095,0.0
RIDE001272,Private,2025-01-02 06:17,2025-01-02 06:48,OMR Sholinganallur,Chengalpattu Town,34.63,1,,386.7,Card,Standard,6.649,0.0
RIDE001273,Carpool,2025-01-07 23:02,2025-01-07 23:33,Mylapore,Singaperumal Koil,31.38,2,1.5,189.48,UPI,Shared,4.393,1.632
RIDE001274,Private,2025-03-21 20:02,2025-03-21 21:01,Pallavaram,SRM University,53.47,1,,503.07,Cash,Standard,10.266,0.0
RIDE001275,Carpool,2025-03-09 23:50,2025-03-10 00:44,Guindy,SRM University,59.6,2,1.5,379.03,Wallet,Shared,8.344,3.099
RIDE001276,Private,2025-03-25 22:07,2025-03-25 23:11,OMR Sholinganallur,Singaperumal Koil,63.16,1,,594.06,UPI,Standard,12.127,0.0
RIDE001277,Carpool,2025-03-12 10:23,2025-03-12 11:21,Chromepet,SRM University,54.44,2,1.4,416.67,Wallet,Shared,7.622,2.83
RIDE001278,Private,2025-01-27 02:31,2025-01-27 03:20,Adyar,SRM University,51.52,1,,574.7,Card,Standard,9.892,0.0
RIDE001279,Private,2025-01-29 03:21,2025-01-29 04:14,T Nagar,Mahindra City,57.42,1,,623.09,Cash,Standard,11.025,0.0
RIDE001280,Carpool,2025-03-11 03:07,2025-03-11 03:41,Mylapore,Chengalpattu Bus Stand,33.07,2,1.8,204.22,UPI,Shared,4.63,1.719
RIDE001281,Private,2025-03-16 01:42,2025-03-16 02:24,Tambaram,Singaperumal Koil,47.08,1,,435.01,Wallet,Standard,9.039,0.0
RIDE001282,Carpool,2025-04-09 08:06,2025-04-09 08:54,Chromepet,Singaperumal Koil,51.29,4,3.4,352.42,Cash,Shared,7.181,2.667
RIDE001283,Carpool,2025-04-06 09:44,2025-04-06 10:25,Velachery,Chengalpattu Town,41.64,3,2.9,280.24,Card,Shared,5.83,2.165
RIDE001284,Carpool,2025-01-29 12:17,2025-01-29 13:17,Tambaram,Chengalpattu Town,51.8,2,1.7,345.47,Card,Shared,7.252,2.694
RIDE001285,Private,2025-01-20 08:41,2025-01-20 09:32,Anna Nagar,Chengalpattu Town,46.81,1,,484.18,Card,Standard,8.988,0.0
RIDE001286,Carpool,2025-02-26 19:56,2025-02-26 21:02,Velachery,Chengalpattu Bus Stand,55.5,2,1.4,389.15,Card,Shared,7.77,2.886
RIDE001287,Private,2025-02-11 01:51,2025-02-11 02:33,Guindy,SRM University,37.09,1,,414.62,Wallet,Standard,7.121,0.0
RIDE001288,Private,2025-01-15 23:27,2025-01-16 00:20,Pallavaram,SRM University,45.78,1,,518.43,Cash,Standard,8.79,0.0
RIDE001289,Carpool,2025-03-29 06:59,2025-03-29 07:49,Adyar,Chengalpattu Town,51.79,3,2.6,356.33,Card,Shared,7.251,2.693
RIDE001290,Private,2025-02-02 10:10,2025-02-02 11:28,Perungudi,Chengalpattu Bus Stand,64.89,1,,653.55,Wallet,Standard,12.459,0.0
RIDE001291,Carpool,2025-04-04 06:05,2025-04-04 06:56,Anna Nagar,Chengalpattu Town,48.98,3,2.6,333.23,Card,Shared,6.857,2.547
RIDE001292,Private,2025-03-04 22:30,2025-03-04 23:41,Pallavaram,Chengalpattu Bus Stand,64.23,1,,623.15,Card,Standard,12.332,0.0
RIDE001293,Private,2025-04-17 06:12,2025-04-17 07:01,Velachery,Chengalpattu Bus Stand,44.26,1,,504.8,Card,Standard,8.498,0.0
RIDE001294,Carpool,2025-01-30 20:03,2025-01-30 20:39,Chromepet,SRM University,36.2,4,4.0,281.49,UPI,Shared,5.068,1.882
RIDE001295,Private,2025-04-08 14:06,2025-04-08 15:08,Adyar,Chengalpattu Bus Stand,60.76,1,,596.46,Card,Standard,11.666,0.0
RIDE001296,Private,2025-04-15 17:36,2025-04-15 18:11,Anna Nagar,Mahindra City,31.87,1,,343.51,Card,Standard,6.119,0.0
RIDE001297,Private,2025-04-16 02:31,2025-04-16 03:37,Adyar,Mahindra City,63.68,1,,610.63,UPI,Standard,12.227,0.0
RIDE001298,Carpool,2025-02-09 09:32,2025-02-09 10:12,Tambaram,Chengalpattu Bus Stand,40.3,2,1.5,283.35,UPI,Shared,5.642,2.096
RIDE001299,Carpool,2025-04-19 02:11,2025-04-19 02:57,T Nagar,Mahindra City,44.09,3,2.6,326.32,Wallet,Shared,6.173,2.292
RIDE001300,Private,2025-03-12 21:23,2025-03-12 22:03,Mylapore,Singaperumal Koil,37.73,1,,415.24,UPI,Standard,7.244,0.0
RIDE001301,Carpool,2025-04-30 16:09,2025-04-30 17:02,Adyar,Chengalpattu Bus Stand,54.6,3,2.6,358.06,Wallet,Shared,7.644,2.839
RIDE001302,Carpool,2025-04-02 01:50,2025-04-02 02:45,T Nagar,SRM University,57.71,3,2.7,426.4,Card,Shared,8.079,3.001
RIDE001303,Private,2025-03-24 14:52,2025-03-24 15:37,Guindy,SRM University,46.04,1,,452.97,Card,Standard,8.84,0.0
RIDE001304,Carpool,2025-04-04 01:53,2025-04-04 02:56,T Nagar,Singaperumal Koil,54.45,2,1.7,367.97,Card,Shared,7.623,2.831
RIDE001305,Carpool,2025-03-11 09:15,2025-03-11 10:19,Perungudi,Chengalpattu Town,62.14,2,1.5,379.42,Cash,Shared,8.7,3.231
RIDE001306,Private,2025-01-28 07:25,2025-01-28 08:08,OMR Sholinganallur,Chengalpattu Town,42.1,1,,451.25,UPI,Standard,8.083,0.0
RIDE001307,Carpool,2025-04-27 14:12,2025-04-27 15:11,Chromepet,SRM University,51.1,4,3.6,368.47,UPI,Shared,7.154,2.657
RIDE001308,Private,2025-02-25 19:42,2025-02-25 20:21,Perungudi,Chengalpattu Town,31.83,1,,288.18,Card,Standard,6.111,0.0
RIDE001309,Carpool,2025-02-14 05:43,2025-02-14 06:42,Tambaram,Chengalpattu Bus Stand,47.67,4,3.5,309.42,Card,Shared,6.674,2.479
RIDE001310,Carpool,2025-02-21 21:15,2025-02-21 22:06,Anna Nagar,Chengalpattu Town,46.26,4,3.9,360.55,UPI,Shared,6.476,2.406
RIDE001311,Carpool,2025-01-03 09:20,2025-01-03 10:16,Pallavaram,Chengalpattu Bus Stand,53.67,4,3.9,377.99,UPI,Shared,7.514,2.791
RIDE001312,Carpool,2025-02-14 16:25,2025-02-14 17:14,Guindy,Chengalpattu Bus Stand,54.22,2,1.9,346.9,UPI,Shared,7.591,2.819
RIDE001313,Carpool,2025-04-20 03:15,2025-04-20 04:12,Chromepet,SRM University,58.56,3,2.7,395.86,Wallet,Shared,8.198,3.046
RIDE001314,Carpool,2025-02-27 09:20,2025-02-27 10:08,Velachery,Chengalpattu Bus Stand,46.18,4,3.6,355.36,UPI,Shared,6.465,2.402
RIDE001315,Private,2025-01-13 06:33,2025-01-13 07:12,OMR Sholinganallur,Mahindra City,34.64,1,,374.14,Wallet,Standard,6.651,0.0
RIDE001316,Carpool,2025-03-29 04:20,2025-03-29 05:20,Chromepet,Chengalpattu Town,59.34,3,2.9,386.5,UPI,Shared,8.308,3.085
RIDE001317,Carpool,2025-01-05 07:49,2025-01-05 08:23,Chromepet,Singaperumal Koil,37.69,4,3.6,226.62,UPI,Shared,5.277,1.959
RIDE001318,Private,2025-02-02 21:14,2025-02-02 22:23,Tambaram,Singaperumal Koil,62.17,1,,684.86,Card,Standard,11.937,0.0
RIDE001319,Carpool,2025-01-16 08:11,2025-01-16 09:03,Tambaram,Singaperumal Koil,50.07,2,1.5,347.48,Card,Shared,7.01,2.603
RIDE001320,Private,2025-04-26 06:36,2025-04-26 07:39,Anna Nagar,Chengalpattu Town,53.95,1,,501.66,Wallet,Standard,10.358,0.0
RIDE001321,Private,2025-01-14 08:57,2025-01-14 09:50,Guindy,Chengalpattu Bus Stand,58.79,1,,626.61,Wallet,Standard,11.288,0.0
RIDE001322,Private,2025-02-16 06:57,2025-02-16 07:42,Adyar,Mahindra City,37.78,1,,349.58,UPI,Standard,7.254,0.0
RIDE001323,Private,2025-01-18 07:47,2025-01-18 08:20,Anna Nagar,Mahindra City,36.03,1,,361.56,Wallet,Standard,6.918,0.0
RIDE001324,Carpool,2025-02-11 12:33,2025-02-11 13:32,Mylapore,Mahindra City,52.05,3,2.8,315.07,Card,Shared,7.287,2.707
RIDE001325,Carpool,2025-02-23 17:03,2025-02-23 18:13,Adyar,SRM University,61.13,4,3.6,426.31,Wallet,Shared,8.558,3.179
RIDE001326,Carpool,2025-02-03 12:42,2025-02-03 13:33,Perungudi,Chengalpattu Bus Stand,54.78,3,2.8,349.29,UPI,Shared,7.669,2.849
RIDE001327,Private,2025-01-17 17:41,2025-01-17 18:53,Velachery,Chengalpattu Bus Stand,64.8,1,,628.96,Cash,Standard,12.442,0.0
RIDE001328,Private,2025-04-01 11:12,2025-04-01 11:48,Mylapore,SRM University,39.2,1,,385.27,Cash,Standard,7.526,0.0
RIDE001329,Carpool,2025-02-13 13:03,2025-02-13 13:38,OMR Sholinganallur,Singaperumal Koil,33.3,4,3.5,213.75,Card,Shared,4.662,1.732
RIDE001330,Carpool,2025-02-25 14:13,2025-02-25 14:43,Tambaram,Chengalpattu Bus Stand,31.15,2,1.8,228.19,Card,Shared,4.361,1.62
RIDE001331,Carpool,2025-02-18 06:21,2025-02-18 07:16,Chromepet,Singaperumal Koil,61.24,2,1.8,412.18,Wallet,Shared,8.574,3.184
RIDE001332,Private,2025-04-23 12:08,2025-04-23 12:56,Velachery,Chengalpattu Bus Stand,42.21,1,,389.39,Cash,Standard,8.104,0.0
RIDE001333,Private,2025-03-25 21:53,2025-03-25 22:54,Adyar,Chengalpattu Town,52.02,1,,486.47,Wallet,Standard,9.988,0.0
RIDE001334,Private,2025-03-14 19:08,2025-03-14 20:10,Anna Nagar,Singaperumal Koil,57.23,1,,595.04,Cash,Standard,10.988,0.0
RIDE001335,Carpool,2025-02-16 14:53,2025-02-16 16:08,Pallavaram,Singaperumal Koil,64.8,2,2.0,404.77,UPI,Shared,9.072,3.37
RIDE001336,Carpool,2025-04-01 22:29,2025-04-01 23:22,OMR Sholinganallur,Mahindra City,49.84,4,3.7,322.79,Wallet,Shared,6.978,2.591
RIDE001337,Carpool,2025-04-27 04:54,2025-04-27 05:42,T Nagar,SRM University,51.11,2,2.0,343.78,UPI,Shared,7.155,2.658
RIDE001338,Carpool,2025-02-05 15:20,2025-02-05 15:57,Perungudi,Chengalpattu Bus Stand,31.34,4,3.5,227.11,Cash,Shared,4.388,1.629
RIDE001339,Carpool,2025-04-21 21:41,2025-04-21 22:33,Mylapore,Singaperumal Koil,57.42,4,3.5,345.87,UPI,Shared,8.039,2.986
RIDE001340,Carpool,2025-02-14 23:55,2025-02-15 00:33,Anna Nagar,Chengalpattu Town,35.45,4,3.7,245.78,Wallet,Shared,4.963,1.843
RIDE001341,Carpool,2025-01-18 06:39,2025-01-18 07:42,Tambaram,SRM University,57.91,2,1.7,425.08,Cash,Shared,8.107,3.012
RIDE001342,Carpool,2025-02-16 23:29,2025-02-17 00:27,OMR Sholinganallur,SRM University,48.03,4,3.9,315.16,Wallet,Shared,6.724,2.498
RIDE001343,Carpool,2025-03-10 04:57,2025-03-10 05:45,Guindy,Mahindra City,42.43,4,3.5,258.72,Cash,Shared,5.94,2.207
RIDE001344,Carpool,2025-02-01 10:24,2025-02-01 10:59,Pallavaram,Mahindra City,34.98,3,2.5,231.65,UPI,Shared,4.897,1.819
RIDE001345,Carpool,2025-03-20 08:18,2025-03-20 09:04,T Nagar,Chengalpattu Town,43.35,2,1.4,304.89,UPI,Shared,6.069,2.254
RIDE001346,Private,2025-04-02 16:42,2025-04-02 17:23,Anna Nagar,SRM University,42.73,1,,483.84,Cash,Standard,8.204,0.0
RIDE001347,Carpool,2025-03-08 04:47,2025-03-08 05:53,Pallavaram,Chengalpattu Town,62.31,3,2.8,427.02,Card,Shared,8.723,3.241
RIDE001348,Private,2025-04-10 02:11,2025-04-10 02:51,Guindy,Chengalpattu Bus Stand,33.67,1,,332.15,Card,Standard,6.465,0.0
RIDE001349,Private,2025-02-10 00:07,2025-02-10 00:54,T Nagar,SRM University,49.82,1,,481.58,UPI,Standard,9.565,0.0
RIDE001350,Private,2025-02-26 11:28,2025-02-26 12:12,Adyar,Mahindra City,46.37,1,,529.26,UPI,Standard,8.903,0.0
RIDE001351,Carpool,2025-04-10 03:59,2025-04-10 05:10,Mylapore,SRM University,61.46,4,3.9,391.44,Wallet,Shared,8.604,3.196
RIDE001352,Private,2025-02-04 17:00,2025-02-04 17:51,Velachery,Chengalpattu Bus Stand,44.97,1,,413.99,Card,Standard,8.634,0.0
RIDE001353,Private,2025-01-08 06:49,2025-01-08 07:24,Pallavaram,Chengalpattu Bus Stand,30.37,1,,315.47,Card,Standard,5.831,0.0
RIDE001354,Private,2025-02-07 03:29,2025-02-07 04:07,Pallavaram,Singaperumal Koil,35.49,1,,337.54,UPI,Standard,6.814,0.0
RIDE001355,Carpool,2025-01-08 03:54,2025-01-08 04:25,Anna Nagar,Chengalpattu Bus Stand,30.85,3,2.4,203.0,UPI,Shared,4.319,1.604
RIDE001356,Carpool,2025-03-15 20:13,2025-03-15 20:56,Pallavaram,Chengalpattu Bus Stand,38.36,2,1.8,266.91,Cash,Shared,5.37,1.995
RIDE001357,Carpool,2025-01-27 02:27,2025-01-27 03:24,OMR Sholinganallur,SRM University,47.65,3,2.8,358.31,Wallet,Shared,6.671,2.478
RIDE001358,Carpool,2025-03-19 22:05,2025-03-19 23:10,Velachery,Singaperumal Koil,61.25,2,1.9,459.61,Cash,Shared,8.575,3.185
RIDE001359,Carpool,2025-03-03 23:00,2025-03-03 23:52,T Nagar,Mahindra City,55.07,2,1.6,402.34,Wallet,Shared,7.71,2.863
RIDE001360,Private,2025-03-02 16:39,2025-03-02 17:50,Adyar,Chengalpattu Town,61.42,1,,594.13,Wallet,Standard,11.793,0.0
RIDE001361,Private,2025-04-10 04:15,2025-04-10 05:08,Tambaram,Chengalpattu Town,55.01,1,,617.0,Card,Standard,10.562,0.0
RIDE001362,Carpool,2025-04-01 00:32,2025-04-01 01:27,Anna Nagar,Mahindra City,57.42,3,2.8,436.78,Cash,Shared,8.039,2.986
RIDE001363,Private,2025-03-15 19:42,2025-03-15 20:27,OMR Sholinganallur,SRM University,48.61,1,,519.41,Card,Standard,9.333,0.0
RIDE001364,Carpool,2025-01-16 20:21,2025-01-16 21:23,Pallavaram,Chengalpattu Bus Stand,60.81,2,1.7,393.84,Wallet,Shared,8.513,3.163
RIDE001365,Private,2025-01-31 13:43,2025-01-31 14:37,Guindy,Singaperumal Koil,55.94,1,,640.99,UPI,Standard,10.74,0.0
RIDE001366,Carpool,2025-03-05 09:17,2025-03-05 09:58,Mylapore,Chengalpattu Town,38.88,4,3.8,295.06,Wallet,Shared,5.443,2.022
RIDE001367,Carpool,2025-04-02 01:06,2025-04-02 01:54,T Nagar,Singaperumal Koil,48.87,2,1.4,353.48,Wallet,Shared,6.842,2.541
RIDE001368,Carpool,2025-03-03 02:32,2025-03-03 03:20,Guindy,Chengalpattu Bus Stand,51.12,2,1.4,370.5,Cash,Shared,7.157,2.658
RIDE001369,Private,2025-03-01 10:09,2025-03-01 11:13,OMR Sholinganallur,Chengalpattu Bus Stand,64.21,1,,668.64,Cash,Standard,12.328,0.0
RIDE001370,Private,2025-04-03 06:05,2025-04-03 06:40,Mylapore,Singaperumal Koil,30.33,1,,275.93,Card,Standard,5.823,0.0
RIDE001371,Private,2025-03-03 02:52,2025-03-03 03:31,Anna Nagar,SRM University,31.6,1,,290.03,Card,Standard,6.067,0.0
RIDE001372,Private,2025-01-17 03:53,2025-01-17 04:50,Mylapore,Chengalpattu Bus Stand,48.97,1,,481.05,Card,Standard,9.402,0.0
RIDE001373,Private,2025-03-12 12:06,2025-03-12 13:09,Adyar,Singaperumal Koil,60.71,1,,691.35,Card,Standard,11.656,0.0
RIDE001374,Private,2025-04-18 13:40,2025-04-18 14:09,Velachery,Singaperumal Koil,30.39,1,,335.09,UPI,Standard,5.835,0.0
RIDE001375,Private,2025-01-11 01:08,2025-01-11 01:42,OMR Sholinganallur,Mahindra City,32.07,1,,357.94,Wallet,Standard,6.157,0.0
RIDE001376,Carpool,2025-04-16 13:23,2025-04-16 14:12,Tambaram,Singaperumal Koil,53.8,4,3.9,418.38,Card,Shared,7.532,2.798
RIDE001377,Carpool,2025-04-22 23:25,2025-04-23 00:18,Chromepet,Mahindra City,48.89,4,3.5,344.1,Wallet,Shared,6.845,2.542
RIDE001378,Carpool,2025-02-01 23:28,2025-02-02 00:09,Pallavaram,Chengalpattu Town,36.74,3,2.9,234.33,Cash,Shared,5.144,1.91
RIDE001379,Carpool,2025-01-23 04:31,2025-01-23 05:22,Perungudi,Mahindra City,45.18,2,1.8,324.36,Cash,Shared,6.325,2.35
RIDE001380,Carpool,2025-03-01 13:35,2025-03-01 14:14,Chromepet,Singaperumal Koil,32.53,3,2.8,213.93,UPI,Shared,4.554,1.692
RIDE001381,Private,2025-01-13 11:12,2025-01-13 12:01,Velachery,Singaperumal Koil,53.68,1,,554.18,Card,Standard,10.307,0.0
RIDE001382,Carpool,2025-01-27 15:43,2025-01-27 16:22,Pallavaram,Chengalpattu Bus Stand,33.75,3,2.9,216.66,UPI,Shared,4.725,1.755
RIDE001383,Private,2025-03-28 21:34,2025-03-28 22:19,Pallavaram,Mahindra City,46.91,1,,437.52,UPI,Standard,9.007,0.0
RIDE001384,Private,2025-04-22 10:11,2025-04-22 10:48,Guindy,SRM University,35.19,1,,383.77,UPI,Standard,6.756,0.0
RIDE001385,Carpool,2025-03-27 06:07,2025-03-27 07:04,Mylapore,Chengalpattu Bus Stand,50.36,3,2.4,361.95,UPI,Shared,7.05,2.619
RIDE001386,Private,2025-02-10 10:21,2025-02-10 10:58,Adyar,Chengalpattu Town,33.34,1,,377.54,UPI,Standard,6.401,0.0
RIDE001387,Carpool,2025-02-13 19:33,2025-02-13 20:43,T Nagar,SRM University,60.79,2,1.9,412.87,Wallet,Shared,8.511,3.161
RIDE001388,Private,2025-02-08 13:56,2025-02-08 14:56,Perungudi,Mahindra City,48.98,1,,557.83,Cash,Standard,9.404,0.0
RIDE001389,Carpool,2025-04-14 16:59,2025-04-14 17:53,Perungudi,Chengalpattu Town,57.0,3,2.7,344.69,UPI,Shared,7.98,2.964
RIDE001390,Carpool,2025-03-30 04:32,2025-03-30 05:28,Velachery,Singaperumal Koil,62.06,2,1.6,395.96,UPI,Shared,8.688,3.228
RIDE001391,Carpool,2025-04-19 05:31,2025-04-19 06:16,Anna Nagar,Singaperumal Koil,44.72,4,3.9,344.4,Card,Shared,6.261,2.325
RIDE001392,Private,2025-04-21 11:07,2025-04-21 11:55,T Nagar,Chengalpattu Bus Stand,41.94,1,,457.27,Card,Standard,8.052,0.0
RIDE001393,Private,2025-03-06 17:31,2025-03-06 18:27,OMR Sholinganallur,Chengalpattu Town,49.68,1,,515.09,Cash,Standard,9.539,0.0
RIDE001394,Carpool,2025-04-02 08:19,2025-04-02 09:17,Adyar,Mahindra City,53.61,2,1.8,376.66,Wallet,Shared,7.505,2.788
RIDE001395,Private,2025-04-14 01:45,2025-04-14 02:33,Pallavaram,Mahindra City,45.36,1,,487.7,Cash,Standard,8.709,0.0
RIDE001396,Carpool,2025-01-11 03:58,2025-01-11 05:00,Adyar,Chengalpattu Town,51.7,2,1.8,359.31,UPI,Shared,7.238,2.688
RIDE001397,Carpool,2025-03-13 01:42,2025-03-13 02:17,Pallavaram,SRM University,31.85,4,3.6,222.45,UPI,Shared,4.459,1.656
RIDE001398,Carpool,2025-03-14 17:08,2025-03-14 17:58,OMR Sholinganallur,Chengalpattu Bus Stand,46.5,4,4.0,343.04,UPI,Shared,6.51,2.418
RIDE001399,Carpool,2025-02-04 14:39,2025-02-04 15:11,Pallavaram,Chengalpattu Town,35.95,4,3.8,272.12,Wallet,Shared,5.033,1.869
RIDE001400,Private,2025-04-23 01:07,2025-04-23 01:54,Chromepet,Singaperumal Koil,46.08,1,,511.88,Card,Standard,8.847,0.0
RIDE001401,Private,2025-03-07 23:45,2025-03-08 00:33,Guindy,Singaperumal Koil,40.33,1,,428.03,Cash,Standard,7.743,0.0
RIDE001402,Private,2025-04-30 07:59,2025-04-30 09:06,Velachery,Chengalpattu Town,60.39,1,,576.46,Wallet,Standard,11.595,0.0
RIDE001403,Carpool,2025-01-25 13:27,2025-01-25 14:36,Pallavaram,SRM University,61.72,2,1.5,448.74,Cash,Shared,8.641,3.209
RIDE001404,Private,2025-01-03 06:28,2025-01-03 07:06,Anna Nagar,Chengalpattu Bus Stand,35.43,1,,379.94,UPI,Standard,6.803,0.0
RIDE001405,Private,2025-04-25 05:33,2025-04-25 06:31,Perungudi,Chengalpattu Town,49.28,1,,531.43,UPI,Standard,9.462,0.0
RIDE001406,Private,2025-01-28 14:16,2025-01-28 14:59,Adyar,Chengalpattu Bus Stand,45.43,1,,493.97,Wallet,Standard,8.723,0.0
RIDE001407,Carpool,2025-02-27 19:44,2025-02-27 20:49,Pallavaram,Chengalpattu Town,55.49,3,2.9,383.82,Card,Shared,7.769,2.885
RIDE001408,Carpool,2025-04-15 00:52,2025-04-15 01:28,Velachery,SRM University,34.57,2,1.8,221.8,Wallet,Shared,4.84,1.797
RIDE001409,Carpool,2025-04-20 14:57,2025-04-20 15:40,Mylapore,Mahindra City,44.4,3,2.9,303.54,Wallet,Shared,6.216,2.309
RIDE001410,Carpool,2025-01-31 01:37,2025-01-31 02:20,Mylapore,Chengalpattu Bus Stand,44.21,4,3.8,281.7,Wallet,Shared,6.189,2.299
RIDE001411,Carpool,2025-01-21 13:06,2025-01-21 13:43,Velachery,Singaperumal Koil,38.8,4,3.8,300.29,Card,Shared,5.432,2.018
RIDE001412,Carpool,2025-03-11 14:33,2025-03-11 15:15,Velachery,SRM University,41.54,3,2.5,254.5,Wallet,Shared,5.816,2.16
RIDE001413,Private,2025-04-19 08:44,2025-04-19 09:22,Adyar,SRM University,36.81,1,,396.02,UPI,Standard,7.068,0.0
RIDE001414,Private,2025-04-09 13:09,2025-04-09 14:10,Anna Nagar,Singaperumal Koil,59.8,1,,645.01,UPI,Standard,11.482,0.0
RIDE001415,Private,2025-03-19 03:44,2025-03-19 04:31,Guindy,Mahindra City,42.08,1,,380.25,Cash,Standard,8.079,0.0
RIDE001416,Carpool,2025-04-03 03:30,2025-04-03 04:22,OMR Sholinganallur,Mahindra City,48.14,4,3.9,308.81,Card,Shared,6.74,2.503
RIDE001417,Private,2025-02-26 10:03,2025-02-26 10:56,Adyar,Chengalpattu Town,45.74,1,,499.43,Wallet,Standard,8.782,0.0
RIDE001418,Carpool,2025-03-24 21:21,2025-03-24 22:05,Velachery,SRM University,47.56,2,1.8,370.06,Wallet,Shared,6.658,2.474
RIDE001419,Carpool,2025-04-10 23:05,2025-04-10 23:34,Pallavaram,Chengalpattu Town,30.95,2,1.4,191.0,UPI,Shared,4.333,1.609
RIDE001420,Carpool,2025-04-28 12:32,2025-04-28 13:32,Perungudi,Singaperumal Koil,48.86,4,3.6,320.16,Card,Shared,6.84,2.541
RIDE001421,Carpool,2025-04-07 16:07,2025-04-07 16:51,Tambaram,Chengalpattu Town,41.02,2,2.0,267.66,Wallet,Shared,5.743,2.133
RIDE001422,Private,2025-02-11 02:16,2025-02-11 03:13,Guindy,SRM University,46.89,1,,523.15,Cash,Standard,9.003,0.0
RIDE001423,Carpool,2025-02-21 01:11,2025-02-21 01:42,Chromepet,Chengalpattu Bus Stand,30.88,2,1.6,235.14,Cash,Shared,4.323,1.606
RIDE001424,Private,2025-01-25 21:12,2025-01-25 21:57,Mylapore,Mahindra City,39.74,1,,380.4,UPI,Standard,7.63,0.0
RIDE001425,Carpool,2025-03-01 21:44,2025-03-01 22:27,Velachery,Singaperumal Koil,40.56,2,1.6,294.93,Wallet,Shared,5.678,2.11
RIDE001426,Private,2025-01-08 23:55,2025-01-09 00:45,Anna Nagar,Mahindra City,42.31,1,,472.61,Card,Standard,8.124,0.0
RIDE001427,Carpool,2025-04-11 13:29,2025-04-11 14:07,Velachery,SRM University,34.17,4,3.8,252.15,UPI,Shared,4.784,1.777
RIDE001428,Carpool,2025-03-27 15:48,2025-03-27 16:34,OMR Sholinganallur,Singaperumal Koil,45.53,3,2.8,318.51,UPI,Shared,6.374,2.368
RIDE001429,Carpool,2025-03-21 21:26,2025-03-21 22:44,Anna Nagar,Singaperumal Koil,62.77,2,1.7,415.0,Cash,Shared,8.788,3.264
RIDE001430,Private,2025-04-13 23:44,2025-04-14 00:31,Adyar,Chengalpattu Bus Stand,45.4,1,,469.82,Card,Standard,8.717,0.0
RIDE001431,Carpool,2025-04-06 13:21,2025-04-06 14:07,Pallavaram,SRM University,50.4,3,2.9,370.22,Card,Shared,7.056,2.621
RIDE001432,Private,2025-02-27 16:36,2025-02-27 17:26,Pallavaram,Singaperumal Koil,52.53,1,,560.82,Card,Standard,10.086,0.0
RIDE001433,Carpool,2025-02-13 17:19,2025-02-13 17:59,Pallavaram,Chengalpattu Bus Stand,37.74,2,2.0,247.86,UPI,Shared,5.284,1.962
RIDE001434,Carpool,2025-01-17 14:09,2025-01-17 14:45,T Nagar,Mahindra City,32.45,2,1.8,230.81,Wallet,Shared,4.543,1.687
RIDE001435,Private,2025-04-25 11:17,2025-04-25 12:05,Tambaram,Chengalpattu Bus Stand,41.78,1,,423.89,Cash,Standard,8.022,0.0
RIDE001436,Private,2025-03-01 03:43,2025-03-01 04:30,Perungudi,Mahindra City,48.59,1,,543.14,UPI,Standard,9.329,0.0
RIDE001437,Carpool,2025-03-18 15:09,2025-03-18 16:04,Mylapore,Chengalpattu Bus Stand,60.85,4,3.7,421.22,UPI,Shared,8.519,3.164
RIDE001438,Carpool,2025-04-11 19:56,2025-04-11 20:46,OMR Sholinganallur,Mahindra City,52.7,4,3.4,408.93,Card,Shared,7.378,2.74
RIDE001439,Private,2025-03-23 18:47,2025-03-23 19:34,Perungudi,Mahindra City,52.39,1,,577.29,Card,Standard,10.059,0.0
RIDE001440,Private,2025-02-20 10:33,2025-02-20 11:31,Chromepet,Chengalpattu Bus Stand,57.28,1,,554.87,Wallet,Standard,10.998,0.0
RIDE001441,Carpool,2025-03-11 13:13,2025-03-11 13:45,Perungudi,Chengalpattu Bus Stand,30.25,2,1.7,233.01,UPI,Shared,4.235,1.573
RIDE001442,Carpool,2025-02-07 17:22,2025-02-07 18:19,Velachery,SRM University,52.04,4,4.0,390.01,Cash,Shared,7.286,2.706
RIDE001443,Private,2025-01-21 15:25,2025-01-21 16:12,Mylapore,Singaperumal Koil,39.67,1,,436.23,UPI,Standard,7.617,0.0
RIDE001444,Carpool,2025-03-23 14:42,2025-03-23 15:13,Perungudi,SRM University,34.1,4,3.5,219.64,Card,Shared,4.774,1.773
RIDE001445,Private,2025-03-17 06:18,2025-03-17 06:59,Mylapore,Singaperumal Koil,36.56,1,,400.63,Cash,Standard,7.02,0.0
RIDE001446,Carpool,2025-02-21 10:23,2025-02-21 10:57,Mylapore,Chengalpattu Town,30.45,4,3.5,184.08,Cash,Shared,4.263,1.583
RIDE001447,Carpool,2025-03-02 01:01,2025-03-02 02:05,Chromepet,Chengalpattu Town,51.32,2,1.9,311.28,UPI,Shared,7.185,2.668
RIDE001448,Private,2025-03-29 02:05,2025-03-29 02:45,Anna Nagar,Chengalpattu Town,35.22,1,,329.3,Cash,Standard,6.762,0.0
RIDE001449,Carpool,2025-01-21 08:02,2025-01-21 08:59,Adyar,Mahindra City,60.71,2,1.4,394.7,Cash,Shared,8.499,3.157
RIDE001450,Private,2025-01-26 16:05,2025-01-26 16:41,Adyar,Chengalpattu Bus Stand,32.52,1,,345.88,Cash,Standard,6.244,0.0
RIDE001451,Carpool,2025-03-31 01:03,2025-03-31 02:01,Perungudi,Chengalpattu Town,58.21,4,4.0,384.4,UPI,Shared,8.149,3.027
RIDE001452,Carpool,2025-01-27 06:57,2025-01-27 07:47,OMR Sholinganallur,Singaperumal Koil,48.91,4,3.8,310.1,Wallet,Shared,6.847,2.544
RIDE001453,Carpool,2025-02-10 21:21,2025-02-10 22:00,T Nagar,Mahindra City,36.75,2,1.5,280.17,Wallet,Shared,5.145,1.911
RIDE001454,Private,2025-02-01 19:51,2025-02-01 20:24,Pallavaram,SRM University,36.66,1,,382.63,UPI,Standard,7.039,0.0
RIDE001455,Carpool,2025-02-26 19:37,2025-02-26 20:14,Chromepet,SRM University,41.0,4,3.6,279.77,Card,Shared,5.74,2.132
RIDE001456,Carpool,2025-04-24 23:41,2025-04-25 00:52,Velachery,Singaperumal Koil,58.54,3,2.7,394.06,Wallet,Shared,8.196,3.044
RIDE001457,Carpool,2025-04-01 05:52,2025-04-01 06:45,Pallavaram,Chengalpattu Town,59.21,4,3.5,422.56,Card,Shared,8.289,3.079
RIDE001458,Private,2025-04-08 18:13,2025-04-08 19:15,Pallavaram,Mahindra City,52.15,1,,523.28,UPI,Standard,10.013,0.0
RIDE001459,Private,2025-03-12 03:49,2025-03-12 04:39,T Nagar,Singaperumal Koil,49.03,1,,492.84,Cash,Standard,9.414,0.0
RIDE001460,Private,2025-04-27 21:23,2025-04-27 22:15,OMR Sholinganallur,Chengalpattu Bus Stand,41.82,1,,457.75,UPI,Standard,8.029,0.0
RIDE001461,Carpool,2025-04-04 07:39,2025-04-04 08:16,Mylapore,SRM University,39.66,3,2.9,295.88,Cash,Shared,5.552,2.063
RIDE001462,Private,2025-03-05 02:01,2025-03-05 02:45,Perungudi,SRM University,37.48,1,,386.97,UPI,Standard,7.196,0.0
RIDE001463,Private,2025-03-13 03:55,2025-03-13 04:59,Guindy,Chengalpattu Bus Stand,59.35,1,,537.83,Wallet,Standard,11.395,0.0
RIDE001464,Private,2025-01-09 15:23,2025-01-09 16:20,Guindy,SRM University,61.25,1,,666.64,Card,Standard,11.76,0.0
RIDE001465,Carpool,2025-02-23 23:11,2025-02-23 23:55,Guindy,Mahindra City,36.0,3,2.8,266.34,Wallet,Shared,5.04,1.872
RIDE001466,Carpool,2025-04-11 15:32,2025-04-11 16:42,OMR Sholinganallur,Mahindra City,61.21,2,1.6,417.19,Card,Shared,8.569,3.183
RIDE001467,Private,2025-04-15 04:27,2025-04-15 05:30,Tambaram,Mahindra City,56.29,1,,642.77,Wallet,Standard,10.808,0.0
RIDE001468,Private,2025-03-31 19:55,2025-03-31 20:43,Guindy,Chengalpattu Bus Stand,40.95,1,,374.83,UPI,Standard,7.862,0.0
RIDE001469,Private,2025-03-11 21:39,2025-03-11 22:29,Tambaram,Mahindra City,52.51,1,,556.66,Card,Standard,10.082,0.0
RIDE001470,Carpool,2025-02-16 11:54,2025-02-16 12:47,Chromepet,Mahindra City,46.15,4,3.5,354.49,UPI,Shared,6.461,2.4
RIDE001471,Private,2025-01-03 05:21,2025-01-03 05:51,Mylapore,Singaperumal Koil,33.09,1,,373.08,Wallet,Standard,6.353,0.0
RIDE001472,Private,2025-02-23 02:57,2025-02-23 03:47,Pallavaram,Chengalpattu Town,51.78,1,,466.52,Cash,Standard,9.942,0.0
RIDE001473,Private,2025-04-24 10:56,2025-04-24 11:47,Pallavaram,Chengalpattu Town,45.37,1,,409.71,UPI,Standard,8.711,0.0
RIDE001474,Private,2025-01-09 06:03,2025-01-09 06:50,Anna Nagar,Chengalpattu Bus Stand,52.05,1,,578.48,Card,Standard,9.994,0.0
RIDE001475,Private,2025-02-16 02:47,2025-02-16 04:00,Perungudi,Mahindra City,61.47,1,,590.15,Card,Standard,11.802,0.0
RIDE001476,Private,2025-02-10 21:21,2025-02-10 22:00,Pallavaram,Singaperumal Koil,33.82,1,,312.7,Cash,Standard,6.493,0.0
RIDE001477,Private,2025-03-12 06:50,2025-03-12 07:43,Mylapore,Chengalpattu Bus Stand,53.88,1,,555.92,Cash,Standard,10.345,0.0
RIDE001478,Carpool,2025-04-09 21:12,2025-04-09 21:50,Anna Nagar,SRM University,34.09,3,2.8,239.81,Wallet,Shared,4.773,1.772
RIDE001479,Private,2025-03-19 08:21,2025-03-19 08:51,Chromepet,Chengalpattu Bus Stand,32.41,1,,357.55,Wallet,Standard,6.223,0.0
RIDE001480,Private,2025-03-01 11:31,2025-03-01 12:09,Guindy,Mahindra City,34.83,1,,341.73,Wallet,Standard,6.687,0.0
RIDE001481,Private,2025-02-16 19:13,2025-02-16 19:48,Guindy,Chengalpattu Town,31.3,1,,298.47,Cash,Standard,6.01,0.0
RIDE001482,Carpool,2025-02-26 23:56,2025-02-27 01:00,Perungudi,SRM University,55.91,3,2.8,346.82,Cash,Shared,7.827,2.908
RIDE001483,Carpool,2025-01-19 14:14,2025-01-19 15:15,Anna Nagar,Singaperumal Koil,59.13,2,1.7,397.24,Cash,Shared,8.278,3.075
RIDE001484,Private,2025-03-20 19:31,2025-03-20 20:27,Tambaram,Mahindra City,48.63,1,,520.89,UPI,Standard,9.337,0.0
RIDE001485,Private,2025-02-20 10:08,2025-02-20 10:57,Perungudi,Singaperumal Koil,51.63,1,,478.94,UPI,Standard,9.913,0.0
RIDE001486,Carpool,2025-01-20 07:14,2025-01-20 07:51,Tambaram,Chengalpattu Bus Stand,39.43,4,3.6,307.12,Card,Shared,5.52,2.051
RIDE001487,Carpool,2025-03-25 13:15,2025-03-25 14:17,Mylapore,Chengalpattu Bus Stand,51.46,2,1.5,344.61,Cash,Shared,7.204,2.676
RIDE001488,Carpool,2025-03-30 06:07,2025-03-30 07:07,Mylapore,Chengalpattu Bus Stand,63.14,3,2.4,430.65,Wallet,Shared,8.84,3.283
RIDE001489,Carpool,2025-03-04 17:44,2025-03-04 18:31,Adyar,Chengalpattu Bus Stand,39.65,4,3.6,272.01,Wallet,Shared,5.551,2.062
RIDE001490,Carpool,2025-04-16 18:34,2025-04-16 19:07,Chromepet,Chengalpattu Town,32.76,2,1.7,234.73,UPI,Shared,4.586,1.704
RIDE001491,Carpool,2025-03-18 23:45,2025-03-19 00:50,Chromepet,Chengalpattu Bus Stand,57.21,4,4.0,372.08,Wallet,Shared,8.009,2.975
RIDE001492,Carpool,2025-01-14 21:16,2025-01-14 22:03,Velachery,Mahindra City,39.53,3,2.5,304.27,UPI,Shared,5.534,2.056
RIDE001493,Private,2025-04-05 22:06,2025-04-05 23:01,Chromepet,Singaperumal Koil,48.96,1,,455.7,UPI,Standard,9.4,0.0
RIDE001494,Private,2025-04-28 05:52,2025-04-28 06:25,Guindy,Singaperumal Koil,33.91,1,,320.08,Cash,Standard,6.511,0.0
RIDE001495,Carpool,2025-03-23 12:53,2025-03-23 13:34,OMR Sholinganallur,Chengalpattu Town,34.78,3,2.7,239.3,Wallet,Shared,4.869,1.809
RIDE001496,Carpool,2025-04-27 17:03,2025-04-27 18:04,T Nagar,SRM University,57.04,3,2.9,402.43,Card,Shared,7.986,2.966
RIDE001497,Carpool,2025-04-22 17:53,2025-04-22 18:51,Perungudi,SRM University,62.89,2,2.0,444.26,UPI,Shared,8.805,3.27
RIDE001498,Carpool,2025-01-16 00:21,2025-01-16 01:10,Mylapore,SRM University,47.83,2,2.0,313.05,Wallet,Shared,6.696,2.487
RIDE001499,Private,2025-04-30 20:37,2025-04-30 21:36,OMR Sholinganallur,Chengalpattu Bus Stand,54.36,1,,556.28,Card,Standard,10.437,0.0
RIDE001500,Private,2025-01-11 20:48,2025-01-11 21:26,Chromepet,Chengalpattu Bus Stand,42.16,1,,427.95,Card,Standard,8.095,0.0
RIDE001501,Private,2025-03-25 01:19,2025-03-25 02:02,Adyar,Singaperumal Koil,41.37,1,,384.08,Card,Standard,7.943,0.0
RIDE001502,Private,2025-01-06 19:08,2025-01-06 19:39,Velachery,Chengalpattu Bus Stand,31.18,1,,351.55,UPI,Standard,5.987,0.0
RIDE001503,Carpool,2025-04-27 01:03,2025-04-27 01:51,OMR Sholinganallur,SRM University,40.62,3,2.7,287.56,Wallet,Shared,5.687,2.112
RIDE001504,Private,2025-03-30 16:31,2025-03-30 17:25,Perungudi,Mahindra City,48.22,1,,522.25,Card,Standard,9.258,0.0
RIDE001505,Private,2025-04-25 11:52,2025-04-25 12:51,Adyar,SRM University,53.54,1,,499.35,Card,Standard,10.28,0.0
RIDE001506,Carpool,2025-03-21 17:38,2025-03-21 18:42,Guindy,Chengalpattu Bus Stand,54.58,4,3.5,411.59,UPI,Shared,7.641,2.838
RIDE001507,Carpool,2025-04-24 16:37,2025-04-24 17:28,Adyar,Chengalpattu Town,46.74,2,1.9,351.1,Wallet,Shared,6.544,2.43
RIDE001508,Private,2025-01-29 20:13,2025-01-29 21:27,Pallavaram,SRM University,63.99,1,,710.66,Wallet,Standard,12.286,0.0
RIDE001509,Private,2025-02-28 07:03,2025-02-28 08:10,Velachery,SRM University,62.99,1,,607.82,Wallet,Standard,12.094,0.0
RIDE001510,Private,2025-04-02 09:39,2025-04-02 10:28,T Nagar,Chengalpattu Bus Stand,40.72,1,,387.97,Cash,Standard,7.818,0.0
RIDE001511,Carpool,2025-02-12 13:25,2025-02-12 14:34,Guindy,Chengalpattu Town,64.76,2,1.7,448.62,Cash,Shared,9.066,3.368
RIDE001512,Carpool,2025-03-26 22:16,2025-03-26 22:50,Mylapore,SRM University,33.69,4,4.0,220.67,UPI,Shared,4.717,1.751
RIDE001513,Carpool,2025-04-05 03:18,2025-04-05 04:14,T Nagar,Singaperumal Koil,46.11,4,3.8,309.65,Wallet,Shared,6.455,2.398
RIDE001514,Carpool,2025-01-21 07:41,2025-01-21 08:27,Pallavaram,Chengalpattu Town,46.44,3,2.5,295.82,Cash,Shared,6.502,2.414
RIDE001515,Private,2025-04-06 11:41,2025-04-06 12:24,T Nagar,Mahindra City,42.58,1,,411.18,Card,Standard,8.175,0.0
RIDE001516,Carpool,2025-01-17 11:24,2025-01-17 12:08,Perungudi,Singaperumal Koil,43.92,2,2.0,339.13,UPI,Shared,6.149,2.284
RIDE001517,Private,2025-01-15 23:52,2025-01-16 00:46,Perungudi,Singaperumal Koil,44.99,1,,431.83,Wallet,Standard,8.638,0.0
RIDE001518,Carpool,2025-04-14 04:40,2025-04-14 05:34,Pallavaram,Singaperumal Koil,52.03,4,3.6,333.75,Cash,Shared,7.284,2.706
RIDE001519,Private,2025-03-11 10:14,2025-03-11 11:18,Adyar,Mahindra City,64.84,1,,585.54,UPI,Standard,12.449,0.0
RIDE001520,Private,2025-02-13 17:40,2025-02-13 18:45,Chromepet,Singaperumal Koil,57.77,1,,566.01,Cash,Standard,11.092,0.0
RIDE001521,Carpool,2025-03-02 00:23,2025-03-02 01:17,Anna Nagar,Chengalpattu Town,58.6,4,3.9,362.4,Wallet,Shared,8.204,3.047
RIDE001522,Carpool,2025-04-08 17:38,2025-04-08 18:23,Mylapore,Chengalpattu Town,48.45,4,3.5,298.06,Wallet,Shared,6.783,2.519
RIDE001523,Carpool,2025-02-28 08:05,2025-02-28 08:45,Chromepet,Mahindra City,42.29,3,2.8,265.05,Card,Shared,5.921,2.199
RIDE001524,Carpool,2025-04-01 04:19,2025-04-01 04:56,T Nagar,Singaperumal Koil,37.69,4,3.7,289.76,Card,Shared,5.277,1.959
RIDE001525,Private,2025-03-28 06:28,2025-03-28 07:13,T Nagar,SRM University,37.22,1,,402.74,Card,Standard,7.146,0.0
RIDE001526,Carpool,2025-02-16 19:31,2025-02-16 20:31,Pallavaram,SRM University,54.97,4,3.4,363.54,UPI,Shared,7.696,2.858
RIDE001527,Carpool,2025-01-31 05:31,2025-01-31 06:14,Chromepet,Chengalpattu Town,40.53,4,3.4,249.35,Cash,Shared,5.674,2.108
RIDE001528,Carpool,2025-04-19 14:53,2025-04-19 15:22,Tambaram,Chengalpattu Bus Stand,31.28,4,3.9,211.62,UPI,Shared,4.379,1.627
RIDE001529,Carpool,2025-04-10 22:56,2025-04-10 23:39,Adyar,SRM University,35.31,2,1.7,252.33,UPI,Shared,4.943,1.837
RIDE001530,Carpool,2025-03-03 06:31,2025-03-03 07:26,Mylapore,Singaperumal Koil,56.77,2,2.0,422.11,Wallet,Shared,7.948,2.952
RIDE001531,Carpool,2025-01-17 01:25,2025-01-17 02:16,Anna Nagar,Mahindra City,43.5,4,3.8,273.78,UPI,Shared,6.09,2.262
RIDE001532,Carpool,2025-01-18 20:46,2025-01-18 21:19,OMR Sholinganallur,Singaperumal Koil,33.52,2,2.0,209.23,Wallet,Shared,4.693,1.743
RIDE001533,Carpool,2025-01-25 12:23,2025-01-25 13:19,Velachery,Chengalpattu Bus Stand,53.28,4,3.7,359.92,Wallet,Shared,7.459,2.771
RIDE001534,Private,2025-02-25 08:42,2025-02-25 09:46,Pallavaram,Mahindra City,63.5,1,,728.86,Cash,Standard,12.192,0.0
RIDE001535,Carpool,2025-02-13 09:22,2025-02-13 10:10,Tambaram,Mahindra City,50.54,2,1.8,392.45,UPI,Shared,7.076,2.628
RIDE001536,Carpool,2025-01-31 22:07,2025-01-31 22:46,Chromepet,Singaperumal Koil,41.05,3,3.0,260.34,Card,Shared,5.747,2.135
RIDE001537,Private,2025-01-27 18:13,2025-01-27 19:26,OMR Sholinganallur,Chengalpattu Bus Stand,62.02,1,,580.95,Card,Standard,11.908,0.0
RIDE001538,Private,2025-02-19 07:55,2025-02-19 08:54,Anna Nagar,Singaperumal Koil,58.26,1,,637.31,Card,Standard,11.186,0.0
RIDE001539,Private,2025-01-11 07:53,2025-01-11 08:47,Chromepet,Chengalpattu Town,52.89,1,,500.96,Card,Standard,10.155,0.0
RIDE001540,Private,2025-01-31 12:34,2025-01-31 13:51,Pallavaram,Mahindra City,64.09,1,,637.3,UPI,Standard,12.305,0.0
RIDE001541,Private,2025-04-25 10:48,2025-04-25 11:56,Chromepet,SRM University,59.55,1,,662.22,Wallet,Standard,11.434,0.0
RIDE001542,Carpool,2025-04-27 16:04,2025-04-27 16:45,OMR Sholinganallur,Singaperumal Koil,34.21,3,2.5,218.54,Cash,Shared,4.789,1.779
RIDE001543,Carpool,2025-02-25 05:55,2025-02-25 06:39,Guindy,Chengalpattu Town,38.82,3,2.4,266.42,UPI,Shared,5.435,2.018
RIDE001544,Private,2025-02-28 11:47,2025-02-28 12:42,Mylapore,Chengalpattu Town,48.39,1,,525.39,Wallet,Standard,9.291,0.0
RIDE001545,Carpool,2025-04-20 09:22,2025-04-20 10:03,Adyar,Singaperumal Koil,44.71,3,2.6,278.67,Wallet,Shared,6.259,2.325
RIDE001546,Private,2025-04-02 06:26,2025-04-02 07:08,Mylapore,Chengalpattu Bus Stand,35.3,1,,403.6,Card,Standard,6.778,0.0
RIDE001547,Carpool,2025-03-30 16:07,2025-03-30 16:55,Pallavaram,Singaperumal Koil,39.3,4,3.7,273.23,Card,Shared,5.502,2.044
RIDE001548,Private,2025-03-09 01:13,2025-03-09 01:59,Tambaram,Chengalpattu Bus Stand,40.9,1,,443.52,Card,Standard,7.853,0.0
RIDE001549,Private,2025-04-01 21:45,2025-04-01 22:35,Pallavaram,Singaperumal Koil,54.54,1,,502.74,Card,Standard,10.472,0.0
RIDE001550,Carpool,2025-01-17 05:36,2025-01-17 06:48,OMR Sholinganallur,SRM University,59.81,2,1.9,370.07,UPI,Shared,8.373,3.111
RIDE001551,Private,2025-02-03 16:24,2025-02-03 17:07,Mylapore,Chengalpattu Town,39.95,1,,453.76,Wallet,Standard,7.67,0.0
RIDE001552,Private,2025-01-27 03:55,2025-01-27 04:42,Mylapore,Singaperumal Koil,46.78,1,,482.78,UPI,Standard,8.982,0.0
RIDE001553,Carpool,2025-01-13 21:14,2025-01-13 21:55,Mylapore,Chengalpattu Bus Stand,38.61,2,1.6,253.68,Wallet,Shared,5.405,2.008
RIDE001554,Private,2025-01-13 12:10,2025-01-13 13:17,Adyar,Chengalpattu Town,60.48,1,,613.68,Card,Standard,11.612,0.0
RIDE001555,Private,2025-03-03 22:18,2025-03-03 22:47,Mylapore,Singaperumal Koil,32.63,1,,305.87,UPI,Standard,6.265,0.0
RIDE001556,Carpool,2025-03-03 22:03,2025-03-03 22:47,Velachery,Chengalpattu Bus Stand,42.13,3,2.7,317.99,Card,Shared,5.898,2.191
RIDE001557,Carpool,2025-02-14 02:10,2025-02-14 02:54,Chromepet,Chengalpattu Bus Stand,36.72,4,3.9,249.65,Card,Shared,5.141,1.909
RIDE001558,Private,2025-02-08 16:14,2025-02-08 17:14,Perungudi,Chengalpattu Bus Stand,52.74,1,,508.64,Wallet,Standard,10.126,0.0
RIDE001559,Carpool,2025-02-05 03:17,2025-02-05 03:55,Anna Nagar,Mahindra City,36.64,3,2.4,254.59,Card,Shared,5.13,1.905
RIDE001560,Carpool,2025-02-01 05:57,2025-02-01 06:39,Mylapore,Mahindra City,36.13,2,1.8,272.96,UPI,Shared,5.058,1.879
RIDE001561,Private,2025-02-03 04:57,2025-02-03 05:52,Adyar,Singaperumal Koil,60.83,1,,699.44,UPI,Standard,11.679,0.0
RIDE001562,Carpool,2025-03-12 07:34,2025-03-12 08:24,Mylapore,Chengalpattu Bus Stand,43.35,3,2.9,315.57,Cash,Shared,6.069,2.254
RIDE001563,Carpool,2025-03-26 10:41,2025-03-26 11:24,Anna Nagar,Chengalpattu Town,40.86,2,2.0,298.04,Wallet,Shared,5.72,2.125
RIDE001564,Carpool,2025-01-07 18:18,2025-01-07 19:01,T Nagar,Chengalpattu Bus Stand,48.69,4,3.7,376.16,Card,Shared,6.817,2.531
RIDE001565,Private,2025-01-18 02:21,2025-01-18 03:13,Anna Nagar,Chengalpattu Town,56.27,1,,524.43,UPI,Standard,10.804,0.0
RIDE001566,Carpool,2025-01-05 00:46,2025-01-05 01:29,T Nagar,Singaperumal Koil,45.27,3,2.7,309.38,Wallet,Shared,6.338,2.354
RIDE001567,Private,2025-02-08 06:26,2025-02-08 07:10,Mylapore,Mahindra City,46.39,1,,503.92,Cash,Standard,8.907,0.0
RIDE001568,Carpool,2025-02-02 12:12,2025-02-02 12:43,Perungudi,Chengalpattu Bus Stand,34.21,3,2.8,227.84,UPI,Shared,4.789,1.779
RIDE001569,Carpool,2025-01-17 02:40,2025-01-17 03:16,Guindy,Chengalpattu Bus Stand,40.31,4,3.4,313.56,Cash,Shared,5.643,2.097
RIDE001570,Private,2025-04-12 13:16,2025-04-12 13:49,Tambaram,SRM University,30.13,1,,292.24,Wallet,Standard,5.785,0.0
RIDE001571,Carpool,2025-03-17 10:10,2025-03-17 10:54,Anna Nagar,SRM University,36.01,2,1.8,268.53,UPI,Shared,5.041,1.873
RIDE001572,Private,2025-02-16 15:34,2025-02-16 16:42,T Nagar,SRM University,64.56,1,,616.16,Wallet,Standard,12.396,0.0
RIDE001573,Carpool,2025-04-13 06:42,2025-04-13 07:42,OMR Sholinganallur,Singaperumal Koil,54.95,2,1.9,349.36,Cash,Shared,7.693,2.857
RIDE001574,Carpool,2025-02-19 02:34,2025-02-19 03:21,T Nagar,Chengalpattu Town,40.95,4,3.8,318.02,Wallet,Shared,5.733,2.129
RIDE001575,Carpool,2025-01-28 20:12,2025-01-28 20:51,Velachery,Chengalpattu Bus Stand,36.65,3,2.8,242.92,Wallet,Shared,5.131,1.906
RIDE001576,Private,2025-04-23 07:47,2025-04-23 08:31,Perungudi,SRM University,49.43,1,,501.72,Cash,Standard,9.491,0.0
RIDE001577,Carpool,2025-01-31 00:05,2025-01-31 00:45,Perungudi,SRM University,44.56,4,3.8,335.06,Wallet,Shared,6.238,2.318
RIDE001578,Carpool,2025-04-14 17:58,2025-04-14 18:53,Chromepet,Chengalpattu Town,53.85,3,2.9,402.28,Wallet,Shared,7.539,2.8
RIDE001579,Private,2025-02-19 14:02,2025-02-19 14:57,Guindy,SRM University,56.71,1,,588.81,Card,Standard,10.888,0.0
RIDE001580,Carpool,2025-04-04 23:05,2025-04-05 00:07,Chromepet,SRM University,64.91,3,2.6,432.81,Cash,Shared,9.087,3.376
RIDE001581,Private,2025-02-03 22:23,2025-02-03 23:22,Tambaram,SRM University,56.89,1,,603.03,Cash,Standard,10.923,0.0
RIDE001582,Carpool,2025-03-27 00:47,2025-03-27 01:34,Tambaram,SRM University,39.03,3,2.7,243.2,Card,Shared,5.464,2.03
RIDE001583,Carpool,2025-02-02 05:35,2025-02-02 06:29,Pallavaram,Chengalpattu Town,52.23,3,2.4,379.28,Cash,Shared,7.312,2.716
RIDE001584,Private,2025-03-06 15:17,2025-03-06 15:49,Pallavaram,Mahindra City,31.86,1,,297.73,UPI,Standard,6.117,0.0
RIDE001585,Private,2025-05-01 04:54,2025-05-01 05:56,Perungudi,Chengalpattu Town,61.71,1,,581.8,UPI,Standard,11.848,0.0
RIDE001586,Private,2025-03-15 16:35,2025-03-15 17:27,Anna Nagar,Singaperumal Koil,57.93,1,,604.23,Wallet,Standard,11.123,0.0
RIDE001587,Carpool,2025-01-06 14:31,2025-01-06 15:33,Anna Nagar,Chengalpattu Bus Stand,54.01,2,1.5,404.97,UPI,Shared,7.561,2.809
RIDE001588,Carpool,2025-01-16 15:50,2025-01-16 16:40,Mylapore,SRM University,55.12,2,1.8,403.44,Cash,Shared,7.717,2.866
RIDE001589,Private,2025-02-17 15:34,2025-02-17 16:19,Anna Nagar,Singaperumal Koil,37.53,1,,340.44,Wallet,Standard,7.206,0.0
RIDE001590,Carpool,2025-02-12 11:14,2025-02-12 12:25,T Nagar,Chengalpattu Town,60.53,3,2.9,392.05,Card,Shared,8.474,3.148
RIDE001591,Private,2025-04-12 17:46,2025-04-12 18:29,T Nagar,SRM University,35.88,1,,400.08,Wallet,Standard,6.889,0.0
RIDE001592,Private,2025-04-07 06:32,2025-04-07 07:10,Anna Nagar,Mahindra City,31.85,1,,290.47,Wallet,Standard,6.115,0.0
RIDE001593,Carpool,2025-04-12 04:14,2025-04-12 04:42,OMR Sholinganallur,Singaperumal Koil,31.49,3,2.5,216.59,Wallet,Shared,4.409,1.637
RIDE001594,Carpool,2025-01-07 21:46,2025-01-07 22:43,Adyar,Singaperumal Koil,45.85,4,3.5,282.15,Wallet,Shared,6.419,2.384
RIDE001595,Private,2025-01-04 03:46,2025-01-04 04:56,Chromepet,Mahindra City,56.58,1,,551.65,Card,Standard,10.863,0.0
RIDE001596,Carpool,2025-01-13 05:47,2025-01-13 06:53,Mylapore,Singaperumal Koil,55.46,4,3.5,384.28,Wallet,Shared,7.764,2.884
RIDE001597,Carpool,2025-04-09 19:40,2025-04-09 20:23,Velachery,SRM University,39.6,3,2.7,261.56,Cash,Shared,5.544,2.059
RIDE001598,Private,2025-02-25 22:52,2025-02-25 23:39,Guindy,Chengalpattu Town,40.64,1,,442.28,Card,Standard,7.803,0.0
RIDE001599,Private,2025-04-30 11:03,2025-04-30 12:09,Velachery,SRM University,53.95,1,,604.6,UPI,Standard,10.358,0.0
RIDE001600,Carpool,2025-01-01 19:52,2025-01-01 20:35,OMR Sholinganallur,SRM University,35.85,4,3.8,265.85,Card,Shared,5.019,1.864
RIDE001601,Private,2025-04-24 21:56,2025-04-24 22:48,Pallavaram,Mahindra City,56.72,1,,617.9,Card,Standard,10.89,0.0
RIDE001602,Carpool,2025-01-08 09:09,2025-01-08 10:01,Perungudi,Chengalpattu Town,52.37,4,3.6,353.53,Wallet,Shared,7.332,2.723
RIDE001603,Carpool,2025-03-21 17:04,2025-03-21 17:51,Guindy,Chengalpattu Bus Stand,51.2,4,3.9,393.89,Cash,Shared,7.168,2.662
RIDE001604,Private,2025-03-03 22:29,2025-03-03 23:38,OMR Sholinganallur,Chengalpattu Bus Stand,55.71,1,,595.11,UPI,Standard,10.696,0.0
RIDE001605,Private,2025-01-11 15:22,2025-01-11 16:32,OMR Sholinganallur,SRM University,57.84,1,,591.61,Wallet,Standard,11.105,0.0
RIDE001606,Carpool,2025-03-25 21:15,2025-03-25 22:24,T Nagar,Mahindra City,56.44,2,2.0,393.55,UPI,Shared,7.902,2.934
RIDE001607,Carpool,2025-01-08 22:28,2025-01-08 23:13,Velachery,Chengalpattu Town,39.67,3,2.9,287.64,Cash,Shared,5.554,2.063
RIDE001608,Private,2025-04-23 07:27,2025-04-23 08:00,Adyar,Chengalpattu Town,32.98,1,,366.65,UPI,Standard,6.332,0.0
RIDE001609,Carpool,2025-03-12 02:34,2025-03-12 03:12,Mylapore,Chengalpattu Bus Stand,41.69,2,2.0,260.64,Cash,Shared,5.837,2.167
RIDE001610,Carpool,2025-02-22 09:29,2025-02-22 10:08,T Nagar,Mahindra City,38.2,3,2.5,291.41,UPI,Shared,5.348,1.986
RIDE001611,Carpool,2025-02-25 17:35,2025-02-25 18:31,Chromepet,SRM University,45.82,2,1.7,332.03,Card,Shared,6.415,2.382
RIDE001612,Private,2025-04-27 10:42,2025-04-27 11:44,Guindy,Chengalpattu Bus Stand,53.39,1,,484.25,Wallet,Standard,10.251,0.0
RIDE001613,Carpool,2025-04-27 11:07,2025-04-27 11:48,OMR Sholinganallur,Singaperumal Koil,38.04,4,3.6,246.04,Cash,Shared,5.326,1.978
RIDE001614,Private,2025-03-31 20:37,2025-03-31 21:31,Anna Nagar,Mahindra City,58.16,1,,661.29,Cash,Standard,11.167,0.0
RIDE001615,Carpool,2025-02-27 02:50,2025-02-27 03:20,Mylapore,Singaperumal Koil,31.44,3,2.9,215.89,Cash,Shared,4.402,1.634
RIDE001616,Carpool,2025-04-06 21:19,2025-04-06 22:04,Anna Nagar,Mahindra City,37.71,4,3.9,240.48,UPI,Shared,5.279,1.961
RIDE001617,Carpool,2025-03-28 00:10,2025-03-28 01:10,Anna Nagar,Mahindra City,60.92,4,3.6,460.32,UPI,Shared,8.529,3.168
RIDE001618,Carpool,2025-02-10 09:05,2025-02-10 09:45,Anna Nagar,Chengalpattu Town,38.72,3,2.7,258.06,Card,Shared,5.421,2.013
RIDE001619,Private,2025-03-18 11:52,2025-03-18 12:48,Pallavaram,Chengalpattu Bus Stand,52.96,1,,492.64,UPI,Standard,10.168,0.0
RIDE001620,Carpool,2025-02-19 13:25,2025-02-19 14:26,Guindy,Mahindra City,49.73,2,1.7,328.27,UPI,Shared,6.962,2.586
RIDE001621,Private,2025-04-29 21:51,2025-04-29 22:23,Velachery,Singaperumal Koil,30.67,1,,313.13,Cash,Standard,5.889,0.0
RIDE001622,Carpool,2025-04-24 00:24,2025-04-24 00:57,Tambaram,Chengalpattu Bus Stand,36.69,2,1.5,246.63,Wallet,Shared,5.137,1.907
RIDE001623,Private,2025-04-10 17:13,2025-04-10 18:02,T Nagar,Singaperumal Koil,52.62,1,,584.99,UPI,Standard,10.103,0.0
RIDE001624,Private,2025-04-26 13:29,2025-04-26 14:32,T Nagar,Chengalpattu Bus Stand,52.36,1,,559.96,Cash,Standard,10.053,0.0
RIDE001625,Private,2025-02-22 04:55,2025-02-22 05:46,Guindy,Mahindra City,52.33,1,,526.97,UPI,Standard,10.047,0.0
RIDE001626,Carpool,2025-03-24 07:52,2025-03-24 08:52,Guindy,Mahindra City,52.4,3,2.5,360.06,Cash,Shared,7.336,2.725
RIDE001627,Carpool,2025-02-04 03:44,2025-02-04 05:02,Mylapore,Chengalpattu Bus Stand,62.83,4,3.4,383.87,Cash,Shared,8.796,3.267
RIDE001628,Private,2025-04-04 14:06,2025-04-04 15:08,T Nagar,Chengalpattu Town,49.85,1,,490.69,Card,Standard,9.571,0.0
RIDE001629,Private,2025-03-07 03:07,2025-03-07 04:08,T Nagar,Singaperumal Koil,49.4,1,,493.03,Card,Standard,9.485,0.0
RIDE001630,Carpool,2025-04-28 22:25,2025-04-28 23:36,Adyar,Chengalpattu Town,57.6,2,1.9,389.52,Card,Shared,8.064,2.995
RIDE001631,Private,2025-02-03 04:59,2025-02-03 05:41,OMR Sholinganallur,Mahindra City,37.75,1,,391.65,UPI,Standard,7.248,0.0
RIDE001632,Private,2025-03-07 05:59,2025-03-07 07:02,Guindy,Mahindra City,59.57,1,,538.85,Card,Standard,11.437,0.0
RIDE001633,Carpool,2025-04-26 03:12,2025-04-26 03:51,Guindy,Chengalpattu Bus Stand,33.82,2,1.5,215.11,UPI,Shared,4.735,1.758
RIDE001634,Private,2025-04-14 20:53,2025-04-14 21:45,OMR Sholinganallur,Chengalpattu Bus Stand,48.75,1,,527.28,Cash,Standard,9.36,0.0
RIDE001635,Private,2025-04-10 16:03,2025-04-10 16:46,Anna Nagar,SRM University,43.6,1,,394.97,UPI,Standard,8.371,0.0
RIDE001636,Carpool,2025-02-07 11:18,2025-02-07 12:14,T Nagar,Mahindra City,48.13,2,1.6,298.7,Wallet,Shared,6.738,2.503
RIDE001637,Private,2025-03-02 07:50,2025-03-02 08:24,Guindy,Chengalpattu Bus Stand,34.86,1,,334.71,Card,Standard,6.693,0.0
RIDE001638,Carpool,2025-01-02 17:02,2025-01-02 17:40,Guindy,Mahindra City,36.6,4,3.6,248.17,Card,Shared,5.124,1.903
RIDE001639,Carpool,2025-04-07 06:12,2025-04-07 06:41,T Nagar,Chengalpattu Bus Stand,32.25,3,2.8,244.13,UPI,Shared,4.515,1.677
RIDE001640,Private,2025-03-23 23:28,2025-03-24 00:18,Anna Nagar,Chengalpattu Bus Stand,43.08,1,,402.73,Cash,Standard,8.271,0.0
RIDE001641,Private,2025-03-28 18:58,2025-03-28 19:58,Perungudi,Chengalpattu Town,56.67,1,,617.32,Cash,Standard,10.881,0.0
RIDE001642,Private,2025-03-03 19:55,2025-03-03 20:43,Guindy,Mahindra City,42.83,1,,466.07,Wallet,Standard,8.223,0.0
RIDE001643,Private,2025-01-08 23:06,2025-01-08 23:52,Mylapore,Mahindra City,41.29,1,,473.69,Wallet,Standard,7.928,0.0
RIDE001644,Carpool,2025-04-28 14:42,2025-04-28 15:11,OMR Sholinganallur,SRM University,31.16,3,2.6,232.04,Cash,Shared,4.362,1.621
RIDE001645,Carpool,2025-03-10 15:19,2025-03-10 16:04,OMR Sholinganallur,Chengalpattu Town,48.67,2,1.5,350.41,Card,Shared,6.814,2.531
RIDE001646,Private,2025-02-21 21:57,2025-02-21 22:41,Guindy,Singaperumal Koil,40.35,1,,425.5,Wallet,Standard,7.747,0.0
RIDE001647,Carpool,2025-04-30 15:28,2025-04-30 16:26,Mylapore,Chengalpattu Town,49.4,3,2.8,300.09,UPI,Shared,6.916,2.569
RIDE001648,Carpool,2025-02-17 11:53,2025-02-17 12:44,Chromepet,Chengalpattu Bus Stand,52.88,3,2.6,360.08,Wallet,Shared,7.403,2.75
RIDE001649,Carpool,2025-03-08 20:47,2025-03-08 21:32,Perungudi,Singaperumal Koil,42.16,4,3.8,290.39,Cash,Shared,5.902,2.193
RIDE001650,Carpool,2025-03-01 18:26,2025-03-01 19:42,OMR Sholinganallur,SRM University,63.58,4,3.9,388.63,Cash,Shared,8.901,3.306
RIDE001651,Carpool,2025-01-20 07:32,2025-01-20 08:32,Perungudi,SRM University,63.6,4,3.9,490.46,Wallet,Shared,8.904,3.307
RIDE001652,Private,2025-01-20 21:44,2025-01-20 22:28,Adyar,Chengalpattu Town,47.7,1,,487.76,Wallet,Standard,9.158,0.0
RIDE001653,Carpool,2025-04-15 20:32,2025-04-15 21:01,Guindy,Chengalpattu Bus Stand,32.96,3,2.7,226.77,Cash,Shared,4.614,1.714
RIDE001654,Carpool,2025-01-24 07:05,2025-01-24 07:47,OMR Sholinganallur,Mahindra City,45.91,2,1.7,327.25,Wallet,Shared,6.427,2.388
RIDE001655,Carpool,2025-01-26 08:03,2025-01-26 08:55,Velachery,Mahindra City,48.49,2,1.6,337.07,Wallet,Shared,6.789,2.521
RIDE001656,Private,2025-01-06 10:30,2025-01-06 11:02,T Nagar,Chengalpattu Town,31.99,1,,342.84,Card,Standard,6.142,0.0
RIDE001657,Private,2025-04-03 17:14,2025-04-03 18:17,Mylapore,Singaperumal Koil,52.01,1,,559.58,Wallet,Standard,9.986,0.0
RIDE001658,Private,2025-02-13 06:41,2025-02-13 07:27,Velachery,Chengalpattu Bus Stand,46.55,1,,524.03,Wallet,Standard,8.938,0.0
RIDE001659,Private,2025-03-13 18:01,2025-03-13 18:55,Tambaram,Mahindra City,46.13,1,,488.91,Card,Standard,8.857,0.0
RIDE001660,Carpool,2025-02-08 02:48,2025-02-08 04:00,Tambaram,Mahindra City,58.15,4,3.4,414.59,UPI,Shared,8.141,3.024
RIDE001661,Private,2025-01-01 16:50,2025-01-01 17:27,Mylapore,Chengalpattu Bus Stand,39.28,1,,370.91,Cash,Standard,7.542,0.0
RIDE001662,Carpool,2025-03-10 00:29,2025-03-10 01:42,Tambaram,Chengalpattu Bus Stand,64.24,3,2.8,414.26,Wallet,Shared,8.994,3.34
RIDE001663,Private,2025-03-31 20:07,2025-03-31 21:03,Anna Nagar,Singaperumal Koil,58.63,1,,607.52,Wallet,Standard,11.257,0.0
RIDE001664,Carpool,2025-01-14 14:59,2025-01-14 16:01,Tambaram,Mahindra City,59.89,2,1.5,435.23,Cash,Shared,8.385,3.114
RIDE001665,Carpool,2025-01-16 23:27,2025-01-17 00:16,Anna Nagar,Singaperumal Koil,41.63,4,3.8,285.49,UPI,Shared,5.828,2.165
RIDE001666,Carpool,2025-01-31 07:01,2025-01-31 08:00,T Nagar,Chengalpattu Town,59.79,4,3.6,465.78,Card,Shared,8.371,3.109
RIDE001667,Carpool,2025-04-08 23:44,2025-04-09 00:26,Velachery,Mahindra City,46.4,4,3.7,298.35,Wallet,Shared,6.496,2.413
RIDE001668,Carpool,2025-02-20 05:09,2025-02-20 05:50,Tambaram,Singaperumal Koil,36.54,2,1.8,241.25,Cash,Shared,5.116,1.9
RIDE001669,Private,2025-04-03 14:52,2025-04-03 15:37,Guindy,Chengalpattu Bus Stand,46.63,1,,446.02,Cash,Standard,8.953,0.0
RIDE001670,Carpool,2025-01-30 18:16,2025-01-30 19:10,Adyar,Singaperumal Koil,60.43,3,2.4,402.78,Card,Shared,8.46,3.143
RIDE001671,Carpool,2025-03-06 18:07,2025-03-06 19:06,Perungudi,Mahindra City,55.25,2,1.9,378.81,Wallet,Shared,7.735,2.873
RIDE001672,Private,2025-02-16 20:33,2025-02-16 21:21,Chromepet,SRM University,43.49,1,,488.91,Card,Standard,8.35,0.0
RIDE001673,Private,2025-02-22 10:42,2025-02-22 11:21,Anna Nagar,Mahindra City,34.48,1,,379.31,UPI,Standard,6.62,0.0
RIDE001674,Carpool,2025-03-02 14:18,2025-03-02 15:05,Tambaram,SRM University,49.62,4,3.7,327.04,UPI,Shared,6.947,2.58
RIDE001675,Carpool,2025-02-24 03:57,2025-02-24 05:05,Anna Nagar,Chengalpattu Town,55.33,3,2.6,396.56,Card,Shared,7.746,2.877
RIDE001676,Carpool,2025-01-17 04:16,2025-01-17 05:24,Chromepet,Mahindra City,63.62,4,3.5,390.65,Card,Shared,8.907,3.308
RIDE001677,Carpool,2025-03-29 16:08,2025-03-29 16:39,Pallavaram,Chengalpattu Bus Stand,30.6,4,3.8,185.13,Wallet,Shared,4.284,1.591
RIDE001678,Private,2025-03-21 03:10,2025-03-21 04:17,Mylapore,Singaperumal Koil,60.71,1,,630.94,UPI,Standard,11.656,0.0
RIDE001679,Carpool,2025-04-22 05:46,2025-04-22 06:52,Anna Nagar,Mahindra City,59.11,3,2.4,439.2,Cash,Shared,8.275,3.074
RIDE001680,Private,2025-04-06 20:35,2025-04-06 21:39,Mylapore,Chengalpattu Bus Stand,55.69,1,,608.77,Cash,Standard,10.692,0.0
RIDE001681,Private,2025-04-08 15:47,2025-04-08 16:28,Velachery,Chengalpattu Town,45.82,1,,454.2,Card,Standard,8.797,0.0
RIDE001682,Carpool,2025-03-30 23:03,2025-03-30 23:49,Perungudi,SRM University,49.85,2,1.5,386.44,Card,Shared,6.979,2.592
RIDE001683,Carpool,2025-03-28 15:02,2025-03-28 16:01,Anna Nagar,Chengalpattu Town,52.77,2,1.9,370.6,Card,Shared,7.388,2.744
RIDE001684,Carpool,2025-03-21 21:42,2025-03-21 22:32,Adyar,Chengalpattu Town,41.2,4,3.7,297.54,UPI,Shared,5.768,2.142
RIDE001685,Carpool,2025-02-18 21:04,2025-02-18 21:59,Guindy,Chengalpattu Town,57.0,4,3.5,342.46,UPI,Shared,7.98,2.964
RIDE001686,Private,2025-04-04 19:58,2025-04-04 20:58,Mylapore,Mahindra City,57.55,1,,529.74,UPI,Standard,11.05,0.0
RIDE001687,Private,2025-03-01 08:42,2025-03-01 09:53,T Nagar,Chengalpattu Town,63.13,1,,722.06,Cash,Standard,12.121,0.0
RIDE001688,Carpool,2025-02-15 06:30,2025-02-15 07:03,Anna Nagar,Mahindra City,30.08,3,2.4,198.65,Cash,Shared,4.211,1.564
RIDE001689,Carpool,2025-03-23 15:38,2025-03-23 16:33,Velachery,SRM University,45.1,3,3.0,290.49,Card,Shared,6.314,2.345
RIDE001690,Carpool,2025-04-06 18:18,2025-04-06 18:55,Pallavaram,Chengalpattu Town,35.94,2,1.8,229.28,Wallet,Shared,5.032,1.868
RIDE001691,Private,2025-01-23 17:55,2025-01-23 18:41,Tambaram,Chengalpattu Bus Stand,44.81,1,,443.69,Wallet,Standard,8.604,0.0
RIDE001692,Private,2025-03-14 07:04,2025-03-14 07:46,OMR Sholinganallur,SRM University,36.38,1,,362.5,Wallet,Standard,6.985,0.0
RIDE001693,Carpool,2025-02-28 10:03,2025-02-28 10:30,Chromepet,Chengalpattu Town,30.2,2,1.5,182.62,Cash,Shared,4.228,1.57
RIDE001694,Private,2025-04-09 20:40,2025-04-09 21:17,Velachery,Chengalpattu Town,36.93,1,,349.81,Cash,Standard,7.091,0.0
RIDE001695,Carpool,2025-01-08 19:14,2025-01-08 19:57,Perungudi,Chengalpattu Bus Stand,42.29,3,2.7,317.04,UPI,Shared,5.921,2.199
RIDE001696,Private,2025-03-13 12:14,2025-03-13 12:56,Chromepet,Chengalpattu Town,45.85,1,,437.31,Cash,Standard,8.803,0.0
RIDE001697,Private,2025-04-03 22:28,2025-04-03 23:06,Adyar,Mahindra City,39.48,1,,442.06,Card,Standard,7.58,0.0
RIDE001698,Private,2025-03-05 14:54,2025-03-05 15:46,Mylapore,Singaperumal Koil,55.81,1,,616.37,UPI,Standard,10.716,0.0
RIDE001699,Private,2025-02-08 03:15,2025-02-08 04:08,Velachery,Chengalpattu Bus Stand,47.73,1,,448.05,Cash,Standard,9.164,0.0
RIDE001700,Private,2025-01-16 16:49,2025-01-16 17:44,Tambaram,SRM University,49.86,1,,497.54,UPI,Standard,9.573,0.0
RIDE001701,Carpool,2025-02-16 09:04,2025-02-16 09:38,T Nagar,Chengalpattu Bus Stand,37.88,3,2.4,272.0,UPI,Shared,5.303,1.97
RIDE001702,Private,2025-03-12 21:08,2025-03-12 21:59,Guindy,Mahindra City,50.82,1,,508.17,Wallet,Standard,9.757,0.0
RIDE001703,Private,2025-02-15 20:10,2025-02-15 21:08,Mylapore,Chengalpattu Town,57.41,1,,636.78,Cash,Standard,11.023,0.0
RIDE001704,Carpool,2025-02-27 02:25,2025-02-27 03:14,T Nagar,SRM University,39.75,4,3.9,290.25,Cash,Shared,5.565,2.067
RIDE001705,Carpool,2025-04-17 01:01,2025-04-17 01:39,Anna Nagar,Chengalpattu Town,37.79,2,1.9,288.67,Cash,Shared,5.291,1.965
RIDE001706,Carpool,2025-04-04 07:44,2025-04-04 08:19,Perungudi,Singaperumal Koil,38.24,2,1.5,281.42,Wallet,Shared,5.354,1.988
RIDE001707,Private,2025-04-01 21:02,2025-04-01 21:47,Guindy,Mahindra City,44.27,1,,495.44,Cash,Standard,8.5,0.0
RIDE001708,Carpool,2025-01-09 15:22,2025-01-09 15:56,Perungudi,Chengalpattu Bus Stand,36.18,3,2.5,228.67,Cash,Shared,5.065,1.882
RIDE001709,Private,2025-03-01 12:39,2025-03-01 13:36,Velachery,Chengalpattu Town,53.64,1,,613.34,UPI,Standard,10.299,0.0
RIDE001710,Carpool,2025-04-28 19:15,2025-04-28 19:47,Guindy,Chengalpattu Town,34.67,2,1.5,226.04,UPI,Shared,4.854,1.803
RIDE001711,Carpool,2025-02-05 22:14,2025-02-05 23:05,Mylapore,SRM University,49.68,4,3.6,338.99,Wallet,Shared,6.955,2.584
RIDE001712,Private,2025-01-18 14:58,2025-01-18 15:44,Perungudi,Mahindra City,42.15,1,,392.13,Cash,Standard,8.093,0.0
RIDE001713,Private,2025-03-05 13:56,2025-03-05 14:39,Mylapore,Singaperumal Koil,41.3,1,,411.52,UPI,Standard,7.93,0.0
RIDE001714,Private,2025-03-01 01:56,2025-03-01 02:51,Velachery,Chengalpattu Town,44.95,1,,500.22,UPI,Standard,8.63,0.0
RIDE001715,Private,2025-02-19 22:49,2025-02-19 23:34,Guindy,Singaperumal Koil,38.32,1,,357.36,UPI,Standard,7.357,0.0
RIDE001716,Carpool,2025-03-08 22:42,2025-03-08 23:31,Anna Nagar,Chengalpattu Town,43.51,4,3.7,333.06,Cash,Shared,6.091,2.263
RIDE001717,Private,2025-02-03 12:00,2025-02-03 12:59,Velachery,Singaperumal Koil,57.79,1,,645.8,UPI,Standard,11.096,0.0
RIDE001718,Carpool,2025-04-11 15:19,2025-04-11 16:20,Chromepet,Mahindra City,58.87,4,3.7,420.2,Card,Shared,8.242,3.061
RIDE001719,Carpool,2025-03-06 12:47,2025-03-06 13:22,OMR Sholinganallur,Chengalpattu Town,31.65,2,1.6,209.66,Card,Shared,4.431,1.646
RIDE001720,Private,2025-05-01 04:46,2025-05-01 05:30,Adyar,Chengalpattu Bus Stand,38.8,1,,381.3,Cash,Standard,7.45,0.0
RIDE001721,Private,2025-03-23 17:06,2025-03-23 18:22,Perungudi,Chengalpattu Bus Stand,61.48,1,,592.4,UPI,Standard,11.804,0.0
RIDE001722,Carpool,2025-01-03 13:34,2025-01-03 14:10,Mylapore,SRM University,32.07,3,2.6,220.58,Wallet,Shared,4.49,1.667
RIDE001723,Private,2025-03-10 12:44,2025-03-10 13:55,Adyar,Chengalpattu Bus Stand,60.86,1,,655.96,Wallet,Standard,11.685,0.0
RIDE001724,Private,2025-04-25 03:13,2025-04-25 03:50,T Nagar,Singaperumal Koil,38.41,1,,436.44,Wallet,Standard,7.375,0.0
RIDE001725,Carpool,2025-03-27 15:02,2025-03-27 15:51,Guindy,Singaperumal Koil,41.28,2,1.4,287.8,Card,Shared,5.779,2.147
RIDE001726,Carpool,2025-03-25 08:07,2025-03-25 08:59,Anna Nagar,Chengalpattu Town,48.2,4,3.9,351.04,Cash,Shared,6.748,2.506
RIDE001727,Private,2025-04-10 16:54,2025-04-10 17:31,Adyar,Singaperumal Koil,38.14,1,,389.54,Card,Standard,7.323,0.0
RIDE001728,Carpool,2025-02-15 00:51,2025-02-15 01:51,Anna Nagar,Chengalpattu Bus Stand,52.77,4,3.6,322.11,Cash,Shared,7.388,2.744
RIDE001729,Carpool,2025-01-11 12:14,2025-01-11 13:06,Tambaram,Mahindra City,42.61,3,2.9,311.85,Cash,Shared,5.965,2.216
RIDE001730,Carpool,2025-04-21 11:18,2025-04-21 12:00,T Nagar,Chengalpattu Town,40.07,3,2.9,259.22,Cash,Shared,5.61,2.083
RIDE001731,Private,2025-01-31 06:05,2025-01-31 06:46,Pallavaram,SRM University,44.61,1,,447.92,Cash,Standard,8.565,0.0
RIDE001732,Carpool,2025-01-03 07:10,2025-01-03 07:47,Adyar,SRM University,32.3,3,2.9,245.58,Card,Shared,4.522,1.68
RIDE001733,Private,2025-02-06 03:44,2025-02-06 04:57,T Nagar,SRM University,61.28,1,,677.66,Card,Standard,11.766,0.0
RIDE001734,Carpool,2025-01-07 18:43,2025-01-07 19:31,Tambaram,Chengalpattu Bus Stand,39.23,4,3.8,281.9,Card,Shared,5.492,2.04
RIDE001735,Private,2025-01-03 05:50,2025-01-03 07:01,Adyar,Chengalpattu Bus Stand,60.36,1,,585.15,Wallet,Standard,11.589,0.0
RIDE001736,Carpool,2025-04-06 01:03,2025-04-06 01:36,Mylapore,Chengalpattu Town,30.4,3,3.0,211.67,Cash,Shared,4.256,1.581
RIDE001737,Carpool,2025-02-07 15:41,2025-02-07 16:36,Guindy,SRM University,57.9,4,3.7,435.57,Card,Shared,8.106,3.011
RIDE001738,Private,2025-01-17 11:41,2025-01-17 12:47,Perungudi,Mahindra City,61.15,1,,585.92,Card,Standard,11.741,0.0
RIDE001739,Carpool,2025-04-09 11:39,2025-04-09 12:38,OMR Sholinganallur,SRM University,56.42,3,2.7,364.1,UPI,Shared,7.899,2.934
RIDE001740,Carpool,2025-04-22 23:23,2025-04-23 00:14,OMR Sholinganallur,Chengalpattu Bus Stand,56.49,2,1.5,367.53,UPI,Shared,7.909,2.937
RIDE001741,Carpool,2025-03-08 02:19,2025-03-08 03:12,Tambaram,Chengalpattu Town,43.08,3,2.4,283.55,Card,Shared,6.031,2.24
RIDE001742,Carpool,2025-02-19 05:55,2025-02-19 06:34,Perungudi,Chengalpattu Bus Stand,40.18,4,3.8,307.49,Card,Shared,5.625,2.09
RIDE001743,Private,2025-02-07 04:55,2025-02-07 05:40,Anna Nagar,SRM University,36.19,1,,328.7,UPI,Standard,6.948,0.0
RIDE001744,Carpool,2025-02-12 18:49,2025-02-12 19:43,Perungudi,Singaperumal Koil,58.15,2,1.5,357.07,Cash,Shared,8.141,3.024
RIDE001745,Carpool,2025-03-14 10:53,2025-03-14 11:55,Velachery,Singaperumal Koil,60.7,4,3.6,425.7,Wallet,Shared,8.498,3.156
RIDE001746,Carpool,2025-01-22 02:02,2025-01-22 03:09,Velachery,Mahindra City,64.98,2,1.8,407.26,UPI,Shared,9.097,3.379
RIDE001747,Private,2025-02-24 09:37,2025-02-24 10:25,Tambaram,Singaperumal Koil,40.47,1,,375.77,Cash,Standard,7.77,0.0
RIDE001748,Carpool,2025-02-17 03:01,2025-02-17 04:07,Guindy,Mahindra City,63.8,3,2.5,430.16,UPI,Shared,8.932,3.318
RIDE001749,Carpool,2025-02-18 18:11,2025-02-18 19:05,Chromepet,Mahindra City,51.05,3,2.8,375.43,Card,Shared,7.147,2.655
RIDE001750,Private,2025-02-23 05:09,2025-02-23 06:00,T Nagar,Singaperumal Koil,54.69,1,,590.66,Wallet,Standard,10.5,0.0
RIDE001751,Private,2025-01-12 00:17,2025-01-12 00:54,OMR Sholinganallur,Chengalpattu Bus Stand,32.88,1,,303.75,Wallet,Standard,6.313,0.0
RIDE001752,Private,2025-02-13 02:50,2025-02-13 03:38,Pallavaram,SRM University,49.57,1,,559.49,Wallet,Standard,9.517,0.0
RIDE001753,Private,2025-03-02 06:09,2025-03-02 06:43,Anna Nagar,Chengalpattu Town,38.22,1,,384.33,UPI,Standard,7.338,0.0
RIDE001754,Carpool,2025-02-06 00:12,2025-02-06 01:09,Pallavaram,Mahindra City,55.99,4,4.0,350.41,Cash,Shared,7.839,2.911
RIDE001755,Carpool,2025-01-31 10:31,2025-01-31 11:07,OMR Sholinganallur,Mahindra City,35.97,3,2.7,275.82,Card,Shared,5.036,1.87
RIDE001756,Private,2025-02-09 22:12,2025-02-09 22:50,OMR Sholinganallur,Chengalpattu Town,31.27,1,,336.37,Card,Standard,6.004,0.0
RIDE001757,Private,2025-02-26 14:27,2025-02-26 15:28,Pallavaram,Chengalpattu Town,51.52,1,,514.97,UPI,Standard,9.892,0.0
RIDE001758,Carpool,2025-01-12 15:42,2025-01-12 16:25,Tambaram,Chengalpattu Bus Stand,40.13,4,4.0,282.13,Cash,Shared,5.618,2.087
RIDE001759,Carpool,2025-01-02 15:45,2025-01-02 16:28,Mylapore,Singaperumal Koil,38.22,4,3.5,270.61,Wallet,Shared,5.351,1.987
RIDE001760,Private,2025-03-10 03:26,2025-03-10 04:31,T Nagar,Chengalpattu Town,62.58,1,,568.07,UPI,Standard,12.015,0.0
RIDE001761,Private,2025-03-15 19:42,2025-03-15 21:01,Tambaram,Singaperumal Koil,63.48,1,,673.0,Wallet,Standard,12.188,0.0
RIDE001762,Carpool,2025-04-28 03:34,2025-04-28 04:06,Guindy,SRM University,35.15,4,3.5,236.9,Cash,Shared,4.921,1.828
RIDE001763,Carpool,2025-02-22 21:40,2025-02-22 22:21,Chromepet,Chengalpattu Bus Stand,36.82,2,1.6,222.72,Wallet,Shared,5.155,1.914
RIDE001764,Private,2025-01-13 21:01,2025-01-13 21:42,Tambaram,Chengalpattu Bus Stand,37.88,1,,410.8,Cash,Standard,7.273,0.0
RIDE001765,Carpool,2025-04-01 13:45,2025-04-01 14:38,Anna Nagar,Chengalpattu Bus Stand,54.06,3,2.7,405.83,Card,Shared,7.568,2.812
RIDE001766,Carpool,2025-02-22 08:05,2025-02-22 09:07,Adyar,Chengalpattu Town,57.78,2,1.7,401.1,Wallet,Shared,8.089,3.005
RIDE001767,Private,2025-03-11 16:19,2025-03-11 17:03,Adyar,Chengalpattu Town,49.62,1,,524.76,UPI,Standard,9.527,0.0
RIDE001768,Carpool,2025-01-26 05:40,2025-01-26 06:22,Pallavaram,SRM University,45.09,2,1.8,323.61,Wallet,Shared,6.313,2.344
RIDE001769,Carpool,2025-03-06 22:43,2025-03-06 23:32,OMR Sholinganallur,SRM University,45.2,3,2.9,284.29,Cash,Shared,6.328,2.35
RIDE001770,Carpool,2025-03-31 02:12,2025-03-31 02:52,Guindy,SRM University,39.93,4,3.5,276.97,Wallet,Shared,5.59,2.077
RIDE001771,Private,2025-01-20 19:56,2025-01-20 20:53,Adyar,Mahindra City,50.72,1,,457.03,Cash,Standard,9.738,0.0
RIDE001772,Private,2025-03-24 08:27,2025-03-24 09:19,Velachery,Chengalpattu Bus Stand,47.02,1,,492.94,Cash,Standard,9.028,0.0
RIDE001773,Private,2025-02-17 04:50,2025-02-17 05:50,Tambaram,Chengalpattu Town,59.37,1,,612.45,Wallet,Standard,11.399,0.0
RIDE001774,Private,2025-01-27 06:27,2025-01-27 07:00,Anna Nagar,Mahindra City,33.04,1,,329.24,Card,Standard,6.344,0.0
RIDE001775,Private,2025-02-24 16:41,2025-02-24 17:17,T Nagar,Singaperumal Koil,33.09,1,,352.59,UPI,Standard,6.353,0.0
RIDE001776,Carpool,2025-01-25 10:42,2025-01-25 11:48,Tambaram,Mahindra City,63.91,3,2.7,494.91,Cash,Shared,8.947,3.324
RIDE001777,Private,2025-03-20 15:26,2025-03-20 16:19,Tambaram,Chengalpattu Town,45.93,1,,414.99,UPI,Standard,8.819,0.0
RIDE001778,Private,2025-04-01 18:26,2025-04-01 19:22,Mylapore,Chengalpattu Bus Stand,58.82,1,,550.48,Card,Standard,11.293,0.0
RIDE001779,Carpool,2025-02-07 17:37,2025-02-07 18:16,Adyar,SRM University,38.03,3,2.7,287.69,Wallet,Shared,5.324,1.978
RIDE001780,Carpool,2025-03-04 06:58,2025-03-04 08:13,Anna Nagar,Chengalpattu Town,61.16,2,1.7,381.66,UPI,Shared,8.562,3.181
RIDE001781,Private,2025-01-26 08:05,2025-01-26 08:54,Velachery,Singaperumal Koil,42.3,1,,449.81,UPI,Standard,8.122,0.0
RIDE001782,Carpool,2025-01-23 08:19,2025-01-23 09:23,Perungudi,Chengalpattu Town,55.47,3,2.9,382.64,Card,Shared,7.766,2.884
RIDE001783,Carpool,2025-01-31 11:04,2025-01-31 11:51,Chromepet,SRM University,41.85,2,1.9,279.31,Card,Shared,5.859,2.176
RIDE001784,Private,2025-04-19 00:51,2025-04-19 01:35,Adyar,Mahindra City,36.3,1,,371.15,Card,Standard,6.97,0.0
RIDE001785,Private,2025-01-01 21:06,2025-01-01 22:17,OMR Sholinganallur,Chengalpattu Town,57.46,1,,639.7,Card,Standard,11.032,0.0
RIDE001786,Private,2025-04-25 02:43,2025-04-25 03:36,Velachery,Singaperumal Koil,46.36,1,,449.56,UPI,Standard,8.901,0.0
RIDE001787,Private,2025-04-23 01:11,2025-04-23 02:04,Mylapore,Mahindra City,45.35,1,,447.16,Wallet,Standard,8.707,0.0
RIDE001788,Private,2025-03-18 07:01,2025-03-18 07:47,Perungudi,SRM University,51.54,1,,508.01,Card,Standard,9.896,0.0
RIDE001789,Private,2025-02-09 01:31,2025-02-09 02:30,OMR Sholinganallur,Singaperumal Koil,53.32,1,,588.26,UPI,Standard,10.237,0.0
RIDE001790,Private,2025-02-14 23:13,2025-02-15 00:28,Mylapore,Chengalpattu Town,63.74,1,,687.71,Wallet,Standard,12.238,0.0
RIDE001791,Carpool,2025-01-03 01:18,2025-01-03 01:57,Perungudi,SRM University,36.53,3,2.5,231.08,UPI,Shared,5.114,1.9
RIDE001792,Carpool,2025-03-02 08:13,2025-03-02 09:08,T Nagar,Singaperumal Koil,55.6,4,3.5,426.17,Wallet,Shared,7.784,2.891
RIDE001793,Carpool,2025-04-27 03:44,2025-04-27 04:22,Chromepet,Singaperumal Koil,33.9,2,1.6,238.52,Card,Shared,4.746,1.763
RIDE001794,Carpool,2025-02-09 04:14,2025-02-09 05:14,Pallavaram,Mahindra City,56.35,3,2.6,418.44,Cash,Shared,7.889,2.93
RIDE001795,Carpool,2025-03-13 07:25,2025-03-13 08:24,Adyar,Mahindra City,63.19,3,2.8,450.36,UPI,Shared,8.847,3.285
RIDE001796,Carpool,2025-02-10 09:47,2025-02-10 10:21,Pallavaram,Mahindra City,35.5,3,3.0,240.93,Wallet,Shared,4.97,1.846
RIDE001797,Private,2025-01-28 15:46,2025-01-28 16:28,Adyar,Mahindra City,39.67,1,,413.89,Wallet,Standard,7.617,0.0
RIDE001798,Carpool,2025-03-13 12:34,2025-03-13 13:11,Perungudi,Chengalpattu Town,36.23,4,3.5,282.1,UPI,Shared,5.072,1.884
RIDE001799,Carpool,2025-03-26 06:27,2025-03-26 07:01,OMR Sholinganallur,Singaperumal Koil,33.72,3,2.4,243.06,Cash,Shared,4.721,1.753
RIDE001800,Private,2025-04-20 20:36,2025-04-20 21:41,Mylapore,Chengalpattu Bus Stand,55.34,1,,592.83,Cash,Standard,10.625,0.0
RIDE001801,Carpool,2025-03-12 06:05,2025-03-12 06:53,Tambaram,Singaperumal Koil,39.87,2,1.6,310.92,Cash,Shared,5.582,2.073
RIDE001802,Carpool,2025-02-16 17:29,2025-02-16 18:41,Perungudi,Chengalpattu Town,64.42,3,2.6,393.78,Card,Shared,9.019,3.35
RIDE001803,Carpool,2025-01-09 00:45,2025-01-09 01:29,Chromepet,Singaperumal Koil,41.65,4,3.8,262.34,Wallet,Shared,5.831,2.166
RIDE001804,Private,2025-04-22 14:32,2025-04-22 15:24,Perungudi,SRM University,50.15,1,,460.32,Wallet,Standard,9.629,0.0
RIDE001805,Private,2025-03-24 20:48,2025-03-24 21:25,T Nagar,Mahindra City,35.1,1,,354.52,Card,Standard,6.739,0.0
RIDE001806,Carpool,2025-03-18 18:47,2025-03-18 19:51,Pallavaram,Chengalpattu Town,59.3,3,2.9,426.41,Wallet,Shared,8.302,3.084
RIDE001807,Carpool,2025-04-17 13:50,2025-04-17 14:56,Velachery,SRM University,54.7,3,2.9,413.5,UPI,Shared,7.658,2.844
RIDE001808,Carpool,2025-03-13 14:26,2025-03-13 15:19,Adyar,Singaperumal Koil,48.71,3,2.9,373.47,UPI,Shared,6.819,2.533
RIDE001809,Carpool,2025-03-01 01:45,2025-03-01 02:43,Pallavaram,Singaperumal Koil,49.77,2,1.7,335.58,Card,Shared,6.968,2.588
RIDE001810,Carpool,2025-04-11 16:09,2025-04-11 16:55,Anna Nagar,SRM University,40.92,3,2.6,256.96,Wallet,Shared,5.729,2.128
RIDE001811,Private,2025-02-06 05:21,2025-02-06 06:17,Anna Nagar,Mahindra City,58.86,1,,584.49,Wallet,Standard,11.301,0.0
RIDE001812,Private,2025-01-27 19:57,2025-01-27 20:27,OMR Sholinganallur,Chengalpattu Bus Stand,32.29,1,,343.93,Wallet,Standard,6.2,0.0
RIDE001813,Private,2025-04-10 10:43,2025-04-10 11:33,Guindy,Mahindra City,46.78,1,,481.64,Wallet,Standard,8.982,0.0
RIDE001814,Carpool,2025-01-28 04:52,2025-01-28 05:52,Adyar,SRM University,59.3,4,4.0,423.35,Cash,Shared,8.302,3.084
RIDE001815,Private,2025-04-21 00:03,2025-04-21 00:55,Anna Nagar,SRM University,52.92,1,,497.85,Cash,Standard,10.161,0.0
RIDE001816,Private,2025-02-18 09:41,2025-02-18 10:18,Velachery,SRM University,34.27,1,,334.88,Wallet,Standard,6.58,0.0
RIDE001817,Carpool,2025-02-03 19:21,2025-02-03 20:08,T Nagar,Chengalpattu Town,44.51,3,2.7,313.01,Cash,Shared,6.231,2.315
RIDE001818,Carpool,2025-01-23 22:49,2025-01-23 23:46,Adyar,Mahindra City,46.82,2,2.0,322.51,Card,Shared,6.555,2.434
RIDE001819,Carpool,2025-02-05 05:59,2025-02-05 06:34,Tambaram,Chengalpattu Bus Stand,32.08,4,3.5,222.04,Wallet,Shared,4.491,1.668
RIDE001820,Private,2025-02-05 08:29,2025-02-05 09:28,OMR Sholinganallur,Mahindra City,56.08,1,,547.37,UPI,Standard,10.767,0.0
RIDE001821,Carpool,2025-02-14 22:37,2025-02-14 23:17,Velachery,Mahindra City,42.52,4,3.8,321.62,Card,Shared,5.953,2.211
RIDE001822,Private,2025-03-08 03:06,2025-03-08 03:57,Perungudi,Singaperumal Koil,49.16,1,,465.42,Cash,Standard,9.439,0.0
RIDE001823,Private,2025-01-11 05:45,2025-01-11 06:21,OMR Sholinganallur,Chengalpattu Town,40.82,1,,418.49,UPI,Standard,7.837,0.0
RIDE001824,Private,2025-01-13 12:20,2025-01-13 12:52,Perungudi,Singaperumal Koil,33.78,1,,360.57,Card,Standard,6.486,0.0
RIDE001825,Private,2025-04-19 23:15,2025-04-19 23:54,Velachery,Chengalpattu Bus Stand,31.57,1,,319.24,Wallet,Standard,6.061,0.0
RIDE001826,Carpool,2025-03-09 12:20,2025-03-09 12:55,Mylapore,SRM University,33.71,3,2.4,204.52,Card,Shared,4.719,1.753
RIDE001827,Private,2025-03-04 06:06,2025-03-04 06:58,Velachery,Mahindra City,52.12,1,,543.78,Cash,Standard,10.007,0.0
RIDE001828,Carpool,2025-03-06 20:42,2025-03-06 21:16,Velachery,Mahindra City,32.84,4,3.9,215.1,Cash,Shared,4.598,1.707
RIDE001829,Carpool,2025-03-17 23:15,2025-03-18 00:11,Guindy,Mahindra City,47.88,2,1.9,321.61,UPI,Shared,6.703,2.49
RIDE001830,Carpool,2025-03-31 19:22,2025-03-31 19:57,OMR Sholinganallur,Mahindra City,30.69,3,2.6,211.82,Cash,Shared,4.297,1.595
RIDE001831,Carpool,2025-02-23 22:51,2025-02-24 00:05,Anna Nagar,Singaperumal Koil,64.31,4,3.7,416.03,Wallet,Shared,9.003,3.345
RIDE001832,Carpool,2025-01-04 17:15,2025-01-04 18:13,Velachery,Singaperumal Koil,48.69,2,1.9,295.64,UPI,Shared,6.817,2.531
RIDE001833,Private,2025-02-20 13:02,2025-02-20 14:02,Chromepet,Chengalpattu Town,59.69,1,,620.98,Wallet,Standard,11.46,0.0
RIDE001834,Carpool,2025-02-18 20:59,2025-02-18 21:53,T Nagar,Singaperumal Koil,56.33,4,3.7,419.07,Card,Shared,7.886,2.929
RIDE001835,Private,2025-01-07 00:49,2025-01-07 01:59,Guindy,Chengalpattu Bus Stand,59.39,1,,631.07,UPI,Standard,11.403,0.0
RIDE001836,Private,2025-04-03 13:21,2025-04-03 14:24,Anna Nagar,Chengalpattu Bus Stand,51.14,1,,547.9,UPI,Standard,9.819,0.0
RIDE001837,Private,2025-03-17 14:02,2025-03-17 14:39,Adyar,Chengalpattu Town,38.54,1,,430.48,UPI,Standard,7.4,0.0
RIDE001838,Private,2025-04-24 05:24,2025-04-24 06:18,Velachery,Singaperumal Koil,60.02,1,,581.22,Card,Standard,11.524,0.0
RIDE001839,Private,2025-01-13 15:50,2025-01-13 16:39,Chromepet,Chengalpattu Bus Stand,48.5,1,,524.88,UPI,Standard,9.312,0.0
RIDE001840,Private,2025-02-03 09:41,2025-02-03 10:34,OMR Sholinganallur,Chengalpattu Bus Stand,54.88,1,,566.89,UPI,Standard,10.537,0.0
RIDE001841,Private,2025-03-19 01:53,2025-03-19 02:40,T Nagar,SRM University,40.44,1,,371.03,Card,Standard,7.764,0.0
RIDE001842,Private,2025-04-16 13:29,2025-04-16 14:02,Mylapore,Singaperumal Koil,34.69,1,,389.57,UPI,Standard,6.66,0.0
RIDE001843,Carpool,2025-03-29 19:40,2025-03-29 20:34,Mylapore,Chengalpattu Bus Stand,46.06,3,2.6,328.16,UPI,Shared,6.448,2.396
RIDE001844,Private,2025-01-31 19:25,2025-01-31 19:59,Velachery,Chengalpattu Bus Stand,38.0,1,,424.7,UPI,Standard,7.296,0.0
RIDE001845,Carpool,2025-03-10 08:26,2025-03-10 09:21,Chromepet,Chengalpattu Town,51.41,4,3.6,380.44,UPI,Shared,7.197,2.674
RIDE001846,Carpool,2025-03-01 04:49,2025-03-01 05:46,Pallavaram,SRM University,64.05,2,1.7,425.27,UPI,Shared,8.967,3.331
RIDE001847,Carpool,2025-04-27 22:09,2025-04-27 23:15,Chromepet,SRM University,54.43,4,3.5,399.56,UPI,Shared,7.62,2.831
RIDE001848,Carpool,2025-03-05 00:32,2025-03-05 01:15,T Nagar,SRM University,38.06,3,3.0,278.74,UPI,Shared,5.328,1.98
RIDE001849,Private,2025-03-30 05:00,2025-03-30 05:39,Chromepet,Singaperumal Koil,36.38,1,,346.06,Wallet,Standard,6.985,0.0
RIDE001850,Carpool,2025-01-04 07:52,2025-01-04 08:35,T Nagar,SRM University,39.93,3,2.5,244.96,Wallet,Shared,5.59,2.077
RIDE001851,Private,2025-04-09 19:22,2025-04-09 20:16,Perungudi,Mahindra City,56.75,1,,547.86,Card,Standard,10.896,0.0
RIDE001852,Carpool,2025-01-12 14:18,2025-01-12 15:13,Anna Nagar,Chengalpattu Town,46.25,2,2.0,282.91,Card,Shared,6.475,2.405
RIDE001853,Carpool,2025-02-16 08:56,2025-02-16 09:56,Guindy,Mahindra City,60.83,3,3.0,421.61,Card,Shared,8.516,3.163
RIDE001854,Carpool,2025-03-06 10:48,2025-03-06 11:44,Mylapore,Mahindra City,45.43,3,2.6,347.42,Cash,Shared,6.36,2.363
RIDE001855,Carpool,2025-03-28 04:56,2025-03-28 05:33,Adyar,Chengalpattu Bus Stand,31.8,2,1.6,194.17,Cash,Shared,4.452,1.654
RIDE001856,Private,2025-03-01 00:33,2025-03-01 01:06,Tambaram,Chengalpattu Town,30.25,1,,281.27,UPI,Standard,5.808,0.0
RIDE001857,Private,2025-03-24 07:03,2025-03-24 08:06,Mylapore,Chengalpattu Bus Stand,61.48,1,,660.82,Cash,Standard,11.804,0.0
RIDE001858,Private,2025-03-24 23:54,2025-03-25 01:06,Pallavaram,Singaperumal Koil,63.13,1,,648.82,Wallet,Standard,12.121,0.0
RIDE001859,Carpool,2025-04-05 14:38,2025-04-05 15:37,Anna Nagar,SRM University,64.08,2,1.9,497.24,UPI,Shared,8.971,3.332
RIDE001860,Private,2025-02-28 16:14,2025-02-28 16:51,Adyar,Singaperumal Koil,33.14,1,,316.54,Wallet,Standard,6.363,0.0
RIDE001861,Carpool,2025-04-26 15:26,2025-04-26 16:20,Anna Nagar,Chengalpattu Town,49.73,2,1.9,340.74,Card,Shared,6.962,2.586
RIDE001862,Carpool,2025-04-06 09:40,2025-04-06 10:54,Guindy,Mahindra City,61.54,3,2.7,407.57,Wallet,Shared,8.616,3.2
RIDE001863,Private,2025-04-24 11:43,2025-04-24 12:30,Tambaram,Chengalpattu Town,43.98,1,,497.63,Cash,Standard,8.444,0.0
RIDE001864,Private,2025-01-09 16:19,2025-01-09 17:03,Perungudi,Mahindra City,48.35,1,,482.1,Wallet,Standard,9.283,0.0
RIDE001865,Private,2025-03-03 14:02,2025-03-03 15:09,Perungudi,Chengalpattu Bus Stand,57.13,1,,621.16,Wallet,Standard,10.969,0.0
RIDE001866,Carpool,2025-01-04 02:23,2025-01-04 03:16,Perungudi,Singaperumal Koil,44.41,3,2.8,334.45,UPI,Shared,6.217,2.31
RIDE001867,Carpool,2025-01-02 23:31,2025-01-03 00:11,T Nagar,Singaperumal Koil,34.01,3,2.7,210.06,Cash,Shared,4.761,1.769
RIDE001868,Carpool,2025-03-22 20:48,2025-03-22 21:18,Perungudi,Singaperumal Koil,32.52,3,2.5,242.16,Wallet,Shared,4.553,1.691
RIDE001869,Carpool,2025-03-25 22:40,2025-03-25 23:22,Tambaram,Mahindra City,41.13,2,1.4,254.18,UPI,Shared,5.758,2.139
RIDE001870,Private,2025-01-13 15:09,2025-01-13 16:24,Velachery,Singaperumal Koil,64.91,1,,732.86,UPI,Standard,12.463,0.0
RIDE001871,Carpool,2025-03-04 11:10,2025-03-04 11:53,Chromepet,SRM University,36.85,2,1.8,245.3,Wallet,Shared,5.159,1.916
RIDE001872,Private,2025-02-04 11:38,2025-02-04 12:41,Pallavaram,Chengalpattu Town,60.86,1,,585.47,Cash,Standard,11.685,0.0
RIDE001873,Carpool,2025-01-13 13:09,2025-01-13 13:50,Tambaram,Chengalpattu Bus Stand,38.65,2,1.9,297.81,Card,Shared,5.411,2.01
RIDE001874,Private,2025-01-14 08:19,2025-01-14 09:20,Perungudi,Mahindra City,49.46,1,,524.59,Card,Standard,9.496,0.0
RIDE001875,Private,2025-03-28 12:18,2025-03-28 13:03,Velachery,Singaperumal Koil,46.76,1,,467.1,Wallet,Standard,8.978,0.0
RIDE001876,Carpool,2025-02-23 23:08,2025-02-23 23:40,Adyar,Chengalpattu Town,32.43,3,2.8,227.98,Wallet,Shared,4.54,1.687
RIDE001877,Private,2025-01-13 13:14,2025-01-13 14:01,Mylapore,Chengalpattu Bus Stand,52.26,1,,498.67,Cash,Standard,10.034,0.0
RIDE001878,Private,2025-03-21 02:30,2025-03-21 03:05,Adyar,Chengalpattu Town,36.6,1,,376.65,Card,Standard,7.027,0.0
RIDE001879,Private,2025-02-17 11:22,2025-02-17 12:33,Velachery,Chengalpattu Bus Stand,58.15,1,,618.58,Card,Standard,11.165,0.0
RIDE001880,Carpool,2025-03-09 18:26,2025-03-09 18:59,Adyar,SRM University,32.58,4,3.5,225.14,UPI,Shared,4.561,1.694
RIDE001881,Private,2025-01-15 05:08,2025-01-15 05:40,Chromepet,Chengalpattu Town,31.86,1,,294.32,UPI,Standard,6.117,0.0
RIDE001882,Carpool,2025-03-31 09:33,2025-03-31 10:28,Velachery,SRM University,49.61,3,2.9,369.08,UPI,Shared,6.945,2.58
RIDE001883,Private,2025-02-18 15:35,2025-02-18 16:31,Chromepet,Chengalpattu Town,56.13,1,,615.75,Cash,Standard,10.777,0.0
RIDE001884,Private,2025-04-13 14:43,2025-04-13 15:16,Anna Nagar,SRM University,34.81,1,,376.32,UPI,Standard,6.684,0.0
RIDE001885,Private,2025-01-05 22:21,2025-01-05 23:06,T Nagar,Chengalpattu Town,41.25,1,,454.42,Card,Standard,7.92,0.0
RIDE001886,Private,2025-02-20 16:34,2025-02-20 17:10,Mylapore,SRM University,39.24,1,,425.19,Cash,Standard,7.534,0.0
RIDE001887,Carpool,2025-04-10 09:27,2025-04-10 09:57,Mylapore,Singaperumal Koil,31.46,3,2.8,203.45,Cash,Shared,4.404,1.636
RIDE001888,Carpool,2025-02-27 13:32,2025-02-27 14:17,Perungudi,Mahindra City,46.89,2,1.9,327.14,Wallet,Shared,6.565,2.438
RIDE001889,Private,2025-03-02 01:41,2025-03-02 02:23,Chromepet,Chengalpattu Bus Stand,44.1,1,,445.4,Card,Standard,8.467,0.0
RIDE001890,Private,2025-04-06 13:01,2025-04-06 13:36,Guindy,SRM University,31.52,1,,292.74,UPI,Standard,6.052,0.0
RIDE001891,Private,2025-01-25 18:53,2025-01-25 19:44,Mylapore,Mahindra City,56.31,1,,637.48,UPI,Standard,10.812,0.0
RIDE001892,Carpool,2025-02-21 20:26,2025-02-21 21:17,Velachery,Singaperumal Koil,43.8,2,1.6,268.87,Cash,Shared,6.132,2.278
RIDE001893,Private,2025-01-10 05:20,2025-01-10 06:16,Velachery,Chengalpattu Bus Stand,59.35,1,,575.47,UPI,Standard,11.395,0.0
RIDE001894,Carpool,2025-02-17 16:29,2025-02-17 17:41,Guindy,Chengalpattu Bus Stand,60.66,3,2.4,373.42,Wallet,Shared,8.492,3.155
RIDE001895,Carpool,2025-04-27 04:32,2025-04-27 05:04,T Nagar,Chengalpattu Town,35.92,2,1.9,263.34,Card,Shared,5.029,1.868
RIDE001896,Carpool,2025-04-11 23:19,2025-04-11 23:54,Guindy,Chengalpattu Bus Stand,36.21,3,2.5,226.62,Wallet,Shared,5.069,1.883
RIDE001897,Private,2025-02-09 05:01,2025-02-09 05:39,Perungudi,Chengalpattu Bus Stand,39.71,1,,382.6,UPI,Standard,7.624,0.0
RIDE001898,Private,2025-01-10 18:57,2025-01-10 19:48,Velachery,Singaperumal Koil,53.57,1,,552.91,Cash,Standard,10.285,0.0
RIDE001899,Carpool,2025-01-01 23:25,2025-01-02 00:04,Chromepet,Chengalpattu Bus Stand,38.2,3,2.6,235.56,Wallet,Shared,5.348,1.986
RIDE001900,Private,2025-03-12 12:30,2025-03-12 13:43,Velachery,Mahindra City,59.22,1,,548.88,UPI,Standard,11.37,0.0
RIDE001901,Private,2025-01-13 03:38,2025-01-13 04:08,Tambaram,SRM University,31.6,1,,351.67,UPI,Standard,6.067,0.0
RIDE001902,Private,2025-01-29 23:09,2025-01-29 23:51,Anna Nagar,Singaperumal Koil,38.89,1,,402.34,UPI,Standard,7.467,0.0
RIDE001903,Carpool,2025-01-30 21:00,2025-01-30 21:53,Pallavaram,SRM University,58.77,3,2.8,417.52,Wallet,Shared,8.228,3.056
RIDE001904,Carpool,2025-02-10 01:04,2025-02-10 02:05,Chromepet,SRM University,55.5,3,2.7,343.2,UPI,Shared,7.77,2.886
RIDE001905,Carpool,2025-01-16 18:34,2025-01-16 19:23,Mylapore,Chengalpattu Bus Stand,47.72,4,3.7,315.72,Card,Shared,6.681,2.481
RIDE001906,Private,2025-03-26 21:35,2025-03-26 22:17,Chromepet,Mahindra City,37.34,1,,364.24,Wallet,Standard,7.169,0.0
RIDE001907,Carpool,2025-01-15 09:28,2025-01-15 10:23,T Nagar,Chengalpattu Town,61.38,2,1.9,391.42,Wallet,Shared,8.593,3.192
RIDE001908,Private,2025-03-23 11:34,2025-03-23 12:40,Pallavaram,SRM University,62.9,1,,651.52,UPI,Standard,12.077,0.0
RIDE001909,Carpool,2025-02-28 18:12,2025-02-28 19:15,Tambaram,Chengalpattu Bus Stand,61.46,4,4.0,456.04,Card,Shared,8.604,3.196
RIDE001910,Private,2025-04-27 23:27,2025-04-28 00:15,Adyar,Mahindra City,45.79,1,,486.87,Wallet,Standard,8.792,0.0
RIDE001911,Private,2025-01-22 04:05,2025-01-22 05:07,Guindy,Chengalpattu Town,58.21,1,,528.86,Cash,Standard,11.176,0.0
RIDE001912,Private,2025-01-14 18:28,2025-01-14 19:05,Perungudi,SRM University,40.64,1,,371.46,UPI,Standard,7.803,0.0
RIDE001913,Private,2025-04-12 19:14,2025-04-12 19:44,OMR Sholinganallur,Chengalpattu Town,32.8,1,,319.35,Card,Standard,6.298,0.0
RIDE001914,Private,2025-01-23 09:02,2025-01-23 09:39,Mylapore,Singaperumal Koil,36.26,1,,395.01,UPI,Standard,6.962,0.0
RIDE001915,Private,2025-03-05 00:50,2025-03-05 01:35,Pallavaram,Chengalpattu Bus Stand,36.79,1,,398.61,Card,Standard,7.064,0.0
RIDE001916,Carpool,2025-03-09 21:30,2025-03-09 22:25,Mylapore,Mahindra City,60.7,2,2.0,438.87,Card,Shared,8.498,3.156
RIDE001917,Carpool,2025-02-22 17:28,2025-02-22 17:57,Mylapore,SRM University,32.29,2,1.9,228.12,Cash,Shared,4.521,1.679
RIDE001918,Carpool,2025-01-15 16:15,2025-01-15 17:17,Perungudi,Chengalpattu Town,57.71,3,2.6,370.17,Card,Shared,8.079,3.001
RIDE001919,Private,2025-01-13 03:36,2025-01-13 04:21,Adyar,Chengalpattu Bus Stand,39.32,1,,388.39,Card,Standard,7.549,0.0
RIDE001920,Private,2025-03-06 04:29,2025-03-06 05:07,T Nagar,Singaperumal Koil,40.1,1,,424.27,Card,Standard,7.699,0.0
RIDE001921,Carpool,2025-02-23 08:29,2025-02-23 09:24,Velachery,Chengalpattu Town,52.59,3,2.9,366.7,UPI,Shared,7.363,2.734
RIDE001922,Private,2025-03-20 20:03,2025-03-20 20:42,Guindy,Mahindra City,35.77,1,,358.69,Cash,Standard,6.868,0.0
RIDE001923,Private,2025-02-27 09:06,2025-02-27 09:43,T Nagar,Singaperumal Koil,31.05,1,,336.77,Cash,Standard,5.962,0.0
RIDE001924,Carpool,2025-04-09 02:55,2025-04-09 03:32,Pallavaram,Singaperumal Koil,34.16,2,1.5,230.09,Card,Shared,4.782,1.777
RIDE001925,Private,2025-01-06 15:58,2025-01-06 17:04,OMR Sholinganallur,Chengalpattu Town,62.01,1,,576.21,Wallet,Standard,11.906,0.0
RIDE001926,Carpool,2025-03-15 21:23,2025-03-15 22:13,Anna Nagar,Chengalpattu Bus Stand,53.11,2,1.8,406.57,Cash,Shared,7.435,2.762
RIDE001927,Private,2025-03-19 17:02,2025-03-19 17:54,Adyar,SRM University,49.07,1,,501.71,UPI,Standard,9.421,0.0
RIDE001928,Private,2025-03-30 02:42,2025-03-30 03:34,Pallavaram,Singaperumal Koil,51.3,1,,464.58,UPI,Standard,9.85,0.0
RIDE001929,Private,2025-01-16 14:46,2025-01-16 15:50,Mylapore,Mahindra City,51.99,1,,585.65,UPI,Standard,9.982,0.0
RIDE001930,Carpool,2025-01-05 19:30,2025-01-05 20:15,Guindy,SRM University,44.21,4,3.5,323.63,UPI,Shared,6.189,2.299
RIDE001931,Private,2025-03-18 11:58,2025-03-18 12:42,Mylapore,Chengalpattu Bus Stand,39.26,1,,425.09,UPI,Standard,7.538,0.0
RIDE001932,Private,2025-01-14 21:08,2025-01-14 22:02,Perungudi,Singaperumal Koil,48.99,1,,478.33,Wallet,Standard,9.406,0.0
RIDE001933,Private,2025-01-17 22:31,2025-01-17 23:10,Adyar,Singaperumal Koil,31.52,1,,347.04,Cash,Standard,6.052,0.0
RIDE001934,Private,2025-02-04 08:51,2025-02-04 09:38,Anna Nagar,Chengalpattu Town,38.28,1,,434.15,Cash,Standard,7.35,0.0
RIDE001935,Carpool,2025-04-14 00:26,2025-04-14 01:26,T Nagar,Chengalpattu Bus Stand,59.48,2,1.7,378.75,UPI,Shared,8.327,3.093
RIDE001936,Carpool,2025-02-09 15:04,2025-02-09 15:49,Adyar,Singaperumal Koil,40.22,3,2.9,242.18,Card,Shared,5.631,2.091
RIDE001937,Private,2025-01-16 16:41,2025-01-16 17:44,T Nagar,Singaperumal Koil,51.25,1,,569.73,Wallet,Standard,9.84,0.0
RIDE001938,Carpool,2025-03-04 13:00,2025-03-04 13:56,Chromepet,Mahindra City,49.98,4,3.8,360.8,Wallet,Shared,6.997,2.599
RIDE001939,Private,2025-01-10 00:40,2025-01-10 01:18,Chromepet,Mahindra City,33.85,1,,344.4,Card,Standard,6.499,0.0
RIDE001940,Private,2025-04-17 22:32,2025-04-17 23:23,Velachery,Chengalpattu Bus Stand,47.91,1,,537.65,Wallet,Standard,9.199,0.0
RIDE001941,Private,2025-02-22 05:47,2025-02-22 06:24,Velachery,SRM University,38.63,1,,389.95,Wallet,Standard,7.417,0.0
RIDE001942,Carpool,2025-02-15 19:40,2025-02-15 20:32,OMR Sholinganallur,Chengalpattu Bus Stand,44.04,4,3.9,275.15,Wallet,Shared,6.166,2.29
RIDE001943,Carpool,2025-03-06 05:11,2025-03-06 06:03,Tambaram,SRM University,55.34,4,3.6,373.83,Wallet,Shared,7.748,2.877
RIDE001944,Private,2025-01-28 01:26,2025-01-28 02:01,Perungudi,SRM University,34.57,1,,352.91,Wallet,Standard,6.637,0.0
RIDE001945,Carpool,2025-04-28 06:59,2025-04-28 07:41,Perungudi,Mahindra City,40.88,2,1.7,280.37,UPI,Shared,5.723,2.126
RIDE001946,Carpool,2025-01-17 18:44,2025-01-17 19:33,Tambaram,Mahindra City,42.9,4,3.5,303.89,UPI,Shared,6.006,2.231
RIDE001947,Private,2025-04-26 07:48,2025-04-26 08:49,Velachery,SRM University,49.1,1,,462.99,Wallet,Standard,9.427,0.0
RIDE001948,Carpool,2025-02-10 02:17,2025-02-10 02:57,Guindy,Chengalpattu Town,36.0,2,1.8,274.2,Wallet,Shared,5.04,1.872
RIDE001949,Private,2025-02-08 10:50,2025-02-08 11:36,Mylapore,Chengalpattu Bus Stand,41.08,1,,442.26,Wallet,Standard,7.887,0.0
RIDE001950,Carpool,2025-04-26 21:09,2025-04-26 21:57,T Nagar,Mahindra City,50.73,4,3.4,339.19,UPI,Shared,7.102,2.638
RIDE001951,Private,2025-01-30 12:44,2025-01-30 13:35,Guindy,Singaperumal Koil,42.31,1,,482.61,Cash,Standard,8.124,0.0
RIDE001952,Private,2025-04-03 22:34,2025-04-03 23:27,Chromepet,Chengalpattu Town,44.09,1,,493.0,Wallet,Standard,8.465,0.0
RIDE001953,Private,2025-02-15 17:44,2025-02-15 18:53,Tambaram,Chengalpattu Town,64.58,1,,672.35,UPI,Standard,12.399,0.0
RIDE001954,Carpool,2025-03-29 10:02,2025-03-29 10:55,T Nagar,Chengalpattu Bus Stand,43.89,2,1.7,301.8,UPI,Shared,6.145,2.282
RIDE001955,Private,2025-04-28 12:45,2025-04-28 13:49,T Nagar,Chengalpattu Town,53.42,1,,561.82,Card,Standard,10.257,0.0
RIDE001956,Carpool,2025-02-25 02:51,2025-02-25 03:45,Mylapore,SRM University,48.73,3,2.5,320.66,Cash,Shared,6.822,2.534
RIDE001957,Carpool,2025-01-02 12:27,2025-01-02 13:27,Tambaram,Chengalpattu Town,49.21,2,1.9,361.74,UPI,Shared,6.889,2.559
RIDE001958,Carpool,2025-04-02 15:55,2025-04-02 16:49,Perungudi,SRM University,58.42,3,2.7,448.69,Card,Shared,8.179,3.038
RIDE001959,Carpool,2025-04-30 09:15,2025-04-30 10:22,Chromepet,Chengalpattu Bus Stand,56.76,4,3.9,387.27,Cash,Shared,7.946,2.952
RIDE001960,Private,2025-03-06 11:29,2025-03-06 12:17,Anna Nagar,Chengalpattu Bus Stand,51.19,1,,485.12,Wallet,Standard,9.828,0.0
RIDE001961,Carpool,2025-04-07 00:41,2025-04-07 01:30,Chromepet,Chengalpattu Town,46.07,2,1.6,304.0,Cash,Shared,6.45,2.395
RIDE001962,Private,2025-04-17 11:50,2025-04-17 12:28,Mylapore,Singaperumal Koil,39.48,1,,399.58,UPI,Standard,7.58,0.0
RIDE001963,Carpool,2025-04-26 23:04,2025-04-27 00:05,Chromepet,Chengalpattu Bus Stand,49.89,4,3.9,376.61,Cash,Shared,6.985,2.594
RIDE001964,Private,2025-04-09 12:19,2025-04-09 13:24,T Nagar,Chengalpattu Bus Stand,53.41,1,,486.05,Wallet,Standard,10.255,0.0
RIDE001965,Private,2025-01-04 13:43,2025-01-04 14:24,Pallavaram,Chengalpattu Town,43.57,1,,455.47,Card,Standard,8.365,0.0
RIDE001966,Carpool,2025-01-21 02:31,2025-01-21 03:32,Mylapore,Chengalpattu Town,51.14,4,3.8,398.48,Card,Shared,7.16,2.659
RIDE001967,Carpool,2025-03-19 09:29,2025-03-19 10:08,Adyar,Chengalpattu Town,36.3,4,3.7,239.53,Cash,Shared,5.082,1.888
RIDE001968,Private,2025-03-01 23:04,2025-03-01 23:36,Adyar,Chengalpattu Bus Stand,31.21,1,,347.99,Card,Standard,5.992,0.0
RIDE001969,Carpool,2025-02-05 04:52,2025-02-05 05:50,Perungudi,Mahindra City,59.18,4,3.9,355.98,Cash,Shared,8.285,3.078
RIDE001970,Carpool,2025-03-27 12:04,2025-03-27 13:04,Chromepet,Mahindra City,49.76,3,2.9,329.58,Card,Shared,6.966,2.588
RIDE001971,Private,2025-03-28 13:29,2025-03-28 14:20,OMR Sholinganallur,Chengalpattu Bus Stand,51.72,1,,482.41,Cash,Standard,9.93,0.0
RIDE001972,Carpool,2025-02-22 02:47,2025-02-22 03:33,Perungudi,Mahindra City,37.59,2,1.6,246.77,Cash,Shared,5.263,1.954
RIDE001973,Private,2025-01-14 09:31,2025-01-14 10:18,Chromepet,SRM University,50.18,1,,510.22,Card,Standard,9.635,0.0
RIDE001974,Private,2025-04-07 10:19,2025-04-07 11:07,Chromepet,Chengalpattu Bus Stand,40.06,1,,379.59,Card,Standard,7.692,0.0
RIDE001975,Carpool,2025-02-07 23:53,2025-02-08 00:45,Pallavaram,SRM University,50.48,3,2.9,336.76,UPI,Shared,7.067,2.625
RIDE001976,Carpool,2025-01-15 00:27,2025-01-15 01:26,Anna Nagar,Chengalpattu Bus Stand,49.28,4,3.5,363.37,Wallet,Shared,6.899,2.563
RIDE001977,Private,2025-04-15 05:07,2025-04-15 06:07,Guindy,SRM University,64.77,1,,710.75,UPI,Standard,12.436,0.0
RIDE001978,Private,2025-02-18 10:19,2025-02-18 11:20,Guindy,Singaperumal Koil,64.86,1,,696.15,Cash,Standard,12.453,0.0
RIDE001979,Carpool,2025-03-10 10:02,2025-03-10 10:48,Anna Nagar,SRM University,44.76,4,3.7,298.51,UPI,Shared,6.266,2.328
RIDE001980,Private,2025-03-02 20:15,2025-03-02 20:59,Perungudi,SRM University,36.29,1,,407.17,Cash,Standard,6.968,0.0
RIDE001981,Private,2025-04-06 00:24,2025-04-06 01:04,Anna Nagar,Mahindra City,37.04,1,,418.33,UPI,Standard,7.112,0.0
RIDE001982,Private,2025-01-13 20:31,2025-01-13 21:29,OMR Sholinganallur,Mahindra City,53.03,1,,570.43,Cash,Standard,10.182,0.0
RIDE001983,Carpool,2025-02-14 07:13,2025-02-14 08:22,Guindy,Chengalpattu Bus Stand,55.88,4,3.4,419.78,UPI,Shared,7.823,2.906
RIDE001984,Carpool,2025-04-17 10:31,2025-04-17 11:29,T Nagar,Mahindra City,53.05,2,1.6,368.97,Cash,Shared,7.427,2.759
RIDE001985,Private,2025-01-29 23:24,2025-01-30 00:35,Pallavaram,Mahindra City,63.79,1,,672.96,Card,Standard,12.248,0.0
RIDE001986,Carpool,2025-02-12 08:09,2025-02-12 09:09,Mylapore,Singaperumal Koil,60.05,2,1.5,407.85,Wallet,Shared,8.407,3.123
RIDE001987,Private,2025-02-28 18:25,2025-02-28 19:35,T Nagar,Mahindra City,62.82,1,,663.78,UPI,Standard,12.061,0.0
RIDE001988,Carpool,2025-04-20 22:39,2025-04-20 23:43,OMR Sholinganallur,Singaperumal Koil,54.77,2,1.4,346.53,Card,Shared,7.668,2.848
RIDE001989,Private,2025-03-01 21:54,2025-03-01 22:56,Perungudi,Chengalpattu Bus Stand,61.74,1,,653.94,UPI,Standard,11.854,0.0
RIDE001990,Carpool,2025-01-08 20:33,2025-01-08 21:20,OMR Sholinganallur,Singaperumal Koil,40.03,3,2.7,282.56,Wallet,Shared,5.604,2.082
RIDE001991,Private,2025-04-12 05:47,2025-04-12 06:20,Perungudi,Chengalpattu Bus Stand,34.32,1,,335.02,Wallet,Standard,6.589,0.0
RIDE001992,Carpool,2025-03-12 15:30,2025-03-12 16:08,Anna Nagar,Chengalpattu Town,41.26,4,3.9,292.14,Cash,Shared,5.776,2.146
RIDE001993,Private,2025-04-12 11:02,2025-04-12 11:47,Chromepet,Mahindra City,48.06,1,,543.72,Card,Standard,9.228,0.0
RIDE001994,Private,2025-01-08 05:16,2025-01-08 06:00,Anna Nagar,Chengalpattu Town,42.73,1,,425.68,Wallet,Standard,8.204,0.0
RIDE001995,Private,2025-03-05 04:12,2025-03-05 04:56,Pallavaram,Singaperumal Koil,46.58,1,,515.02,UPI,Standard,8.943,0.0
RIDE001996,Carpool,2025-02-12 00:20,2025-02-12 01:29,Perungudi,Chengalpattu Town,57.24,3,2.8,409.92,Cash,Shared,8.014,2.976
RIDE001997,Private,2025-01-17 10:50,2025-01-17 12:03,Guindy,Chengalpattu Bus Stand,61.27,1,,646.83,Cash,Standard,11.764,0.0
RIDE001998,Carpool,2025-04-26 22:46,2025-04-26 23:35,T Nagar,Chengalpattu Bus Stand,45.04,4,3.9,335.7,UPI,Shared,6.306,2.342
RIDE001999,Carpool,2025-03-28 19:10,2025-03-28 20:02,Anna Nagar,SRM University,45.64,3,2.5,348.92,Cash,Shared,6.39,2.373
RIDE002000,Carpool,2025-01-28 16:13,2025-01-28 16:57,Tambaram,Chengalpattu Town,43.95,2,1.5,280.19,Card,Shared,6.153,2.285
RIDE002001,Private,2025-04-24 20:31,2025-04-24 21:08,Mylapore,Chengalpattu Town,32.18,1,,313.81,Cash,Standard,6.179,0.0
RIDE002002,Carpool,2025-04-05 18:24,2025-04-05 19:08,T Nagar,Chengalpattu Town,38.42,2,1.5,295.89,Cash,Shared,5.379,1.998
RIDE002003,Carpool,2025-01-20 05:38,2025-01-20 06:43,Adyar,Singaperumal Koil,58.93,4,4.0,450.14,Cash,Shared,8.25,3.065
RIDE002004,Carpool,2025-03-16 19:58,2025-03-16 20:57,Chromepet,Chengalpattu Bus Stand,63.44,3,2.6,408.03,UPI,Shared,8.882,3.298
RIDE002005,Carpool,2025-04-11 06:23,2025-04-11 07:05,Tambaram,Chengalpattu Bus Stand,41.95,3,2.7,271.14,Card,Shared,5.873,2.181
RIDE002006,Carpool,2025-01-22 05:30,2025-01-22 06:30,Anna Nagar,Chengalpattu Town,58.98,3,2.7,370.92,Card,Shared,8.257,3.067
RIDE002007,Carpool,2025-01-16 07:50,2025-01-16 08:33,OMR Sholinganallur,Chengalpattu Town,37.97,2,1.9,251.33,UPI,Shared,5.316,1.974
RIDE002008,Private,2025-01-17 16:18,2025-01-17 16:56,Mylapore,Chengalpattu Town,41.1,1,,432.06,Card,Standard,7.891,0.0
RIDE002009,Carpool,2025-02-03 10:11,2025-02-03 11:03,OMR Sholinganallur,Chengalpattu Bus Stand,48.6,3,2.7,372.33,UPI,Shared,6.804,2.527
RIDE002010,Carpool,2025-03-13 06:28,2025-03-13 07:10,Guindy,Mahindra City,47.32,4,3.8,336.31,Cash,Shared,6.625,2.46
RIDE002011,Carpool,2025-04-29 19:54,2025-04-29 20:57,Guindy,Chengalpattu Bus Stand,59.96,4,3.7,407.93,Wallet,Shared,8.394,3.118
RIDE002012,Carpool,2025-04-28 01:18,2025-04-28 02:13,Velachery,Singaperumal Koil,60.9,4,4.0,456.45,Card,Shared,8.526,3.167
RIDE002013,Carpool,2025-03-25 18:32,2025-03-25 19:36,Adyar,Chengalpattu Bus Stand,57.0,3,2.7,371.39,UPI,Shared,7.98,2.964
RIDE002014,Private,2025-04-16 06:14,2025-04-16 07:14,Anna Nagar,Chengalpattu Bus Stand,56.87,1,,544.88,Wallet,Standard,10.919,0.0
RIDE002015,Carpool,2025-02-25 18:17,2025-02-25 18:50,Mylapore,Chengalpattu Bus Stand,35.12,3,2.6,214.51,Wallet,Shared,4.917,1.826
RIDE002016,Carpool,2025-01-29 16:08,2025-01-29 17:03,Pallavaram,Chengalpattu Bus Stand,50.98,4,3.5,328.96,UPI,Shared,7.137,2.651
RIDE002017,Carpool,2025-03-15 03:44,2025-03-15 04:41,Tambaram,Mahindra City,57.82,4,3.5,389.94,Wallet,Shared,8.095,3.006
RIDE002018,Private,2025-03-25 18:13,2025-03-25 19:14,Chromepet,Mahindra City,61.15,1,,653.64,Wallet,Standard,11.741,0.0
RIDE002019,Private,2025-02-17 02:04,2025-02-17 03:07,Adyar,Mahindra City,62.17,1,,577.52,Card,Standard,11.937,0.0
RIDE002020,Private,2025-02-25 06:33,2025-02-25 07:31,Adyar,Chengalpattu Bus Stand,62.59,1,,660.02,UPI,Standard,12.017,0.0
RIDE002021,Private,2025-02-24 06:34,2025-02-24 07:20,OMR Sholinganallur,Chengalpattu Bus Stand,39.02,1,,373.52,UPI,Standard,7.492,0.0
RIDE002022,Private,2025-04-24 10:32,2025-04-24 11:08,Adyar,Chengalpattu Bus Stand,31.49,1,,334.95,UPI,Standard,6.046,0.0
RIDE002023,Carpool,2025-02-20 23:04,2025-02-20 23:36,Adyar,Chengalpattu Bus Stand,33.6,2,1.9,217.41,Wallet,Shared,4.704,1.747
RIDE002024,Private,2025-02-02 21:28,2025-02-02 22:47,Guindy,Chengalpattu Bus Stand,64.91,1,,727.27,Cash,Standard,12.463,0.0
RIDE002025,Private,2025-01-18 21:51,2025-01-18 22:54,Adyar,Singaperumal Koil,53.34,1,,488.54,UPI,Standard,10.241,0.0
RIDE002026,Private,2025-01-28 01:02,2025-01-28 01:57,Mylapore,Singaperumal Koil,44.5,1,,485.27,Card,Standard,8.544,0.0
RIDE002027,Private,2025-03-07 12:25,2025-03-07 13:37,Guindy,Mahindra City,60.08,1,,589.47,Wallet,Standard,11.535,0.0
RIDE002028,Carpool,2025-01-23 20:28,2025-01-23 21:09,Mylapore,Mahindra City,42.49,3,2.5,279.63,Cash,Shared,5.949,2.209
RIDE002029,Private,2025-02-24 01:57,2025-02-24 03:09,OMR Sholinganallur,Mahindra City,60.85,1,,623.52,Wallet,Standard,11.683,0.0
RIDE002030,Carpool,2025-03-03 00:41,2025-03-03 01:13,Chromepet,Mahindra City,32.55,2,1.7,209.58,UPI,Shared,4.557,1.693
RIDE002031,Carpool,2025-01-23 18:17,2025-01-23 19:16,Guindy,Chengalpattu Town,50.46,3,2.9,378.69,Cash,Shared,7.064,2.624
RIDE002032,Carpool,2025-03-19 10:15,2025-03-19 11:28,T Nagar,Mahindra City,59.7,4,3.9,462.0,Cash,Shared,8.358,3.104
RIDE002033,Carpool,2025-02-21 02:43,2025-02-21 03:42,Velachery,Chengalpattu Bus Stand,47.51,2,1.7,370.19,Wallet,Shared,6.651,2.471
RIDE002034,Private,2025-03-13 18:41,2025-03-13 19:57,Pallavaram,Chengalpattu Bus Stand,63.22,1,,675.64,Wallet,Standard,12.138,0.0
RIDE002035,Private,2025-01-16 13:06,2025-01-16 13:41,Velachery,Chengalpattu Bus Stand,32.99,1,,307.49,Wallet,Standard,6.334,0.0
RIDE002036,Carpool,2025-04-14 18:26,2025-04-14 19:18,Guindy,Mahindra City,44.15,3,2.7,318.6,Card,Shared,6.181,2.296
RIDE002037,Private,2025-01-14 04:36,2025-01-14 05:34,Mylapore,Singaperumal Koil,59.58,1,,656.31,Wallet,Standard,11.439,0.0
RIDE002038,Private,2025-01-08 07:04,2025-01-08 07:54,Chromepet,Chengalpattu Town,48.32,1,,476.2,Card,Standard,9.277,0.0
RIDE002039,Private,2025-03-10 10:01,2025-03-10 10:50,Perungudi,Chengalpattu Bus Stand,53.61,1,,521.22,Card,Standard,10.293,0.0
RIDE002040,Private,2025-04-23 00:21,2025-04-23 00:57,Chromepet,Chengalpattu Town,35.49,1,,324.75,Wallet,Standard,6.814,0.0
RIDE002041,Carpool,2025-02-27 20:08,2025-02-27 20:55,Guindy,Singaperumal Koil,52.38,4,3.8,376.42,Card,Shared,7.333,2.724
RIDE002042,Private,2025-04-09 09:45,2025-04-09 10:29,Adyar,SRM University,45.73,1,,461.67,Cash,Standard,8.78,0.0
RIDE002043,Carpool,2025-04-19 23:19,2025-04-20 00:28,Mylapore,Chengalpattu Town,62.23,3,2.8,396.56,Cash,Shared,8.712,3.236
RIDE002044,Private,2025-02-18 03:45,2025-02-18 04:45,Mylapore,Singaperumal Koil,49.04,1,,549.57,UPI,Standard,9.416,0.0
RIDE002045,Private,2025-04-04 04:59,2025-04-04 05:45,Velachery,Singaperumal Koil,38.82,1,,353.47,UPI,Standard,7.453,0.0
RIDE002046,Private,2025-01-24 16:41,2025-01-24 17:25,Tambaram,Singaperumal Koil,46.72,1,,466.61,Card,Standard,8.97,0.0
RIDE002047,Carpool,2025-01-16 03:21,2025-01-16 04:05,Guindy,Singaperumal Koil,45.77,3,2.8,295.31,Card,Shared,6.408,2.38
RIDE002048,Carpool,2025-01-09 16:22,2025-01-09 17:23,Pallavaram,Singaperumal Koil,51.51,3,2.8,362.38,UPI,Shared,7.211,2.679
RIDE002049,Private,2025-04-07 12:44,2025-04-07 13:17,Perungudi,Singaperumal Koil,33.41,1,,335.37,UPI,Standard,6.415,0.0
RIDE002050,Private,2025-03-20 12:49,2025-03-20 13:26,Tambaram,Mahindra City,32.47,1,,366.05,Card,Standard,6.234,0.0
RIDE002051,Carpool,2025-03-12 13:07,2025-03-12 13:52,T Nagar,SRM University,37.56,4,3.5,288.82,UPI,Shared,5.258,1.954
RIDE002052,Private,2025-01-24 02:17,2025-01-24 03:01,Mylapore,Singaperumal Koil,36.68,1,,383.08,Cash,Standard,7.043,0.0
RIDE002053,Private,2025-02-11 06:40,2025-02-11 07:51,Pallavaram,SRM University,61.03,1,,646.25,Card,Standard,11.718,0.0
RIDE002054,Private,2025-01-29 09:43,2025-01-29 10:11,Adyar,Chengalpattu Bus Stand,30.98,1,,332.71,UPI,Standard,5.948,0.0
RIDE002055,Private,2025-03-06 04:29,2025-03-06 05:02,Pallavaram,Chengalpattu Bus Stand,37.12,1,,355.4,Wallet,Standard,7.127,0.0
RIDE002056,Private,2025-03-17 16:01,2025-03-17 16:45,Tambaram,Chengalpattu Town,40.3,1,,367.74,Cash,Standard,7.738,0.0
RIDE002057,Private,2025-01-03 18:08,2025-01-03 18:56,Chromepet,Singaperumal Koil,38.85,1,,414.05,Cash,Standard,7.459,0.0
RIDE002058,Private,2025-01-07 08:08,2025-01-07 09:16,Chromepet,Mahindra City,57.77,1,,564.79,Wallet,Standard,11.092,0.0
RIDE002059,Private,2025-01-06 23:21,2025-01-07 00:21,Guindy,Singaperumal Koil,48.81,1,,543.89,Cash,Standard,9.372,0.0
RIDE002060,Private,2025-04-06 09:45,2025-04-06 10:54,OMR Sholinganallur,Chengalpattu Bus Stand,61.64,1,,568.1,Cash,Standard,11.835,0.0
RIDE002061,Carpool,2025-01-01 23:44,2025-01-02 00:34,Chromepet,Chengalpattu Town,48.57,2,1.7,303.75,Wallet,Shared,6.8,2.525
RIDE002062,Private,2025-01-22 19:17,2025-01-22 19:51,Guindy,SRM University,36.44,1,,344.94,Cash,Standard,6.996,0.0
RIDE002063,Carpool,2025-04-19 10:06,2025-04-19 11:09,Mylapore,Chengalpattu Town,64.37,2,1.9,423.93,Cash,Shared,9.012,3.347
RIDE002064,Private,2025-03-06 07:11,2025-03-06 07:43,Anna Nagar,Chengalpattu Bus Stand,34.82,1,,336.83,UPI,Standard,6.685,0.0
RIDE002065,Private,2025-04-22 03:21,2025-04-22 04:20,Anna Nagar,Chengalpattu Town,57.92,1,,559.94,UPI,Standard,11.121,0.0
RIDE002066,Carpool,2025-04-04 02:28,2025-04-04 03:28,Adyar,Mahindra City,59.26,4,3.8,439.05,Card,Shared,8.296,3.082
RIDE002067,Private,2025-04-30 07:49,2025-04-30 08:32,Adyar,Chengalpattu Bus Stand,42.29,1,,459.74,Cash,Standard,8.12,0.0
RIDE002068,Carpool,2025-03-25 19:01,2025-03-25 20:12,Chromepet,Chengalpattu Town,64.68,2,1.9,469.84,UPI,Shared,9.055,3.364
RIDE002069,Carpool,2025-02-25 04:12,2025-02-25 05:07,Velachery,Chengalpattu Town,60.69,2,1.6,439.3,Wallet,Shared,8.497,3.155
RIDE002070,Carpool,2025-02-16 13:25,2025-02-16 14:04,Anna Nagar,Chengalpattu Town,39.99,4,4.0,303.57,Card,Shared,5.599,2.079
RIDE002071,Private,2025-02-10 00:46,2025-02-10 01:49,Guindy,Chengalpattu Bus Stand,52.13,1,,509.06,Wallet,Standard,10.009,0.0
RIDE002072,Private,2025-04-23 21:18,2025-04-23 21:50,OMR Sholinganallur,SRM University,30.93,1,,353.57,UPI,Standard,5.939,0.0
RIDE002073,Carpool,2025-01-10 14:55,2025-01-10 15:51,Adyar,SRM University,49.38,2,1.4,357.0,UPI,Shared,6.913,2.568
RIDE002074,Carpool,2025-02-19 13:44,2025-02-19 14:50,Guindy,Singaperumal Koil,54.74,3,2.9,396.71,UPI,Shared,7.664,2.846
RIDE002075,Carpool,2025-02-25 07:36,2025-02-25 08:17,Adyar,Singaperumal Koil,33.58,2,1.9,261.18,Card,Shared,4.701,1.746
RIDE002076,Carpool,2025-03-10 04:49,2025-03-10 05:30,Pallavaram,Chengalpattu Bus Stand,43.93,4,3.8,328.15,UPI,Shared,6.15,2.285
RIDE002077,Private,2025-02-14 23:25,2025-02-15 00:13,Anna Nagar,Chengalpattu Town,52.5,1,,536.85,Card,Standard,10.08,0.0
RIDE002078,Carpool,2025-03-11 19:07,2025-03-11 19:49,Guindy,Chengalpattu Town,36.72,4,3.5,279.27,Cash,Shared,5.141,1.909
RIDE002079,Carpool,2025-02-17 14:47,2025-02-17 15:22,Tambaram,Singaperumal Koil,36.33,3,2.9,270.29,Cash,Shared,5.086,1.889
RIDE002080,Private,2025-02-12 05:33,2025-02-12 06:30,Mylapore,Chengalpattu Town,50.62,1,,539.4,Cash,Standard,9.719,0.0
RIDE002081,Private,2025-03-04 07:48,2025-03-04 08:38,Adyar,Mahindra City,49.2,1,,500.2,UPI,Standard,9.446,0.0
RIDE002082,Carpool,2025-04-14 20:02,2025-04-14 20:39,Perungudi,Singaperumal Koil,35.95,2,1.5,230.57,Card,Shared,5.033,1.869
RIDE002083,Carpool,2025-03-31 19:31,2025-03-31 20:23,Tambaram,SRM University,44.75,2,1.9,313.82,Card,Shared,6.265,2.327
RIDE002084,Carpool,2025-04-04 13:46,2025-04-04 14:21,Tambaram,Singaperumal Koil,34.06,4,3.5,260.24,Cash,Shared,4.768,1.772
RIDE002085,Carpool,2025-04-23 03:02,2025-04-23 03:41,Chromepet,Chengalpattu Town,35.42,2,1.5,213.23,Wallet,Shared,4.959,1.842
RIDE002086,Carpool,2025-01-10 05:38,2025-01-10 06:10,Anna Nagar,Singaperumal Koil,30.35,4,3.5,226.61,Card,Shared,4.249,1.578
RIDE002087,Carpool,2025-02-11 19:16,2025-02-11 20:10,Anna Nagar,SRM University,58.06,3,2.5,436.75,Card,Shared,8.128,3.02
RIDE002088,Private,2025-04-09 11:24,2025-04-09 12:18,Anna Nagar,SRM University,60.54,1,,658.82,Wallet,Standard,11.624,0.0
RIDE002089,Carpool,2025-04-12 02:57,2025-04-12 03:37,Guindy,Chengalpattu Bus Stand,34.03,2,1.9,223.64,Card,Shared,4.764,1.77
RIDE002090,Carpool,2025-02-09 19:39,2025-02-09 20:30,Adyar,Chengalpattu Town,45.01,2,1.7,272.43,UPI,Shared,6.301,2.341
RIDE002091,Carpool,2025-01-27 01:38,2025-01-27 02:51,Guindy,Chengalpattu Bus Stand,62.7,4,3.7,387.57,Card,Shared,8.778,3.26
RIDE002092,Private,2025-04-22 06:05,2025-04-22 06:50,Tambaram,Singaperumal Koil,48.75,1,,466.48,Wallet,Standard,9.36,0.0
RIDE002093,Private,2025-04-11 06:56,2025-04-11 08:04,Velachery,Chengalpattu Town,62.22,1,,620.0,UPI,Standard,11.946,0.0
RIDE002094,Carpool,2025-01-25 03:44,2025-01-25 04:42,Guindy,SRM University,51.25,3,3.0,343.45,Cash,Shared,7.175,2.665
RIDE002095,Private,2025-03-25 08:11,2025-03-25 09:17,Tambaram,Singaperumal Koil,59.34,1,,541.67,UPI,Standard,11.393,0.0
RIDE002096,Carpool,2025-04-27 20:53,2025-04-27 21:45,Velachery,Mahindra City,55.4,3,2.5,383.2,Cash,Shared,7.756,2.881
RIDE002097,Private,2025-04-18 14:44,2025-04-18 15:48,Guindy,Singaperumal Koil,56.35,1,,537.21,Card,Standard,10.819,0.0
RIDE002098,Carpool,2025-03-25 00:53,2025-03-25 02:02,T Nagar,SRM University,56.59,2,1.9,368.05,UPI,Shared,7.923,2.942
RIDE002099,Carpool,2025-03-27 16:02,2025-03-27 17:11,Perungudi,Singaperumal Koil,56.69,4,3.7,364.47,Card,Shared,7.937,2.947
RIDE002100,Carpool,2025-04-01 08:19,2025-04-01 09:07,Perungudi,Singaperumal Koil,49.72,2,1.4,302.35,UPI,Shared,6.961,2.585
RIDE002101,Carpool,2025-02-07 08:02,2025-02-07 08:45,Velachery,Singaperumal Koil,47.67,4,3.5,336.88,UPI,Shared,6.674,2.479
RIDE002102,Carpool,2025-02-04 18:12,2025-02-04 19:15,OMR Sholinganallur,Chengalpattu Bus Stand,56.31,3,2.6,363.2,Wallet,Shared,7.883,2.929
RIDE002103,Carpool,2025-01-21 23:27,2025-01-22 00:17,Perungudi,Chengalpattu Town,54.74,4,3.9,339.19,UPI,Shared,7.664,2.846
RIDE002104,Private,2025-03-27 20:02,2025-03-27 20:59,Guindy,Chengalpattu Bus Stand,52.2,1,,490.16,Cash,Standard,10.022,0.0
RIDE002105,Carpool,2025-01-16 16:46,2025-01-16 17:26,Perungudi,Chengalpattu Town,34.96,4,3.4,247.96,UPI,Shared,4.894,1.818
RIDE002106,Carpool,2025-04-02 22:45,2025-04-02 23:32,Tambaram,SRM University,38.32,3,2.4,247.56,Cash,Shared,5.365,1.992
RIDE002107,Private,2025-02-15 17:26,2025-02-15 17:56,OMR Sholinganallur,Chengalpattu Bus Stand,32.09,1,,352.64,Card,Standard,6.161,0.0
RIDE002108,Private,2025-04-04 22:25,2025-04-04 22:54,Guindy,Mahindra City,30.7,1,,329.1,Wallet,Standard,5.894,0.0
RIDE002109,Private,2025-02-03 06:14,2025-02-03 07:10,Anna Nagar,Chengalpattu Town,58.4,1,,573.78,Card,Standard,11.213,0.0
RIDE002110,Private,2025-02-28 20:37,2025-02-28 21:21,Guindy,Chengalpattu Bus Stand,45.28,1,,427.18,Card,Standard,8.694,0.0
RIDE002111,Carpool,2025-01-18 22:46,2025-01-18 23:32,Chromepet,Chengalpattu Town,52.1,3,2.8,333.69,Cash,Shared,7.294,2.709
RIDE002112,Carpool,2025-04-05 18:14,2025-04-05 18:57,Adyar,Singaperumal Koil,35.62,2,1.9,266.28,Wallet,Shared,4.987,1.852
RIDE002113,Private,2025-03-06 21:54,2025-03-06 22:54,Tambaram,SRM University,53.72,1,,582.56,Card,Standard,10.314,0.0
RIDE002114,Carpool,2025-02-08 09:06,2025-02-08 10:14,Adyar,Mahindra City,58.51,3,2.6,423.33,Card,Shared,8.191,3.043
RIDE002115,Private,2025-03-18 01:57,2025-03-18 02:31,Perungudi,Chengalpattu Bus Stand,30.06,1,,341.35,Cash,Standard,5.772,0.0
RIDE002116,Private,2025-03-24 07:34,2025-03-24 08:39,Perungudi,SRM University,64.13,1,,580.23,UPI,Standard,12.313,0.0
RIDE002117,Carpool,2025-02-26 20:30,2025-02-26 21:35,Pallavaram,Chengalpattu Town,56.91,4,3.9,404.51,UPI,Shared,7.967,2.96
RIDE002118,Carpool,2025-04-26 14:45,2025-04-26 15:29,Velachery,SRM University,36.44,4,3.5,250.21,Wallet,Shared,5.102,1.894
RIDE002119,Carpool,2025-02-03 11:59,2025-02-03 12:57,Guindy,SRM University,61.99,4,3.7,482.18,Cash,Shared,8.679,3.223
RIDE002120,Private,2025-01-15 05:31,2025-01-15 06:07,Mylapore,SRM University,39.32,1,,411.99,Wallet,Standard,7.549,0.0
RIDE002121,Private,2025-03-13 15:45,2025-03-13 16:27,Velachery,Singaperumal Koil,46.12,1,,416.87,Card,Standard,8.855,0.0
RIDE002122,Private,2025-02-11 06:26,2025-02-11 07:17,Tambaram,Chengalpattu Town,50.04,1,,557.61,Cash,Standard,9.608,0.0
RIDE002123,Carpool,2025-04-02 07:08,2025-04-02 07:46,OMR Sholinganallur,Chengalpattu Bus Stand,37.91,3,2.7,251.99,UPI,Shared,5.307,1.972
RIDE002124,Private,2025-03-15 15:27,2025-03-15 16:24,Chromepet,Chengalpattu Town,62.05,1,,609.46,Card,Standard,11.914,0.0
RIDE002125,Carpool,2025-02-12 02:04,2025-02-12 03:01,T Nagar,Chengalpattu Town,62.42,2,2.0,375.78,Card,Shared,8.739,3.246
RIDE002126,Carpool,2025-02-06 10:58,2025-02-06 11:51,Chromepet,Chengalpattu Bus Stand,48.98,2,1.7,363.35,Card,Shared,6.857,2.547
RIDE002127,Carpool,2025-02-11 19:01,2025-02-11 19:42,T Nagar,Mahindra City,42.51,2,1.7,265.12,Card,Shared,5.951,2.211
RIDE002128,Carpool,2025-01-13 19:13,2025-01-13 20:02,T Nagar,Chengalpattu Town,43.75,2,1.4,295.86,Wallet,Shared,6.125,2.275
RIDE002129,Carpool,2025-01-13 16:27,2025-01-13 17:18,Perungudi,Singaperumal Koil,51.07,4,3.5,378.33,Wallet,Shared,7.15,2.655
RIDE002130,Carpool,2025-04-05 09:00,2025-04-05 09:38,Chromepet,Singaperumal Koil,40.36,4,3.6,258.13,UPI,Shared,5.65,2.099
RIDE002131,Private,2025-03-03 06:46,2025-03-03 07:27,Guindy,Chengalpattu Bus Stand,43.28,1,,438.73,Card,Standard,8.31,0.0
RIDE002132,Private,2025-03-03 06:04,2025-03-03 07:04,Velachery,Mahindra City,52.19,1,,496.92,UPI,Standard,10.02,0.0
RIDE002133,Private,2025-01-06 15:41,2025-01-06 16:44,OMR Sholinganallur,SRM University,55.92,1,,610.06,UPI,Standard,10.737,0.0
RIDE002134,Carpool,2025-01-03 21:43,2025-01-03 22:13,Velachery,SRM University,30.62,2,1.7,208.66,Wallet,Shared,4.287,1.592
RIDE002135,Private,2025-02-06 03:07,2025-02-06 03:52,Tambaram,Mahindra City,49.41,1,,508.86,UPI,Standard,9.487,0.0
RIDE002136,Carpool,2025-04-10 03:03,2025-04-10 03:51,Anna Nagar,Chengalpattu Bus Stand,52.34,2,1.9,347.08,Cash,Shared,7.328,2.721
RIDE002137,Carpool,2025-04-06 03:45,2025-04-06 04:42,Guindy,Singaperumal Koil,63.0,2,1.5,411.88,Wallet,Shared,8.82,3.276
RIDE002138,Carpool,2025-03-31 17:51,2025-03-31 18:50,Adyar,Chengalpattu Bus Stand,54.42,3,2.6,373.48,Cash,Shared,7.619,2.83
RIDE002139,Carpool,2025-04-26 05:35,2025-04-26 06:08,Mylapore,SRM University,32.57,3,2.5,228.11,Card,Shared,4.56,1.693
RIDE002140,Private,2025-04-06 14:47,2025-04-06 15:33,Pallavaram,Chengalpattu Town,40.32,1,,433.19,UPI,Standard,7.741,0.0
RIDE002141,Private,2025-01-12 01:31,2025-01-12 02:35,Velachery,SRM University,58.36,1,,595.7,UPI,Standard,11.205,0.0
RIDE002142,Carpool,2025-01-31 05:11,2025-01-31 05:58,Anna Nagar,Chengalpattu Bus Stand,43.57,3,2.4,270.64,Card,Shared,6.1,2.265
RIDE002143,Private,2025-04-21 00:31,2025-04-21 01:46,Pallavaram,Singaperumal Koil,63.53,1,,640.29,Cash,Standard,12.198,0.0
RIDE002144,Carpool,2025-01-03 10:28,2025-01-03 11:43,T Nagar,Singaperumal Koil,63.88,3,2.5,455.09,UPI,Shared,8.943,3.322
RIDE002145,Private,2025-04-14 23:29,2025-04-15 00:12,Anna Nagar,Chengalpattu Town,35.07,1,,355.16,Card,Standard,6.733,0.0
RIDE002146,Carpool,2025-04-04 14:51,2025-04-04 15:52,Velachery,Singaperumal Koil,50.48,2,1.7,316.27,Wallet,Shared,7.067,2.625
RIDE002147,Carpool,2025-01-08 02:50,2025-01-08 03:44,Adyar,Singaperumal Koil,43.95,2,1.8,316.37,UPI,Shared,6.153,2.285
RIDE002148,Private,2025-03-27 10:07,2025-03-27 11:02,Mylapore,Mahindra City,59.41,1,,542.59,Cash,Standard,11.407,0.0
RIDE002149,Private,2025-05-01 03:13,2025-05-01 04:00,Velachery,Chengalpattu Town,43.21,1,,460.53,Wallet,Standard,8.296,0.0
RIDE002150,Private,2025-01-15 09:54,2025-01-15 10:51,Perungudi,Chengalpattu Town,57.78,1,,575.49,UPI,Standard,11.094,0.0
RIDE002151,Private,2025-01-23 10:35,2025-01-23 11:31,Chromepet,Chengalpattu Bus Stand,53.4,1,,489.47,UPI,Standard,10.253,0.0
RIDE002152,Private,2025-04-28 18:34,2025-04-28 19:03,Tambaram,Chengalpattu Bus Stand,31.45,1,,328.65,Cash,Standard,6.038,0.0
RIDE002153,Carpool,2025-02-08 04:09,2025-02-08 04:52,Chromepet,Chengalpattu Town,41.65,4,3.9,253.18,Wallet,Shared,5.831,2.166
RIDE002154,Private,2025-02-04 22:23,2025-02-04 23:27,Velachery,Mahindra City,61.8,1,,659.06,Wallet,Standard,11.866,0.0
RIDE002155,Carpool,2025-03-04 23:03,2025-03-04 23:40,Tambaram,Chengalpattu Town,40.52,4,3.4,271.67,Wallet,Shared,5.673,2.107
RIDE002156,Carpool,2025-01-26 00:48,2025-01-26 01:40,Velachery,Chengalpattu Town,56.42,3,2.6,352.55,Card,Shared,7.899,2.934
RIDE002157,Carpool,2025-04-12 16:26,2025-04-12 17:33,Velachery,Mahindra City,54.88,4,3.6,346.37,Wallet,Shared,7.683,2.854
RIDE002158,Carpool,2025-01-25 13:30,2025-01-25 14:09,OMR Sholinganallur,SRM University,32.68,2,2.0,229.49,Wallet,Shared,4.575,1.7
RIDE002159,Carpool,2025-03-21 21:40,2025-03-21 22:30,Perungudi,Chengalpattu Town,44.27,2,1.6,268.53,Cash,Shared,6.198,2.302
RIDE002160,Carpool,2025-04-18 03:27,2025-04-18 04:16,Tambaram,Mahindra City,43.86,3,2.5,263.47,UPI,Shared,6.14,2.281
RIDE002161,Private,2025-03-31 23:59,2025-04-01 00:51,Guindy,Singaperumal Koil,58.4,1,,660.58,Wallet,Standard,11.213,0.0
RIDE002162,Carpool,2025-02-22 06:30,2025-02-22 07:19,OMR Sholinganallur,SRM University,50.73,4,4.0,361.94,Card,Shared,7.102,2.638
RIDE002163,Private,2025-04-19 17:27,2025-04-19 17:57,Tambaram,Chengalpattu Town,31.4,1,,285.74,Wallet,Standard,6.029,0.0
RIDE002164,Private,2025-04-22 11:03,2025-04-22 12:09,Adyar,SRM University,58.94,1,,619.52,Wallet,Standard,11.316,0.0
RIDE002165,Private,2025-02-21 09:00,2025-02-21 10:08,Guindy,Chengalpattu Town,63.98,1,,717.99,Wallet,Standard,12.284,0.0
RIDE002166,Private,2025-03-09 06:59,2025-03-09 07:56,Anna Nagar,Chengalpattu Bus Stand,50.65,1,,581.7,Cash,Standard,9.725,0.0
RIDE002167,Carpool,2025-02-24 07:15,2025-02-24 08:20,Mylapore,SRM University,61.79,3,2.7,425.93,Card,Shared,8.651,3.213
RIDE002168,Carpool,2025-04-24 14:52,2025-04-24 15:46,OMR Sholinganallur,Singaperumal Koil,46.47,3,2.6,289.35,Cash,Shared,6.506,2.416
RIDE002169,Carpool,2025-03-04 07:58,2025-03-04 08:39,Anna Nagar,SRM University,42.46,4,3.9,299.55,Card,Shared,5.944,2.208
RIDE002170,Private,2025-03-26 19:32,2025-03-26 20:29,OMR Sholinganallur,Chengalpattu Town,53.89,1,,499.69,UPI,Standard,10.347,0.0
RIDE002171,Carpool,2025-04-26 16:03,2025-04-26 17:03,Perungudi,Singaperumal Koil,52.1,3,2.8,362.78,Wallet,Shared,7.294,2.709
RIDE002172,Private,2025-01-15 15:34,2025-01-15 16:07,Pallavaram,Mahindra City,32.21,1,,349.2,Wallet,Standard,6.184,0.0
RIDE002173,Carpool,2025-03-02 20:19,2025-03-02 21:16,OMR Sholinganallur,Singaperumal Koil,57.65,4,3.7,407.49,Card,Shared,8.071,2.998
RIDE002174,Carpool,2025-04-27 23:40,2025-04-28 00:20,Guindy,SRM University,38.72,4,3.5,292.95,Cash,Shared,5.421,2.013
RIDE002175,Private,2025-02-02 23:23,2025-02-03 00:26,Perungudi,Chengalpattu Town,58.54,1,,672.55,UPI,Standard,11.24,0.0
RIDE002176,Carpool,2025-04-04 08:41,2025-04-04 09:44,Chromepet,Mahindra City,59.76,3,3.0,359.22,Card,Shared,8.366,3.108
RIDE002177,Carpool,2025-01-20 06:20,2025-01-20 06:49,Guindy,Chengalpattu Bus Stand,30.24,2,1.9,217.56,Card,Shared,4.234,1.572
RIDE002178,Private,2025-03-27 11:21,2025-03-27 12:33,OMR Sholinganallur,SRM University,61.47,1,,627.11,UPI,Standard,11.802,0.0
RIDE002179,Carpool,2025-03-29 06:59,2025-03-29 08:09,Anna Nagar,Singaperumal Koil,60.9,3,2.5,379.24,Wallet,Shared,8.526,3.167
RIDE002180,Carpool,2025-03-29 16:19,2025-03-29 17:08,Pallavaram,Chengalpattu Town,47.74,2,1.8,321.36,Wallet,Shared,6.684,2.482
RIDE002181,Carpool,2025-02-23 22:37,2025-02-23 23:29,Velachery,SRM University,54.98,4,3.8,351.76,Card,Shared,7.697,2.859
RIDE002182,Carpool,2025-03-29 00:38,2025-03-29 01:20,Velachery,Chengalpattu Bus Stand,37.92,3,2.7,242.89,Wallet,Shared,5.309,1.972
RIDE002183,Private,2025-03-04 19:47,2025-03-04 20:15,OMR Sholinganallur,Singaperumal Koil,31.91,1,,363.8,UPI,Standard,6.127,0.0
RIDE002184,Private,2025-03-29 20:00,2025-03-29 21:03,Tambaram,Chengalpattu Town,61.89,1,,662.71,Cash,Standard,11.883,0.0
RIDE002185,Carpool,2025-01-07 06:17,2025-01-07 07:00,Guindy,Mahindra City,43.38,2,1.9,294.62,Cash,Shared,6.073,2.256
RIDE002186,Private,2025-01-25 09:02,2025-01-25 09:58,Tambaram,Mahindra City,55.09,1,,610.48,UPI,Standard,10.577,0.0
RIDE002187,Carpool,2025-03-21 15:17,2025-03-21 15:56,Anna Nagar,Mahindra City,35.04,4,3.9,213.77,Cash,Shared,4.906,1.822
RIDE002188,Carpool,2025-03-05 04:19,2025-03-05 05:27,Perungudi,SRM University,62.76,2,1.9,477.66,Wallet,Shared,8.786,3.264
RIDE002189,Private,2025-02-02 04:25,2025-02-02 05:25,Anna Nagar,Mahindra City,54.08,1,,586.08,Card,Standard,10.383,0.0
RIDE002190,Private,2025-02-24 11:46,2025-02-24 12:34,Perungudi,SRM University,40.71,1,,371.32,UPI,Standard,7.816,0.0
RIDE002191,Private,2025-04-12 18:01,2025-04-12 19:06,Mylapore,Chengalpattu Town,59.41,1,,633.31,Cash,Standard,11.407,0.0
RIDE002192,Private,2025-03-30 12:00,2025-03-30 12:44,Mylapore,Chengalpattu Town,40.45,1,,423.89,UPI,Standard,7.766,0.0
RIDE002193,Carpool,2025-01-27 02:24,2025-01-27 03:08,T Nagar,Chengalpattu Bus Stand,43.13,2,1.4,284.99,Card,Shared,6.038,2.243
RIDE002194,Private,2025-04-23 18:50,2025-04-23 19:53,Pallavaram,Chengalpattu Town,51.8,1,,482.31,UPI,Standard,9.946,0.0
RIDE002195,Carpool,2025-04-12 20:33,2025-04-12 21:05,Mylapore,Mahindra City,30.04,2,1.5,229.76,Cash,Shared,4.206,1.562
RIDE002196,Private,2025-04-21 13:53,2025-04-21 14:33,Perungudi,Singaperumal Koil,33.67,1,,379.73,Card,Standard,6.465,0.0
RIDE002197,Carpool,2025-03-13 09:06,2025-03-13 09:52,Mylapore,SRM University,44.66,3,2.9,313.8,Wallet,Shared,6.252,2.323
RIDE002198,Private,2025-01-24 05:52,2025-01-24 06:38,Tambaram,Chengalpattu Bus Stand,45.45,1,,469.53,Cash,Standard,8.726,0.0
RIDE002199,Carpool,2025-02-06 17:17,2025-02-06 17:56,Perungudi,Mahindra City,36.98,3,2.6,270.03,Wallet,Shared,5.177,1.923
RIDE002200,Carpool,2025-03-03 21:06,2025-03-03 21:54,Velachery,Singaperumal Koil,43.75,4,3.5,326.97,Card,Shared,6.125,2.275
RIDE002201,Carpool,2025-02-08 09:16,2025-02-08 10:01,Adyar,Chengalpattu Bus Stand,49.79,3,2.8,343.81,UPI,Shared,6.971,2.589
RIDE002202,Private,2025-02-14 03:32,2025-02-14 04:26,Chromepet,SRM University,44.3,1,,411.38,Cash,Standard,8.506,0.0
RIDE002203,Carpool,2025-01-05 21:45,2025-01-05 22:19,Adyar,Mahindra City,35.37,2,1.9,273.3,UPI,Shared,4.952,1.839
RIDE002204,Private,2025-02-20 13:51,2025-02-20 14:26,T Nagar,SRM University,39.39,1,,420.7,Wallet,Standard,7.563,0.0
RIDE002205,Private,2025-03-25 14:28,2025-03-25 15:06,Tambaram,Mahindra City,39.57,1,,397.64,Wallet,Standard,7.597,0.0
RIDE002206,Private,2025-04-19 01:49,2025-04-19 02:53,Chromepet,SRM University,56.41,1,,514.41,Card,Standard,10.831,0.0
RIDE002207,Private,2025-03-25 16:01,2025-03-25 17:03,Adyar,SRM University,58.6,1,,587.64,Cash,Standard,11.251,0.0
RIDE002208,Carpool,2025-02-03 21:15,2025-02-03 21:48,Pallavaram,Mahindra City,32.35,4,4.0,230.16,Card,Shared,4.529,1.682
RIDE002209,Private,2025-02-22 17:14,2025-02-22 18:07,OMR Sholinganallur,Chengalpattu Town,50.21,1,,495.35,Card,Standard,9.64,0.0
RIDE002210,Carpool,2025-02-23 09:48,2025-02-23 10:52,Perungudi,Chengalpattu Bus Stand,64.35,2,2.0,470.11,Card,Shared,9.009,3.346
RIDE002211,Private,2025-04-06 03:23,2025-04-06 04:36,Guindy,SRM University,59.08,1,,659.05,UPI,Standard,11.343,0.0
RIDE002212,Carpool,2025-01-09 02:49,2025-01-09 03:50,Pallavaram,SRM University,60.19,2,1.7,447.98,Card,Shared,8.427,3.129
RIDE002213,Private,2025-03-27 09:26,2025-03-27 10:07,Tambaram,Chengalpattu Bus Stand,36.09,1,,354.93,Card,Standard,6.929,0.0
RIDE002214,Private,2025-01-20 19:50,2025-01-20 20:29,Chromepet,Chengalpattu Town,31.9,1,,297.19,UPI,Standard,6.125,0.0
RIDE002215,Carpool,2025-04-04 05:53,2025-04-04 06:34,T Nagar,Singaperumal Koil,35.48,4,3.5,236.62,Card,Shared,4.967,1.845
RIDE002216,Carpool,2025-04-27 04:41,2025-04-27 05:25,Adyar,Mahindra City,37.26,2,1.5,271.98,Cash,Shared,5.216,1.938
RIDE002217,Carpool,2025-04-12 12:47,2025-04-12 13:27,T Nagar,Singaperumal Koil,35.88,3,2.9,228.86,UPI,Shared,5.023,1.866
RIDE002218,Carpool,2025-02-14 16:17,2025-02-14 17:17,T Nagar,Chengalpattu Bus Stand,48.67,3,2.7,362.68,Wallet,Shared,6.814,2.531
RIDE002219,Carpool,2025-02-28 02:38,2025-02-28 03:30,OMR Sholinganallur,Chengalpattu Bus Stand,58.19,4,3.7,370.99,UPI,Shared,8.147,3.025
RIDE002220,Carpool,2025-02-19 10:11,2025-02-19 10:53,Velachery,Chengalpattu Town,35.61,4,3.5,243.18,UPI,Shared,4.985,1.852
RIDE002221,Carpool,2025-03-21 01:56,2025-03-21 02:50,OMR Sholinganallur,Chengalpattu Town,48.3,3,3.0,348.59,UPI,Shared,6.762,2.512
RIDE002222,Carpool,2025-03-04 19:19,2025-03-04 20:16,T Nagar,SRM University,49.77,2,2.0,345.45,UPI,Shared,6.968,2.588
RIDE002223,Private,2025-02-12 23:09,2025-02-12 23:48,Mylapore,Chengalpattu Bus Stand,35.99,1,,403.14,Cash,Standard,6.91,0.0
RIDE002224,Carpool,2025-04-21 20:40,2025-04-21 21:48,Perungudi,Chengalpattu Town,60.95,4,3.7,445.35,UPI,Shared,8.533,3.169
RIDE002225,Carpool,2025-04-01 11:23,2025-04-01 12:10,Tambaram,SRM University,45.31,4,3.9,313.85,UPI,Shared,6.343,2.357
RIDE002226,Carpool,2025-02-25 11:50,2025-02-25 12:32,Mylapore,Mahindra City,37.5,4,3.8,292.09,UPI,Shared,5.25,1.95
RIDE002227,Carpool,2025-04-11 05:53,2025-04-11 07:10,OMR Sholinganallur,Chengalpattu Bus Stand,63.29,4,3.4,401.03,Wallet,Shared,8.861,3.291
RIDE002228,Private,2025-04-20 13:18,2025-04-20 13:59,Tambaram,Chengalpattu Town,33.16,1,,311.56,UPI,Standard,6.367,0.0
RIDE002229,Carpool,2025-01-14 07:11,2025-01-14 08:26,Perungudi,Mahindra City,62.97,4,3.7,427.87,UPI,Shared,8.816,3.274
RIDE002230,Private,2025-03-26 21:30,2025-03-26 22:21,Mylapore,Chengalpattu Bus Stand,50.31,1,,572.66,Card,Standard,9.66,0.0
RIDE002231,Private,2025-02-22 01:39,2025-02-22 02:32,Velachery,Chengalpattu Bus Stand,50.85,1,,504.58,Card,Standard,9.763,0.0
RIDE002232,Carpool,2025-02-02 18:55,2025-02-02 19:36,Anna Nagar,Chengalpattu Bus Stand,39.1,2,1.8,294.78,Card,Shared,5.474,2.033
RIDE002233,Carpool,2025-01-06 03:16,2025-01-06 04:02,OMR Sholinganallur,Chengalpattu Town,45.86,2,1.9,347.46,UPI,Shared,6.42,2.385
RIDE002234,Carpool,2025-04-25 01:49,2025-04-25 03:03,Guindy,Chengalpattu Town,64.23,4,3.6,414.95,Card,Shared,8.992,3.34
RIDE002235,Carpool,2025-01-08 05:34,2025-01-08 06:26,Velachery,SRM University,54.73,3,2.8,340.94,UPI,Shared,7.662,2.846
RIDE002236,Private,2025-04-20 01:03,2025-04-20 02:14,Adyar,SRM University,58.07,1,,593.24,Cash,Standard,11.149,0.0
RIDE002237,Carpool,2025-01-27 02:40,2025-01-27 03:33,Anna Nagar,Chengalpattu Bus Stand,54.46,2,1.7,369.6,Card,Shared,7.624,2.832
RIDE002238,Private,2025-04-07 11:03,2025-04-07 11:31,Chromepet,SRM University,31.55,1,,332.37,Card,Standard,6.058,0.0
RIDE002239,Private,2025-01-19 21:10,2025-01-19 22:26,Guindy,Mahindra City,61.2,1,,656.74,Wallet,Standard,11.75,0.0
RIDE002240,Private,2025-01-22 22:06,2025-01-22 22:54,OMR Sholinganallur,SRM University,47.39,1,,491.4,UPI,Standard,9.099,0.0
RIDE002241,Private,2025-03-10 21:19,2025-03-10 22:06,T Nagar,SRM University,43.44,1,,451.18,Cash,Standard,8.34,0.0
RIDE002242,Private,2025-03-10 09:06,2025-03-10 09:45,Mylapore,Chengalpattu Town,36.05,1,,355.84,Wallet,Standard,6.922,0.0
RIDE002243,Carpool,2025-01-26 14:34,2025-01-26 15:11,Chromepet,Mahindra City,40.9,4,3.9,267.65,Cash,Shared,5.726,2.127
RIDE002244,Private,2025-03-25 21:45,2025-03-25 22:38,Adyar,Mahindra City,59.39,1,,676.88,Card,Standard,11.403,0.0
RIDE002245,Private,2025-04-25 18:48,2025-04-25 19:38,Velachery,Mahindra City,54.92,1,,581.39,Wallet,Standard,10.545,0.0
RIDE002246,Private,2025-03-04 15:46,2025-03-04 16:28,Pallavaram,Mahindra City,36.19,1,,355.9,Cash,Standard,6.948,0.0
RIDE002247,Private,2025-03-08 07:45,2025-03-08 08:30,Pallavaram,Mahindra City,41.78,1,,454.65,Wallet,Standard,8.022,0.0
RIDE002248,Private,2025-01-09 23:38,2025-01-10 00:18,Adyar,Chengalpattu Bus Stand,36.22,1,,361.34,Cash,Standard,6.954,0.0
RIDE002249,Carpool,2025-03-27 16:54,2025-03-27 17:49,T Nagar,SRM University,52.57,3,2.7,394.16,Card,Shared,7.36,2.733
RIDE002250,Carpool,2025-03-18 05:33,2025-03-18 06:15,OMR Sholinganallur,Singaperumal Koil,42.86,3,2.7,262.05,Wallet,Shared,6.0,2.229
RIDE002251,Carpool,2025-04-06 17:55,2025-04-06 19:01,Adyar,Chengalpattu Town,64.56,3,2.6,426.45,Wallet,Shared,9.038,3.358
RIDE002252,Carpool,2025-04-10 15:23,2025-04-10 16:05,Velachery,SRM University,34.53,2,1.6,247.8,Card,Shared,4.834,1.796
RIDE002253,Carpool,2025-01-13 18:44,2025-01-13 19:31,Perungudi,Mahindra City,52.82,2,1.7,360.55,UPI,Shared,7.395,2.746
RIDE002254,Carpool,2025-04-06 12:30,2025-04-06 13:10,OMR Sholinganallur,Singaperumal Koil,34.66,4,3.5,211.06,Card,Shared,4.852,1.803
RIDE002255,Private,2025-02-28 01:16,2025-02-28 01:57,OMR Sholinganallur,Singaperumal Koil,42.11,1,,468.98,UPI,Standard,8.085,0.0
RIDE002256,Private,2025-01-13 13:22,2025-01-13 14:20,T Nagar,Mahindra City,51.91,1,,587.07,Wallet,Standard,9.967,0.0
RIDE002257,Carpool,2025-03-22 19:47,2025-03-22 20:32,Mylapore,Singaperumal Koil,49.58,4,3.5,347.01,UPI,Shared,6.941,2.578
RIDE002258,Carpool,2025-03-29 18:22,2025-03-29 19:00,Guindy,Singaperumal Koil,35.14,4,3.6,255.5,Cash,Shared,4.92,1.827
RIDE002259,Private,2025-01-02 18:21,2025-01-02 19:19,Perungudi,Singaperumal Koil,58.37,1,,618.68,Cash,Standard,11.207,0.0
RIDE002260,Private,2025-03-06 09:07,2025-03-06 09:47,OMR Sholinganallur,Chengalpattu Town,43.22,1,,429.1,UPI,Standard,8.298,0.0
RIDE002261,Private,2025-02-03 00:25,2025-02-03 01:02,Velachery,Chengalpattu Town,35.18,1,,387.19,UPI,Standard,6.755,0.0
RIDE002262,Carpool,2025-03-29 13:41,2025-03-29 14:39,Guindy,Mahindra City,59.09,4,3.5,393.28,Cash,Shared,8.273,3.072
RIDE002263,Carpool,2025-01-06 02:58,2025-01-06 03:34,Pallavaram,Mahindra City,39.55,2,1.8,265.72,Cash,Shared,5.537,2.057
RIDE002264,Private,2025-04-14 13:06,2025-04-14 13:41,Chromepet,Chengalpattu Town,37.93,1,,361.77,UPI,Standard,7.283,0.0
RIDE002265,Carpool,2025-02-13 04:07,2025-02-13 05:02,Pallavaram,Chengalpattu Town,55.14,3,2.5,404.03,UPI,Shared,7.72,2.867
RIDE002266,Carpool,2025-02-15 04:23,2025-02-15 05:27,T Nagar,Chengalpattu Town,55.74,4,3.6,426.0,Card,Shared,7.804,2.898
RIDE002267,Carpool,2025-04-19 21:45,2025-04-19 22:18,Anna Nagar,SRM University,31.63,4,3.8,202.29,Cash,Shared,4.428,1.645
RIDE002268,Private,2025-03-20 22:06,2025-03-20 22:45,OMR Sholinganallur,SRM University,35.17,1,,345.38,Card,Standard,6.753,0.0
RIDE002269,Private,2025-04-07 23:52,2025-04-08 00:54,T Nagar,Chengalpattu Town,58.86,1,,599.7,Card,Standard,11.301,0.0
RIDE002270,Carpool,2025-02-05 02:59,2025-02-05 03:36,Anna Nagar,Chengalpattu Town,33.91,4,3.5,253.82,Cash,Shared,4.747,1.764
RIDE002271,Carpool,2025-04-07 13:14,2025-04-07 14:22,Tambaram,Chengalpattu Bus Stand,55.65,3,2.5,378.66,Wallet,Shared,7.791,2.894
RIDE002272,Private,2025-02-02 00:24,2025-02-02 01:12,OMR Sholinganallur,SRM University,47.46,1,,463.56,Cash,Standard,9.112,0.0
RIDE002273,Carpool,2025-04-06 11:07,2025-04-06 12:18,Perungudi,Chengalpattu Town,63.87,3,2.6,471.65,Wallet,Shared,8.942,3.321
RIDE002274,Carpool,2025-02-25 17:07,2025-02-25 17:48,Guindy,Singaperumal Koil,37.75,3,2.8,232.71,Cash,Shared,5.285,1.963
RIDE002275,Carpool,2025-03-12 19:29,2025-03-12 20:26,Tambaram,Singaperumal Koil,46.56,3,2.5,279.99,Cash,Shared,6.518,2.422
RIDE002276,Private,2025-04-01 17:45,2025-04-01 18:29,Anna Nagar,Chengalpattu Bus Stand,47.49,1,,473.9,Cash,Standard,9.118,0.0
RIDE002277,Carpool,2025-03-31 08:40,2025-03-31 09:43,Chromepet,Singaperumal Koil,61.81,4,3.6,398.19,UPI,Shared,8.653,3.215
RIDE002278,Carpool,2025-02-25 09:33,2025-02-25 10:07,Tambaram,Singaperumal Koil,31.48,3,2.5,216.49,Wallet,Shared,4.407,1.637
RIDE002279,Private,2025-04-15 11:32,2025-04-15 12:07,Tambaram,SRM University,35.61,1,,365.25,Wallet,Standard,6.837,0.0
RIDE002280,Carpool,2025-01-04 09:12,2025-01-04 10:07,Tambaram,Singaperumal Koil,49.53,4,3.6,334.52,Wallet,Shared,6.934,2.576
RIDE002281,Private,2025-03-02 10:22,2025-03-02 10:52,Anna Nagar,Chengalpattu Bus Stand,33.5,1,,307.59,Wallet,Standard,6.432,0.0
RIDE002282,Private,2025-04-06 21:21,2025-04-06 22:08,OMR Sholinganallur,Chengalpattu Bus Stand,49.42,1,,505.29,UPI,Standard,9.489,0.0
RIDE002283,Carpool,2025-03-13 09:57,2025-03-13 10:42,Mylapore,Mahindra City,37.11,3,2.6,258.1,Card,Shared,5.195,1.93
RIDE002284,Carpool,2025-02-22 08:55,2025-02-22 09:25,Anna Nagar,Mahindra City,31.79,4,3.6,245.32,UPI,Shared,4.451,1.653
RIDE002285,Private,2025-02-21 01:27,2025-02-21 02:22,OMR Sholinganallur,Chengalpattu Town,45.04,1,,462.43,Card,Standard,8.648,0.0
RIDE002286,Private,2025-03-28 02:46,2025-03-28 03:42,Pallavaram,Chengalpattu Bus Stand,57.43,1,,534.38,Card,Standard,11.027,0.0
RIDE002287,Private,2025-02-11 20:11,2025-02-11 20:56,T Nagar,Chengalpattu Bus Stand,46.54,1,,454.04,Wallet,Standard,8.936,0.0
RIDE002288,Private,2025-01-07 20:46,2025-01-07 21:20,OMR Sholinganallur,Singaperumal Koil,37.03,1,,365.46,UPI,Standard,7.11,0.0
RIDE002289,Private,2025-01-30 01:50,2025-01-30 02:45,Chromepet,SRM University,44.12,1,,413.08,Wallet,Standard,8.471,0.0
RIDE002290,Private,2025-01-25 00:01,2025-01-25 01:06,Chromepet,Chengalpattu Town,61.7,1,,702.21,Cash,Standard,11.846,0.0
RIDE002291,Carpool,2025-02-26 21:31,2025-02-26 22:21,Anna Nagar,SRM University,41.87,3,2.6,260.48,UPI,Shared,5.862,2.177
RIDE002292,Private,2025-02-20 04:47,2025-02-20 05:46,T Nagar,SRM University,52.05,1,,468.53,Wallet,Standard,9.994,0.0
RIDE002293,Private,2025-01-05 16:05,2025-01-05 17:03,Guindy,SRM University,64.06,1,,638.5,Cash,Standard,12.3,0.0
RIDE002294,Private,2025-01-29 14:03,2025-01-29 14:39,OMR Sholinganallur,Singaperumal Koil,37.47,1,,394.47,Cash,Standard,7.194,0.0
RIDE002295,Carpool,2025-03-03 09:24,2025-03-03 10:07,Adyar,Mahindra City,35.57,3,2.5,256.83,Wallet,Shared,4.98,1.849
RIDE002296,Carpool,2025-01-16 23:00,2025-01-16 23:43,Anna Nagar,Chengalpattu Town,43.42,3,2.5,299.77,Card,Shared,6.079,2.258
RIDE002297,Private,2025-01-21 06:18,2025-01-21 07:00,Chromepet,Chengalpattu Town,35.72,1,,400.34,UPI,Standard,6.858,0.0
RIDE002298,Private,2025-03-12 05:38,2025-03-12 06:15,Chromepet,SRM University,32.17,1,,290.83,Cash,Standard,6.177,0.0
RIDE002299,Private,2025-04-04 15:34,2025-04-04 16:42,Anna Nagar,Chengalpattu Town,63.61,1,,719.15,Card,Standard,12.213,0.0
RIDE002300,Carpool,2025-02-09 23:03,2025-02-09 23:56,T Nagar,SRM University,52.25,4,3.9,348.92,Card,Shared,7.315,2.717
RIDE002301,Private,2025-02-12 03:09,2025-02-12 04:18,Perungudi,SRM University,62.59,1,,649.62,Wallet,Standard,12.017,0.0
RIDE002302,Private,2025-02-05 00:41,2025-02-05 01:15,Perungudi,Chengalpattu Town,36.85,1,,401.91,Wallet,Standard,7.075,0.0
RIDE002303,Private,2025-04-28 05:59,2025-04-28 06:45,Perungudi,Singaperumal Koil,49.57,1,,457.23,Wallet,Standard,9.517,0.0
RIDE002304,Carpool,2025-02-24 05:28,2025-02-24 06:33,OMR Sholinganallur,Chengalpattu Bus Stand,55.91,2,1.7,429.74,Wallet,Shared,7.827,2.908
RIDE002305,Private,2025-04-08 19:19,2025-04-08 20:29,OMR Sholinganallur,Chengalpattu Bus Stand,57.25,1,,620.22,Card,Standard,10.992,0.0
RIDE002306,Private,2025-01-20 15:47,2025-01-20 16:54,Mylapore,Chengalpattu Bus Stand,61.77,1,,602.79,Cash,Standard,11.86,0.0
RIDE002307,Carpool,2025-04-20 10:52,2025-04-20 12:03,Adyar,Mahindra City,57.64,3,2.7,360.53,Wallet,Shared,8.07,2.997
RIDE002308,Carpool,2025-04-26 03:17,2025-04-26 04:34,OMR Sholinganallur,Singaperumal Koil,63.69,4,3.8,483.31,UPI,Shared,8.917,3.311
RIDE002309,Private,2025-04-26 00:20,2025-04-26 01:10,Pallavaram,SRM University,48.67,1,,527.12,Card,Standard,9.345,0.0
RIDE002310,Carpool,2025-03-30 10:20,2025-03-30 10:56,Guindy,SRM University,31.86,2,1.6,242.79,Cash,Shared,4.46,1.657
RIDE002311,Carpool,2025-03-23 04:39,2025-03-23 05:09,Velachery,SRM University,30.93,3,2.5,210.08,Card,Shared,4.33,1.609
RIDE002312,Private,2025-03-10 17:59,2025-03-10 18:35,Adyar,Chengalpattu Town,31.99,1,,350.05,Wallet,Standard,6.142,0.0
RIDE002313,Private,2025-02-04 06:31,2025-02-04 07:12,Adyar,Mahindra City,37.2,1,,401.35,UPI,Standard,7.142,0.0
RIDE002314,Private,2025-03-12 13:54,2025-03-12 14:32,Guindy,Chengalpattu Bus Stand,33.89,1,,348.05,Card,Standard,6.507,0.0
RIDE002315,Carpool,2025-02-05 21:24,2025-02-05 22:38,Perungudi,Chengalpattu Town,61.38,4,3.4,386.24,UPI,Shared,8.593,3.192
RIDE002316,Carpool,2025-03-04 23:38,2025-03-05 00:15,Velachery,SRM University,30.12,4,3.5,214.75,Card,Shared,4.217,1.566
RIDE002317,Private,2025-02-07 12:38,2025-02-07 13:18,T Nagar,SRM University,32.51,1,,299.32,Card,Standard,6.242,0.0
RIDE002318,Carpool,2025-01-04 06:54,2025-01-04 07:51,Guindy,Chengalpattu Bus Stand,54.26,3,2.9,354.07,Card,Shared,7.596,2.822
RIDE002319,Private,2025-04-20 06:17,2025-04-20 07:16,Mylapore,SRM University,51.88,1,,489.72,Card,Standard,9.961,0.0
RIDE002320,Private,2025-02-05 03:20,2025-02-05 04:31,Perungudi,Singaperumal Koil,57.36,1,,581.3,Wallet,Standard,11.013,0.0
RIDE002321,Carpool,2025-04-14 03:00,2025-04-14 04:08,Mylapore,Mahindra City,60.78,2,2.0,444.5,Card,Shared,8.509,3.161
RIDE002322,Carpool,2025-03-29 15:35,2025-03-29 16:21,Mylapore,Mahindra City,44.13,3,2.6,272.76,Wallet,Shared,6.178,2.295
RIDE002323,Carpool,2025-01-21 02:29,2025-01-21 03:18,Perungudi,SRM University,50.34,4,3.5,384.21,Cash,Shared,7.048,2.617
RIDE002324,Private,2025-03-17 03:54,2025-03-17 04:34,Adyar,Singaperumal Koil,41.96,1,,423.94,Cash,Standard,8.056,0.0
RIDE002325,Carpool,2025-03-08 23:08,2025-03-08 23:50,Pallavaram,Chengalpattu Bus Stand,35.22,4,3.6,258.64,Wallet,Shared,4.931,1.831
RIDE002326,Carpool,2025-01-06 06:40,2025-01-06 07:25,Perungudi,Mahindra City,37.48,3,2.9,228.08,Wallet,Shared,5.247,1.949
RIDE002327,Carpool,2025-04-21 18:41,2025-04-21 19:43,Tambaram,Singaperumal Koil,55.97,2,1.7,342.88,Cash,Shared,7.836,2.91
RIDE002328,Carpool,2025-01-30 00:01,2025-01-30 00:38,Mylapore,Chengalpattu Bus Stand,30.64,4,3.7,195.1,Card,Shared,4.29,1.593
RIDE002329,Carpool,2025-03-05 16:11,2025-03-05 17:09,OMR Sholinganallur,Chengalpattu Bus Stand,61.56,2,2.0,384.59,Card,Shared,8.618,3.202
RIDE002330,Carpool,2025-04-02 19:41,2025-04-02 20:27,Pallavaram,Singaperumal Koil,38.54,2,1.6,261.13,Wallet,Shared,5.396,2.004
RIDE002331,Carpool,2025-04-22 21:44,2025-04-22 22:43,Adyar,SRM University,59.84,2,1.6,419.29,Wallet,Shared,8.378,3.111
RIDE002332,Private,2025-03-06 00:15,2025-03-06 01:15,Pallavaram,Chengalpattu Bus Stand,54.81,1,,502.83,Card,Standard,10.524,0.0
RIDE002333,Carpool,2025-02-01 02:07,2025-02-01 02:47,Chromepet,Mahindra City,35.95,2,1.5,249.79,Card,Shared,5.033,1.869
RIDE002334,Private,2025-01-10 17:15,2025-01-10 17:52,Velachery,Chengalpattu Bus Stand,36.9,1,,422.79,Wallet,Standard,7.085,0.0
RIDE002335,Carpool,2025-02-27 03:49,2025-02-27 04:34,T Nagar,Chengalpattu Bus Stand,42.85,3,2.5,286.7,Cash,Shared,5.999,2.228
RIDE002336,Carpool,2025-03-13 01:56,2025-03-13 02:43,Adyar,Chengalpattu Bus Stand,45.78,2,1.7,347.18,UPI,Shared,6.409,2.381
RIDE002337,Private,2025-01-21 05:10,2025-01-21 05:47,Perungudi,SRM University,38.31,1,,396.84,Wallet,Standard,7.356,0.0
RIDE002338,Carpool,2025-01-14 22:48,2025-01-15 00:01,Anna Nagar,Chengalpattu Town,58.61,2,1.7,366.26,Card,Shared,8.205,3.048
RIDE002339,Private,2025-01-13 17:53,2025-01-13 18:29,OMR Sholinganallur,Singaperumal Koil,35.87,1,,360.07,UPI,Standard,6.887,0.0
RIDE002340,Carpool,2025-02-25 03:47,2025-02-25 04:51,Perungudi,Chengalpattu Bus Stand,56.19,2,1.9,432.33,Wallet,Shared,7.867,2.921
RIDE002341,Carpool,2025-03-24 00:02,2025-03-24 01:14,Anna Nagar,Chengalpattu Bus Stand,64.24,4,3.4,456.83,Wallet,Shared,8.994,3.34
RIDE002342,Private,2025-02-05 04:35,2025-02-05 05:23,Velachery,Chengalpattu Town,52.01,1,,517.21,Wallet,Standard,9.986,0.0
RIDE002343,Carpool,2025-02-21 00:59,2025-02-21 01:30,Chromepet,Singaperumal Koil,31.81,2,1.7,218.66,Wallet,Shared,4.453,1.655
RIDE002344,Carpool,2025-04-22 17:17,2025-04-22 17:57,Adyar,Singaperumal Koil,32.96,4,4.0,255.5,Card,Shared,4.614,1.714
RIDE002345,Private,2025-04-20 08:59,2025-04-20 09:57,Mylapore,Chengalpattu Town,64.42,1,,691.03,Cash,Standard,12.369,0.0
RIDE002346,Private,2025-04-24 05:12,2025-04-24 06:06,Pallavaram,Chengalpattu Bus Stand,59.25,1,,546.75,UPI,Standard,11.376,0.0
RIDE002347,Carpool,2025-01-08 13:49,2025-01-08 14:24,Guindy,Chengalpattu Bus Stand,34.67,2,1.8,248.15,UPI,Shared,4.854,1.803
RIDE002348,Carpool,2025-03-23 09:28,2025-03-23 10:08,Tambaram,Singaperumal Koil,41.93,4,3.7,296.05,UPI,Shared,5.87,2.181
RIDE002349,Private,2025-01-16 05:51,2025-01-16 06:36,Mylapore,Singaperumal Koil,43.4,1,,480.12,UPI,Standard,8.333,0.0
RIDE002350,Private,2025-01-28 19:51,2025-01-28 20:47,Guindy,Mahindra City,45.27,1,,424.91,Card,Standard,8.692,0.0
RIDE002351,Private,2025-01-28 07:40,2025-01-28 08:26,OMR Sholinganallur,Mahindra City,42.69,1,,433.67,Cash,Standard,8.196,0.0
RIDE002352,Private,2025-04-14 16:20,2025-04-14 16:57,Velachery,Mahindra City,36.91,1,,405.15,Cash,Standard,7.087,0.0
RIDE002353,Carpool,2025-01-07 10:53,2025-01-07 11:36,Mylapore,Singaperumal Koil,41.78,2,1.7,313.37,Wallet,Shared,5.849,2.173
RIDE002354,Private,2025-03-28 00:52,2025-03-28 01:56,Anna Nagar,SRM University,53.41,1,,553.95,Card,Standard,10.255,0.0
RIDE002355,Carpool,2025-01-25 12:59,2025-01-25 13:40,Adyar,Mahindra City,38.21,4,3.6,263.99,Wallet,Shared,5.349,1.987
RIDE002356,Carpool,2025-01-24 21:18,2025-01-24 21:55,OMR Sholinganallur,Singaperumal Koil,31.3,3,2.6,204.46,UPI,Shared,4.382,1.628
RIDE002357,Private,2025-03-18 03:05,2025-03-18 04:11,Mylapore,Chengalpattu Town,62.93,1,,623.19,UPI,Standard,12.083,0.0
RIDE002358,Private,2025-01-02 09:27,2025-01-02 10:33,Pallavaram,Mahindra City,61.8,1,,588.59,Cash,Standard,11.866,0.0
RIDE002359,Carpool,2025-01-31 10:42,2025-01-31 11:48,Guindy,Chengalpattu Town,56.17,3,2.6,423.9,Card,Shared,7.864,2.921
RIDE002360,Private,2025-02-24 18:09,2025-02-24 19:12,Mylapore,Chengalpattu Town,58.05,1,,532.88,UPI,Standard,11.146,0.0
RIDE002361,Carpool,2025-01-14 02:28,2025-01-14 03:15,Perungudi,Chengalpattu Bus Stand,41.77,2,1.4,263.97,UPI,Shared,5.848,2.172
RIDE002362,Carpool,2025-04-17 19:57,2025-04-17 20:49,Mylapore,Chengalpattu Town,55.29,2,1.8,391.49,UPI,Shared,7.741,2.875
RIDE002363,Carpool,2025-02-18 23:44,2025-02-19 00:31,Guindy,Singaperumal Koil,43.22,4,3.5,296.6,Card,Shared,6.051,2.247
RIDE002364,Carpool,2025-04-28 09:14,2025-04-28 09:46,Tambaram,SRM University,30.36,3,2.8,233.98,UPI,Shared,4.25,1.579
RIDE002365,Carpool,2025-01-30 15:22,2025-01-30 15:59,Adyar,Mahindra City,37.61,4,3.5,276.95,Card,Shared,5.265,1.956
RIDE002366,Carpool,2025-04-20 07:10,2025-04-20 07:54,OMR Sholinganallur,Mahindra City,41.88,4,3.7,300.81,Cash,Shared,5.863,2.178
RIDE002367,Carpool,2025-03-31 02:48,2025-03-31 04:02,Adyar,Mahindra City,64.54,3,2.5,458.54,UPI,Shared,9.036,3.356
RIDE002368,Private,2025-03-25 04:18,2025-03-25 05:26,Perungudi,Singaperumal Koil,58.53,1,,609.57,Wallet,Standard,11.238,0.0
RIDE002369,Carpool,2025-02-09 15:15,2025-02-09 16:31,OMR Sholinganallur,SRM University,64.88,3,2.6,469.03,Card,Shared,9.083,3.374
RIDE002370,Carpool,2025-02-19 19:58,2025-02-19 20:49,Tambaram,SRM University,47.75,4,3.5,315.77,Wallet,Shared,6.685,2.483
RIDE002371,Carpool,2025-03-26 15:46,2025-03-26 16:36,T Nagar,Mahindra City,50.84,4,3.6,329.01,Wallet,Shared,7.118,2.643
RIDE002372,Private,2025-03-24 23:15,2025-03-24 23:47,Perungudi,Chengalpattu Town,33.75,1,,366.36,Card,Standard,6.48,0.0
RIDE002373,Carpool,2025-03-11 01:43,2025-03-11 02:46,Chromepet,Singaperumal Koil,59.47,3,2.8,356.98,Cash,Shared,8.326,3.092
RIDE002374,Private,2025-04-07 21:10,2025-04-07 22:09,Tambaram,Chengalpattu Town,52.58,1,,506.96,Wallet,Standard,10.095,0.0
RIDE002375,Carpool,2025-04-16 02:18,2025-04-16 02:50,Tambaram,SRM University,33.51,3,2.8,218.78,Wallet,Shared,4.691,1.743
RIDE002376,Private,2025-03-16 23:50,2025-03-17 00:46,OMR Sholinganallur,Mahindra City,62.72,1,,601.41,UPI,Standard,12.042,0.0
RIDE002377,Private,2025-01-07 01:59,2025-01-07 03:06,OMR Sholinganallur,Chengalpattu Bus Stand,63.41,1,,621.15,UPI,Standard,12.175,0.0
RIDE002378,Carpool,2025-04-13 18:17,2025-04-13 19:13,OMR Sholinganallur,SRM University,49.29,3,3.0,296.98,UPI,Shared,6.901,2.563
RIDE002379,Carpool,2025-04-19 12:03,2025-04-19 12:51,Mylapore,Mahindra City,53.51,2,1.6,392.95,Wallet,Shared,7.491,2.783
RIDE002380,Carpool,2025-03-18 14:41,2025-03-18 15:45,Chromepet,Singaperumal Koil,51.82,3,2.9,327.34,Wallet,Shared,7.255,2.694
RIDE002381,Private,2025-03-04 14:48,2025-03-04 16:01,Adyar,Mahindra City,63.76,1,,697.86,Card,Standard,12.242,0.0
RIDE002382,Private,2025-04-20 05:42,2025-04-20 06:45,Adyar,Chengalpattu Town,60.47,1,,686.24,Card,Standard,11.61,0.0
RIDE002383,Private,2025-02-04 23:00,2025-02-04 23:52,OMR Sholinganallur,Chengalpattu Town,43.66,1,,469.97,Cash,Standard,8.383,0.0
RIDE002384,Private,2025-01-05 18:13,2025-01-05 19:05,OMR Sholinganallur,Mahindra City,47.69,1,,473.59,UPI,Standard,9.156,0.0
RIDE002385,Private,2025-01-13 13:12,2025-01-13 14:23,Anna Nagar,Mahindra City,57.35,1,,659.01,Wallet,Standard,11.011,0.0
RIDE002386,Carpool,2025-03-06 03:19,2025-03-06 04:11,Chromepet,Mahindra City,42.72,2,1.5,288.28,UPI,Shared,5.981,2.221
RIDE002387,Carpool,2025-03-08 01:48,2025-03-08 02:17,Velachery,Chengalpattu Town,31.27,2,1.8,219.22,Cash,Shared,4.378,1.626
RIDE002388,Carpool,2025-01-05 15:19,2025-01-05 15:48,Adyar,Singaperumal Koil,31.47,4,3.8,197.24,Card,Shared,4.406,1.636
RIDE002389,Private,2025-03-27 04:32,2025-03-27 05:29,Anna Nagar,Chengalpattu Town,46.62,1,,463.32,Cash,Standard,8.951,0.0
RIDE002390,Carpool,2025-01-16 09:47,2025-01-16 10:53,Mylapore,Chengalpattu Bus Stand,57.4,4,4.0,440.01,Cash,Shared,8.036,2.985
RIDE002391,Carpool,2025-02-27 07:56,2025-02-27 08:38,Velachery,Chengalpattu Bus Stand,35.45,3,3.0,250.4,UPI,Shared,4.963,1.843
RIDE002392,Carpool,2025-04-15 00:23,2025-04-15 01:26,Adyar,SRM University,52.45,3,2.8,403.74,Card,Shared,7.343,2.727
RIDE002393,Private,2025-04-30 19:31,2025-04-30 20:24,Guindy,SRM University,46.82,1,,482.79,Card,Standard,8.989,0.0
RIDE002394,Carpool,2025-01-04 19:55,2025-01-04 20:56,Guindy,Singaperumal Koil,62.36,2,1.7,424.6,Wallet,Shared,8.73,3.243
RIDE002395,Private,2025-01-16 07:41,2025-01-16 08:18,Anna Nagar,Singaperumal Koil,31.74,1,,290.82,UPI,Standard,6.094,0.0
RIDE002396,Private,2025-01-10 13:09,2025-01-10 14:19,Anna Nagar,Mahindra City,58.25,1,,652.29,Wallet,Standard,11.184,0.0
RIDE002397,Carpool,2025-04-29 18:32,2025-04-29 19:21,Adyar,Mahindra City,44.35,4,3.9,279.78,Wallet,Shared,6.209,2.306
RIDE002398,Carpool,2025-03-15 21:08,2025-03-15 22:07,OMR Sholinganallur,Chengalpattu Town,54.42,3,2.6,413.67,Card,Shared,7.619,2.83
RIDE002399,Carpool,2025-04-25 00:37,2025-04-25 01:16,Adyar,Singaperumal Koil,32.05,2,1.9,217.26,Cash,Shared,4.487,1.667
RIDE002400,Private,2025-03-12 00:25,2025-03-12 01:16,Pallavaram,Chengalpattu Town,54.51,1,,569.41,UPI,Standard,10.466,0.0
RIDE002401,Private,2025-03-22 18:36,2025-03-22 19:38,Tambaram,Singaperumal Koil,64.37,1,,702.15,Cash,Standard,12.359,0.0
RIDE002402,Carpool,2025-02-09 03:29,2025-02-09 04:38,T Nagar,SRM University,58.84,3,2.8,457.36,UPI,Shared,8.238,3.059
RIDE002403,Private,2025-02-17 19:51,2025-02-17 20:52,Perungudi,SRM University,59.86,1,,621.79,Wallet,Standard,11.493,0.0
RIDE002404,Private,2025-02-06 12:40,2025-02-06 13:07,Tambaram,Singaperumal Koil,30.33,1,,313.24,UPI,Standard,5.823,0.0
RIDE002405,Carpool,2025-02-15 04:17,2025-02-15 05:14,Anna Nagar,SRM University,49.9,2,1.8,388.06,Card,Shared,6.986,2.595
RIDE002406,Carpool,2025-04-17 14:48,2025-04-17 15:54,T Nagar,Chengalpattu Town,55.02,4,3.7,398.07,UPI,Shared,7.703,2.861
RIDE002407,Carpool,2025-01-18 04:11,2025-01-18 04:55,Guindy,Mahindra City,47.64,4,4.0,326.72,Wallet,Shared,6.67,2.477
RIDE002408,Carpool,2025-03-15 01:35,2025-03-15 02:10,Anna Nagar,Mahindra City,38.09,3,2.7,267.76,Cash,Shared,5.333,1.98
RIDE002409,Private,2025-02-08 02:01,2025-02-08 02:44,Pallavaram,Chengalpattu Town,45.34,1,,437.43,UPI,Standard,8.705,0.0
RIDE002410,Private,2025-04-16 18:20,2025-04-16 19:00,Pallavaram,SRM University,41.45,1,,395.0,Wallet,Standard,7.958,0.0
RIDE002411,Private,2025-04-08 05:10,2025-04-08 05:37,Tambaram,Chengalpattu Bus Stand,30.34,1,,293.11,UPI,Standard,5.825,0.0
RIDE002412,Private,2025-01-29 21:09,2025-01-29 22:01,Mylapore,Chengalpattu Bus Stand,52.12,1,,491.2,UPI,Standard,10.007,0.0
RIDE002413,Private,2025-01-03 13:11,2025-01-03 14:07,Adyar,SRM University,46.49,1,,422.91,Wallet,Standard,8.926,0.0
RIDE002414,Private,2025-03-20 03:32,2025-03-20 04:14,Guindy,SRM University,40.8,1,,403.61,Cash,Standard,7.834,0.0
RIDE002415,Carpool,2025-03-24 07:47,2025-03-24 08:36,Guindy,Chengalpattu Town,40.37,2,1.9,245.29,Card,Shared,5.652,2.099
RIDE002416,Carpool,2025-04-30 13:17,2025-04-30 13:47,Mylapore,Chengalpattu Town,31.42,2,1.7,237.61,Card,Shared,4.399,1.634
RIDE002417,Private,2025-03-26 17:30,2025-03-26 18:31,Guindy,Chengalpattu Town,51.14,1,,466.04,Cash,Standard,9.819,0.0
RIDE002418,Private,2025-03-08 05:36,2025-03-08 06:28,T Nagar,Mahindra City,44.69,1,,499.36,UPI,Standard,8.58,0.0
RIDE002419,Private,2025-02-12 06:34,2025-02-12 07:47,Anna Nagar,Chengalpattu Town,58.6,1,,656.21,Card,Standard,11.251,0.0
RIDE002420,Carpool,2025-04-12 20:29,2025-04-12 21:17,Adyar,Singaperumal Koil,42.34,2,1.9,260.13,Cash,Shared,5.928,2.201
RIDE002421,Carpool,2025-01-14 07:15,2025-01-14 08:26,Velachery,Chengalpattu Town,58.57,2,1.9,375.38,UPI,Shared,8.2,3.045
RIDE002422,Carpool,2025-04-27 18:11,2025-04-27 19:29,Velachery,Mahindra City,62.62,3,2.5,461.26,UPI,Shared,8.767,3.256
RIDE002423,Carpool,2025-03-19 12:32,2025-03-19 13:34,Guindy,SRM University,55.2,4,3.8,424.95,Cash,Shared,7.728,2.87
RIDE002424,Carpool,2025-04-06 04:55,2025-04-06 06:08,Adyar,Chengalpattu Bus Stand,60.26,4,3.4,403.39,Card,Shared,8.436,3.134
RIDE002425,Carpool,2025-03-09 13:31,2025-03-09 14:24,Pallavaram,Chengalpattu Bus Stand,55.95,3,2.4,394.93,Cash,Shared,7.833,2.909
RIDE002426,Carpool,2025-03-04 04:23,2025-03-04 05:11,Guindy,Chengalpattu Town,42.93,3,2.8,333.74,Wallet,Shared,6.01,2.233
RIDE002427,Private,2025-01-02 03:17,2025-01-02 04:34,Chromepet,Mahindra City,64.81,1,,691.74,UPI,Standard,12.444,0.0
RIDE002428,Private,2025-02-17 07:03,2025-02-17 07:44,Anna Nagar,Mahindra City,34.41,1,,372.04,Card,Standard,6.607,0.0
RIDE002429,Private,2025-03-19 04:39,2025-03-19 05:31,Pallavaram,Chengalpattu Town,52.61,1,,547.43,Card,Standard,10.101,0.0
RIDE002430,Private,2025-01-23 12:02,2025-01-23 12:59,OMR Sholinganallur,SRM University,55.41,1,,499.49,Wallet,Standard,10.639,0.0
RIDE002431,Carpool,2025-04-23 02:10,2025-04-23 02:54,Anna Nagar,Chengalpattu Bus Stand,43.25,3,2.8,262.44,UPI,Shared,6.055,2.249
RIDE002432,Private,2025-01-13 09:37,2025-01-13 10:39,Perungudi,Singaperumal Koil,57.84,1,,663.51,UPI,Standard,11.105,0.0
RIDE002433,Carpool,2025-01-31 15:52,2025-01-31 16:37,Pallavaram,Singaperumal Koil,39.43,3,2.4,293.66,Card,Shared,5.52,2.051
RIDE002434,Carpool,2025-02-08 05:32,2025-02-08 06:15,T Nagar,Mahindra City,45.33,3,2.6,314.67,Card,Shared,6.346,2.357
RIDE002435,Carpool,2025-04-21 00:01,2025-04-21 00:50,Mylapore,SRM University,42.99,2,2.0,282.2,Cash,Shared,6.019,2.235
RIDE002436,Private,2025-01-05 07:42,2025-01-05 08:28,Guindy,Mahindra City,45.09,1,,499.11,Cash,Standard,8.657,0.0
RIDE002437,Private,2025-01-04 16:14,2025-01-04 16:46,OMR Sholinganallur,SRM University,31.84,1,,299.92,Card,Standard,6.113,0.0
RIDE002438,Private,2025-04-19 17:26,2025-04-19 17:58,Pallavaram,SRM University,30.14,1,,344.78,Wallet,Standard,5.787,0.0
RIDE002439,Carpool,2025-04-14 22:39,2025-04-14 23:20,Pallavaram,Chengalpattu Bus Stand,39.4,4,3.7,248.56,Card,Shared,5.516,2.049
RIDE002440,Carpool,2025-04-22 02:11,2025-04-22 02:57,Chromepet,Singaperumal Koil,47.58,3,2.9,319.98,UPI,Shared,6.661,2.474
RIDE002441,Carpool,2025-02-28 06:44,2025-02-28 07:24,Chromepet,Singaperumal Koil,38.23,4,3.6,267.59,Card,Shared,5.352,1.988
RIDE002442,Carpool,2025-02-10 03:56,2025-02-10 04:26,Mylapore,Chengalpattu Town,33.85,3,3.0,205.68,UPI,Shared,4.739,1.76
RIDE002443,Carpool,2025-03-19 19:22,2025-03-19 20:03,Mylapore,Chengalpattu Town,37.16,4,3.6,271.59,UPI,Shared,5.202,1.933
RIDE002444,Carpool,2025-03-25 09:26,2025-03-25 10:08,Anna Nagar,SRM University,42.51,3,2.7,298.85,Wallet,Shared,5.951,2.211
RIDE002445,Carpool,2025-02-23 22:03,2025-02-23 22:36,OMR Sholinganallur,Chengalpattu Town,31.91,2,1.5,199.31,UPI,Shared,4.467,1.66
RIDE002446,Carpool,2025-04-25 03:38,2025-04-25 04:08,T Nagar,SRM University,33.75,4,3.4,229.67,Card,Shared,4.725,1.755
RIDE002447,Carpool,2025-02-11 00:17,2025-02-11 00:56,Tambaram,Chengalpattu Town,39.25,2,2.0,250.51,UPI,Shared,5.495,2.041
RIDE002448,Carpool,2025-02-20 17:06,2025-02-20 17:50,Guindy,SRM University,37.1,3,2.9,266.05,UPI,Shared,5.194,1.929
RIDE002449,Carpool,2025-04-02 01:49,2025-04-02 03:00,OMR Sholinganallur,Singaperumal Koil,64.94,2,1.9,428.27,Cash,Shared,9.092,3.376
RIDE002450,Carpool,2025-03-05 10:22,2025-03-05 11:42,Tambaram,Chengalpattu Bus Stand,64.93,2,1.6,396.93,Wallet,Shared,9.09,3.377
RIDE002451,Private,2025-03-19 08:37,2025-03-19 09:39,Guindy,Chengalpattu Bus Stand,55.51,1,,589.28,Wallet,Standard,10.658,0.0
RIDE002452,Private,2025-04-16 18:35,2025-04-16 19:24,Guindy,Chengalpattu Town,40.46,1,,401.49,Card,Standard,7.768,0.0
RIDE002453,Private,2025-02-05 09:37,2025-02-05 10:23,T Nagar,Mahindra City,39.2,1,,423.94,Cash,Standard,7.526,0.0
RIDE002454,Private,2025-04-18 06:36,2025-04-18 07:27,T Nagar,Chengalpattu Bus Stand,48.8,1,,500.89,Card,Standard,9.37,0.0
RIDE002455,Private,2025-01-09 01:48,2025-01-09 02:23,Guindy,Mahindra City,34.63,1,,349.79,UPI,Standard,6.649,0.0
RIDE002456,Private,2025-01-23 15:13,2025-01-23 15:44,Pallavaram,Mahindra City,32.67,1,,372.85,Cash,Standard,6.273,0.0
RIDE002457,Private,2025-02-16 19:19,2025-02-16 20:09,Tambaram,Chengalpattu Town,51.21,1,,501.5,UPI,Standard,9.832,0.0
RIDE002458,Carpool,2025-03-11 21:43,2025-03-11 22:36,Pallavaram,Mahindra City,44.68,3,2.7,289.38,Wallet,Shared,6.255,2.324
RIDE002459,Carpool,2025-01-13 10:10,2025-01-13 10:44,Velachery,Chengalpattu Bus Stand,31.17,3,2.4,235.49,UPI,Shared,4.364,1.621
RIDE002460,Private,2025-03-01 07:41,2025-03-01 08:11,OMR Sholinganallur,Singaperumal Koil,33.66,1,,349.76,Card,Standard,6.463,0.0
RIDE002461,Private,2025-03-03 07:21,2025-03-03 08:19,Adyar,SRM University,63.38,1,,716.04,Cash,Standard,12.169,0.0
RIDE002462,Carpool,2025-01-05 13:05,2025-01-05 13:52,Chromepet,Chengalpattu Town,43.41,3,2.5,309.77,Card,Shared,6.077,2.258
RIDE002463,Carpool,2025-04-07 17:51,2025-04-07 18:33,Tambaram,Mahindra City,37.21,3,2.8,254.0,Cash,Shared,5.209,1.935
RIDE002464,Private,2025-03-11 18:26,2025-03-11 19:18,Chromepet,SRM University,51.86,1,,582.28,Card,Standard,9.957,0.0
RIDE002465,Carpool,2025-01-23 23:41,2025-01-24 00:28,Adyar,Chengalpattu Town,38.99,2,1.7,245.44,Card,Shared,5.459,2.027
RIDE002466,Private,2025-01-15 16:01,2025-01-15 17:02,Guindy,Chengalpattu Town,56.85,1,,595.79,Card,Standard,10.915,0.0
RIDE002467,Private,2025-01-07 10:05,2025-01-07 10:49,Anna Nagar,Chengalpattu Bus Stand,37.85,1,,432.18,Card,Standard,7.267,0.0
RIDE002468,Private,2025-03-04 03:02,2025-03-04 03:47,OMR Sholinganallur,Mahindra City,49.2,1,,565.23,UPI,Standard,9.446,0.0
RIDE002469,Carpool,2025-01-11 11:25,2025-01-11 12:17,Adyar,Singaperumal Koil,55.22,3,2.7,409.32,Card,Shared,7.731,2.871
RIDE002470,Carpool,2025-01-24 08:59,2025-01-24 10:02,T Nagar,Mahindra City,55.13,2,1.8,406.96,Cash,Shared,7.718,2.867
RIDE002471,Carpool,2025-03-13 17:13,2025-03-13 18:15,OMR Sholinganallur,Chengalpattu Town,55.61,3,2.5,348.71,UPI,Shared,7.785,2.892
RIDE002472,Private,2025-03-06 12:50,2025-03-06 13:37,T Nagar,SRM University,49.93,1,,455.88,Cash,Standard,9.587,0.0
RIDE002473,Carpool,2025-03-01 21:26,2025-03-01 22:18,Adyar,Chengalpattu Town,44.89,4,3.6,312.57,Cash,Shared,6.285,2.334
RIDE002474,Private,2025-02-28 10:02,2025-02-28 10:42,OMR Sholinganallur,Mahindra City,40.24,1,,434.46,Wallet,Standard,7.726,0.0
RIDE002475,Private,2025-02-27 20:06,2025-02-27 21:06,OMR Sholinganallur,Mahindra City,54.48,1,,516.41,Card,Standard,10.46,0.0
RIDE002476,Carpool,2025-01-17 04:32,2025-01-17 05:19,Adyar,Singaperumal Koil,45.6,3,2.5,337.2,Wallet,Shared,6.384,2.371
RIDE002477,Private,2025-01-13 13:24,2025-01-13 13:58,Guindy,Chengalpattu Town,31.15,1,,309.11,Card,Standard,5.981,0.0
RIDE002478,Carpool,2025-04-06 23:32,2025-04-07 00:19,OMR Sholinganallur,Chengalpattu Town,42.4,3,2.6,326.19,Card,Shared,5.936,2.205
RIDE002479,Private,2025-02-25 21:29,2025-02-25 22:08,Tambaram,Mahindra City,36.43,1,,413.87,Cash,Standard,6.995,0.0
RIDE002480,Carpool,2025-01-08 08:23,2025-01-08 09:00,OMR Sholinganallur,Singaperumal Koil,41.0,2,1.9,257.9,UPI,Shared,5.74,2.132
RIDE002481,Private,2025-03-24 18:23,2025-03-24 19:16,Adyar,SRM University,43.99,1,,469.84,Wallet,Standard,8.446,0.0
RIDE002482,Carpool,2025-01-31 19:11,2025-01-31 20:20,Velachery,Singaperumal Koil,63.18,2,1.8,448.33,Wallet,Shared,8.845,3.286
RIDE002483,Carpool,2025-04-30 21:04,2025-04-30 21:43,T Nagar,Chengalpattu Town,42.8,4,3.4,299.25,UPI,Shared,5.992,2.226
RIDE002484,Private,2025-02-07 02:03,2025-02-07 02:47,OMR Sholinganallur,Chengalpattu Town,35.99,1,,336.09,Cash,Standard,6.91,0.0
RIDE002485,Carpool,2025-01-26 06:30,2025-01-26 07:08,Velachery,Chengalpattu Bus Stand,33.44,4,3.6,238.74,Wallet,Shared,4.682,1.738
RIDE002486,Carpool,2025-01-07 04:36,2025-01-07 05:29,Adyar,Singaperumal Koil,54.73,2,1.7,373.18,Card,Shared,7.662,2.846
RIDE002487,Carpool,2025-01-22 15:38,2025-01-22 16:11,Mylapore,Singaperumal Koil,31.68,3,2.9,190.25,Card,Shared,4.435,1.648
RIDE002488,Carpool,2025-01-17 17:48,2025-01-17 18:40,Mylapore,Mahindra City,54.09,2,1.6,415.96,UPI,Shared,7.573,2.812
RIDE002489,Carpool,2025-02-04 18:30,2025-02-04 19:26,Anna Nagar,Chengalpattu Bus Stand,60.87,3,2.5,388.66,Wallet,Shared,8.522,3.165
RIDE002490,Private,2025-04-01 14:52,2025-04-01 15:54,OMR Sholinganallur,SRM University,58.42,1,,531.83,Cash,Standard,11.217,0.0
RIDE002491,Carpool,2025-04-07 22:07,2025-04-07 22:55,Pallavaram,SRM University,50.35,2,1.7,347.78,UPI,Shared,7.049,2.618
RIDE002492,Carpool,2025-03-28 10:46,2025-03-28 11:37,Perungudi,Mahindra City,51.03,4,3.7,366.0,Wallet,Shared,7.144,2.654
RIDE002493,Private,2025-01-19 13:09,2025-01-19 14:17,Pallavaram,Chengalpattu Town,59.52,1,,590.35,Cash,Standard,11.428,0.0
RIDE002494,Carpool,2025-02-15 08:32,2025-02-15 09:29,Adyar,Mahindra City,60.64,4,3.7,394.7,Card,Shared,8.49,3.153
RIDE002495,Carpool,2025-04-13 21:59,2025-04-13 23:07,Guindy,Chengalpattu Bus Stand,62.93,4,3.8,446.44,Wallet,Shared,8.81,3.273
RIDE002496,Private,2025-03-06 22:22,2025-03-06 23:26,Guindy,Chengalpattu Bus Stand,61.95,1,,565.74,Cash,Standard,11.894,0.0
RIDE002497,Private,2025-03-03 22:02,2025-03-03 22:58,Tambaram,Mahindra City,48.7,1,,538.64,Cash,Standard,9.35,0.0
RIDE002498,Carpool,2025-03-29 16:15,2025-03-29 17:04,OMR Sholinganallur,Chengalpattu Town,45.67,2,1.5,349.27,Card,Shared,6.394,2.375
RIDE002499,Private,2025-03-05 14:07,2025-03-05 15:10,Chromepet,SRM University,57.27,1,,655.89,Cash,Standard,10.996,0.0
RIDE002500,Carpool,2025-03-30 10:41,2025-03-30 11:29,Pallavaram,Singaperumal Koil,45.72,2,2.0,307.44,Card,Shared,6.401,2.377
RIDE002501,Private,2025-02-13 09:41,2025-02-13 10:31,Velachery,Singaperumal Koil,41.62,1,,447.11,Card,Standard,7.991,0.0
RIDE002502,Carpool,2025-02-03 23:32,2025-02-04 00:43,OMR Sholinganallur,Mahindra City,57.69,2,1.5,359.62,Cash,Shared,8.077,2.999
RIDE002503,Private,2025-04-29 00:20,2025-04-29 01:15,Velachery,Chengalpattu Town,48.56,1,,515.41,Card,Standard,9.324,0.0
RIDE002504,Private,2025-01-31 14:41,2025-01-31 15:35,Adyar,Chengalpattu Town,57.35,1,,608.49,Cash,Standard,11.011,0.0
RIDE002505,Private,2025-02-22 09:51,2025-02-22 10:41,Velachery,Chengalpattu Bus Stand,52.32,1,,566.41,Cash,Standard,10.045,0.0
RIDE002506,Carpool,2025-03-18 11:14,2025-03-18 12:01,Velachery,Chengalpattu Bus Stand,39.79,2,1.6,303.79,Card,Shared,5.571,2.069
RIDE002507,Carpool,2025-02-02 06:58,2025-02-02 07:54,OMR Sholinganallur,Singaperumal Koil,53.43,2,2.0,349.83,UPI,Shared,7.48,2.779
RIDE002508,Carpool,2025-03-26 22:23,2025-03-26 23:25,Tambaram,Singaperumal Koil,52.62,3,2.9,322.75,Card,Shared,7.367,2.736
RIDE002509,Private,2025-02-10 02:49,2025-02-10 03:49,T Nagar,Chengalpattu Town,62.67,1,,708.99,Wallet,Standard,12.033,0.0
RIDE002510,Carpool,2025-02-20 21:02,2025-02-20 21:40,Tambaram,Chengalpattu Bus Stand,32.58,3,2.5,198.92,Card,Shared,4.561,1.694
RIDE002511,Carpool,2025-01-23 07:44,2025-01-23 08:21,Guindy,Singaperumal Koil,36.86,3,2.9,233.69,Wallet,Shared,5.16,1.917
RIDE002512,Carpool,2025-02-13 02:44,2025-02-13 03:38,Velachery,Chengalpattu Bus Stand,57.59,4,3.7,415.71,Cash,Shared,8.063,2.994
RIDE002513,Private,2025-02-26 08:59,2025-02-26 09:52,Anna Nagar,Chengalpattu Bus Stand,51.19,1,,509.42,Card,Standard,9.828,0.0
RIDE002514,Private,2025-03-11 19:38,2025-03-11 20:51,Tambaram,Singaperumal Koil,62.99,1,,604.07,Card,Standard,12.094,0.0
RIDE002515,Private,2025-01-13 18:13,2025-01-13 19:16,Anna Nagar,SRM University,58.72,1,,532.65,Cash,Standard,11.274,0.0
RIDE002516,Carpool,2025-01-15 21:34,2025-01-15 22:22,Tambaram,Chengalpattu Town,51.21,3,2.6,373.86,Card,Shared,7.169,2.663
RIDE002517,Carpool,2025-03-11 23:12,2025-03-11 23:46,Velachery,SRM University,36.81,3,3.0,231.74,Cash,Shared,5.153,1.915
RIDE002518,Private,2025-03-08 21:18,2025-03-08 22:20,Adyar,Chengalpattu Town,60.58,1,,656.16,UPI,Standard,11.631,0.0
RIDE002519,Carpool,2025-04-19 11:40,2025-04-19 12:15,Tambaram,Chengalpattu Bus Stand,33.42,3,2.8,209.09,Card,Shared,4.679,1.738
RIDE002520,Private,2025-03-03 07:45,2025-03-03 08:18,Tambaram,Chengalpattu Bus Stand,31.08,1,,309.06,Wallet,Standard,5.967,0.0
RIDE002521,Carpool,2025-01-23 17:36,2025-01-23 18:12,Tambaram,Chengalpattu Town,32.53,2,1.9,196.73,Card,Shared,4.554,1.692
RIDE002522,Private,2025-03-05 04:52,2025-03-05 05:59,OMR Sholinganallur,Chengalpattu Town,54.42,1,,595.99,Cash,Standard,10.449,0.0
RIDE002523,Private,2025-04-22 10:51,2025-04-22 11:41,OMR Sholinganallur,Mahindra City,50.08,1,,459.21,Wallet,Standard,9.615,0.0
RIDE002524,Carpool,2025-04-13 08:09,2025-04-13 09:03,Pallavaram,Mahindra City,51.5,3,2.5,354.9,Card,Shared,7.21,2.678
RIDE002525,Private,2025-04-18 09:11,2025-04-18 09:44,OMR Sholinganallur,Singaperumal Koil,36.27,1,,332.54,UPI,Standard,6.964,0.0
RIDE002526,Private,2025-04-14 07:04,2025-04-14 08:07,Pallavaram,SRM University,51.92,1,,491.42,Cash,Standard,9.969,0.0
RIDE002527,Private,2025-03-07 17:51,2025-03-07 18:58,Guindy,Mahindra City,54.02,1,,557.96,Card,Standard,10.372,0.0
RIDE002528,Carpool,2025-04-07 02:04,2025-04-07 02:41,Velachery,Singaperumal Koil,32.62,3,2.4,231.88,Card,Shared,4.567,1.696
RIDE002529,Carpool,2025-02-19 13:35,2025-02-19 14:16,Perungudi,Singaperumal Koil,34.3,4,3.5,220.33,UPI,Shared,4.802,1.784
RIDE002530,Private,2025-03-10 23:12,2025-03-11 00:18,Perungudi,SRM University,56.61,1,,580.12,Card,Standard,10.869,0.0
RIDE002531,Carpool,2025-02-16 08:11,2025-02-16 09:15,Tambaram,Singaperumal Koil,53.47,3,2.7,340.06,Cash,Shared,7.486,2.78
RIDE002532,Private,2025-02-18 23:48,2025-02-19 00:50,Guindy,Chengalpattu Bus Stand,52.84,1,,568.03,Cash,Standard,10.145,0.0
RIDE002533,Carpool,2025-02-20 22:29,2025-02-20 23:26,Velachery,Chengalpattu Town,47.77,2,1.8,339.03,Wallet,Shared,6.688,2.484
RIDE002534,Carpool,2025-04-21 08:03,2025-04-21 08:59,Guindy,SRM University,45.32,4,3.9,288.34,Cash,Shared,6.345,2.356
RIDE002535,Private,2025-01-29 23:34,2025-01-30 00:17,Pallavaram,SRM University,44.65,1,,404.32,Card,Standard,8.573,0.0
RIDE002536,Carpool,2025-02-04 04:09,2025-02-04 04:57,Velachery,Mahindra City,39.77,2,2.0,289.61,Cash,Shared,5.568,2.068
RIDE002537,Carpool,2025-03-12 07:32,2025-03-12 08:34,Mylapore,SRM University,53.94,2,1.8,331.19,UPI,Shared,7.552,2.804
RIDE002538,Private,2025-04-02 10:25,2025-04-02 11:20,T Nagar,Chengalpattu Bus Stand,55.01,1,,607.71,Wallet,Standard,10.562,0.0
RIDE002539,Carpool,2025-03-19 18:28,2025-03-19 19:29,T Nagar,Chengalpattu Town,59.26,3,3.0,405.82,UPI,Shared,8.296,3.082
RIDE002540,Private,2025-04-04 06:05,2025-04-04 07:17,OMR Sholinganallur,Mahindra City,63.39,1,,717.23,Card,Standard,12.171,0.0
RIDE002541,Carpool,2025-03-27 22:33,2025-03-27 23:13,T Nagar,Chengalpattu Town,36.64,2,1.9,247.77,UPI,Shared,5.13,1.905
RIDE002542,Carpool,2025-02-19 13:40,2025-02-19 14:24,Mylapore,Mahindra City,37.83,3,2.5,236.64,Wallet,Shared,5.296,1.967
RIDE002543,Carpool,2025-03-24 21:03,2025-03-24 22:02,Perungudi,SRM University,56.35,3,2.9,412.64,Card,Shared,7.889,2.93
RIDE002544,Carpool,2025-02-12 22:01,2025-02-12 22:33,Anna Nagar,Singaperumal Koil,32.85,2,1.5,233.31,Cash,Shared,4.599,1.708
RIDE002545,Carpool,2025-03-03 01:51,2025-03-03 02:29,T Nagar,Singaperumal Koil,37.37,2,1.9,237.27,Cash,Shared,5.232,1.943
RIDE002546,Carpool,2025-03-18 08:13,2025-03-18 08:45,Velachery,Chengalpattu Bus Stand,35.06,3,3.0,264.84,Cash,Shared,4.908,1.824
RIDE002547,Carpool,2025-01-18 02:36,2025-01-18 03:48,Perungudi,Chengalpattu Town,61.29,2,1.9,388.32,UPI,Shared,8.581,3.187
RIDE002548,Carpool,2025-01-24 13:08,2025-01-24 13:47,Adyar,Chengalpattu Bus Stand,34.15,3,2.8,223.71,Card,Shared,4.781,1.776
RIDE002549,Carpool,2025-02-02 21:32,2025-02-02 22:17,Velachery,Chengalpattu Town,40.45,2,1.7,271.27,UPI,Shared,5.663,2.103
RIDE002550,Carpool,2025-01-13 13:52,2025-01-13 14:29,Pallavaram,SRM University,35.09,4,3.4,258.04,Cash,Shared,4.913,1.824
RIDE002551,Carpool,2025-01-18 07:46,2025-01-18 08:25,Tambaram,Chengalpattu Town,42.56,2,1.5,309.74,UPI,Shared,5.958,2.214
RIDE002552,Private,2025-01-22 06:07,2025-01-22 07:22,Tambaram,Chengalpattu Town,64.48,1,,651.8,Wallet,Standard,12.38,0.0
RIDE002553,Private,2025-01-15 04:23,2025-01-15 05:25,T Nagar,Chengalpattu Bus Stand,53.11,1,,487.75,Cash,Standard,10.197,0.0
RIDE002554,Private,2025-01-01 18:47,2025-01-01 19:18,Perungudi,Mahindra City,30.36,1,,280.6,UPI,Standard,5.829,0.0
RIDE002555,Private,2025-02-21 09:58,2025-02-21 10:44,Velachery,Chengalpattu Bus Stand,40.4,1,,401.9,UPI,Standard,7.757,0.0
RIDE002556,Carpool,2025-01-09 03:17,2025-01-09 04:15,Perungudi,Chengalpattu Bus Stand,57.16,3,2.7,412.65,UPI,Shared,8.002,2.973
RIDE002557,Carpool,2025-02-07 04:54,2025-02-07 05:47,Tambaram,SRM University,44.85,2,1.6,282.7,UPI,Shared,6.279,2.332
RIDE002558,Private,2025-04-16 04:44,2025-04-16 05:40,Anna Nagar,SRM University,54.34,1,,613.27,Wallet,Standard,10.433,0.0
RIDE002559,Private,2025-03-03 16:07,2025-03-03 16:48,Adyar,Chengalpattu Town,37.14,1,,349.99,UPI,Standard,7.131,0.0
RIDE002560,Private,2025-02-26 23:54,2025-02-27 00:31,OMR Sholinganallur,Chengalpattu Bus Stand,37.53,1,,353.67,Card,Standard,7.206,0.0
RIDE002561,Carpool,2025-04-23 08:29,2025-04-23 09:06,Adyar,Chengalpattu Bus Stand,38.27,3,2.5,286.96,UPI,Shared,5.358,1.99
RIDE002562,Carpool,2025-03-10 12:17,2025-03-10 12:55,OMR Sholinganallur,Mahindra City,41.31,2,1.4,250.12,Wallet,Shared,5.783,2.149
RIDE002563,Carpool,2025-02-17 01:41,2025-02-17 02:38,Tambaram,SRM University,58.67,2,1.7,373.27,Wallet,Shared,8.214,3.051
RIDE002564,Carpool,2025-04-17 10:08,2025-04-17 11:09,Chromepet,Singaperumal Koil,63.34,4,3.5,431.85,UPI,Shared,8.868,3.293
RIDE002565,Private,2025-01-31 03:17,2025-01-31 04:13,Pallavaram,Singaperumal Koil,54.2,1,,603.52,Card,Standard,10.406,0.0
RIDE002566,Carpool,2025-03-26 16:18,2025-03-26 17:21,Tambaram,Chengalpattu Bus Stand,55.44,2,1.8,406.0,UPI,Shared,7.762,2.882
RIDE002567,Carpool,2025-02-12 19:05,2025-02-12 19:57,Guindy,SRM University,46.73,3,2.8,344.67,UPI,Shared,6.542,2.43
RIDE002568,Carpool,2025-02-17 13:03,2025-02-17 14:12,Guindy,Chengalpattu Bus Stand,62.51,2,1.8,439.66,Card,Shared,8.751,3.251
RIDE002569,Private,2025-02-01 21:21,2025-02-01 22:14,Perungudi,Chengalpattu Town,57.73,1,,597.7,Wallet,Standard,11.084,0.0
RIDE002570,Private,2025-04-24 06:01,2025-04-24 06:47,Perungudi,Mahindra City,43.13,1,,444.33,UPI,Standard,8.281,0.0
RIDE002571,Carpool,2025-03-27 23:53,2025-03-28 00:35,OMR Sholinganallur,Chengalpattu Bus Stand,41.01,4,3.6,286.36,Wallet,Shared,5.741,2.133
RIDE002572,Private,2025-03-02 15:39,2025-03-02 16:30,Mylapore,SRM University,44.18,1,,503.17,Card,Standard,8.483,0.0
RIDE002573,Carpool,2025-03-25 03:55,2025-03-25 04:57,Pallavaram,SRM University,64.03,4,3.9,399.05,Cash,Shared,8.964,3.33
RIDE002574,Carpool,2025-04-28 01:42,2025-04-28 02:52,Velachery,Chengalpattu Town,61.12,4,3.8,451.87,Card,Shared,8.557,3.178
RIDE002575,Carpool,2025-04-11 01:22,2025-04-11 02:36,OMR Sholinganallur,Chengalpattu Bus Stand,60.23,3,2.5,363.32,Cash,Shared,8.432,3.132
RIDE002576,Carpool,2025-01-18 06:40,2025-01-18 07:22,Guindy,SRM University,40.55,3,2.9,298.11,UPI,Shared,5.677,2.109
RIDE002577,Private,2025-03-22 13:32,2025-03-22 14:30,Anna Nagar,Chengalpattu Bus Stand,61.67,1,,623.97,UPI,Standard,11.841,0.0
RIDE002578,Private,2025-02-09 13:41,2025-02-09 14:17,Anna Nagar,Mahindra City,39.33,1,,374.7,Cash,Standard,7.551,0.0
RIDE002579,Carpool,2025-04-12 11:24,2025-04-12 12:01,Perungudi,Mahindra City,33.12,2,1.5,248.12,Wallet,Shared,4.637,1.722
RIDE002580,Private,2025-04-07 10:04,2025-04-07 10:51,Mylapore,SRM University,42.36,1,,445.97,Card,Standard,8.133,0.0
RIDE002581,Carpool,2025-04-17 07:51,2025-04-17 08:40,Anna Nagar,SRM University,44.33,4,3.7,276.48,Card,Shared,6.206,2.305
RIDE002582,Carpool,2025-01-07 03:16,2025-01-07 03:50,Chromepet,Chengalpattu Bus Stand,31.18,2,1.7,229.29,Wallet,Shared,4.365,1.622
RIDE002583,Private,2025-03-08 08:41,2025-03-08 09:47,Tambaram,SRM University,59.84,1,,653.6,Card,Standard,11.489,0.0
RIDE002584,Private,2025-04-10 01:02,2025-04-10 01:34,Perungudi,Chengalpattu Bus Stand,34.11,1,,343.23,UPI,Standard,6.549,0.0
RIDE002585,Private,2025-01-30 22:28,2025-01-30 23:15,Pallavaram,Chengalpattu Bus Stand,45.16,1,,488.34,Card,Standard,8.671,0.0
RIDE002586,Carpool,2025-04-25 16:42,2025-04-25 17:45,Anna Nagar,Mahindra City,59.06,4,4.0,399.21,UPI,Shared,8.268,3.072
RIDE002587,Carpool,2025-03-02 22:29,2025-03-02 23:24,OMR Sholinganallur,Mahindra City,51.42,2,1.8,394.15,Card,Shared,7.199,2.674
RIDE002588,Private,2025-03-02 00:06,2025-03-02 01:03,Velachery,SRM University,54.33,1,,616.52,UPI,Standard,10.431,0.0
RIDE002589,Carpool,2025-04-11 22:28,2025-04-11 23:29,Mylapore,Singaperumal Koil,59.81,3,2.8,384.25,Wallet,Shared,8.373,3.111
RIDE002590,Private,2025-04-01 12:14,2025-04-01 13:09,Guindy,SRM University,47.2,1,,532.85,UPI,Standard,9.062,0.0
RIDE002591,Private,2025-03-02 04:11,2025-03-02 05:28,Guindy,Chengalpattu Bus Stand,64.65,1,,675.54,Wallet,Standard,12.413,0.0
RIDE002592,Carpool,2025-04-17 01:40,2025-04-17 02:11,Mylapore,Mahindra City,32.76,3,3.0,197.47,UPI,Shared,4.586,1.704
RIDE002593,Carpool,2025-03-11 03:07,2025-03-11 03:48,Adyar,SRM University,34.19,4,3.5,210.71,Cash,Shared,4.787,1.777
RIDE002594,Carpool,2025-04-12 05:51,2025-04-12 06:43,Perungudi,Chengalpattu Town,49.95,4,3.7,356.69,Wallet,Shared,6.993,2.597
RIDE002595,Private,2025-03-03 04:19,2025-03-03 05:12,Perungudi,Chengalpattu Bus Stand,57.61,1,,601.9,UPI,Standard,11.061,0.0
RIDE002596,Carpool,2025-02-23 02:48,2025-02-23 03:49,Velachery,Mahindra City,60.01,3,2.7,375.92,Wallet,Shared,8.401,3.121
RIDE002597,Carpool,2025-03-10 22:49,2025-03-10 23:37,Adyar,Singaperumal Koil,43.54,4,3.6,272.13,Wallet,Shared,6.096,2.264
RIDE002598,Private,2025-01-21 11:19,2025-01-21 12:14,Mylapore,SRM University,61.08,1,,683.21,Cash,Standard,11.727,0.0
RIDE002599,Private,2025-01-24 22:20,2025-01-24 23:20,Chromepet,Chengalpattu Town,52.41,1,,571.29,Card,Standard,10.063,0.0
RIDE002600,Private,2025-01-19 18:40,2025-01-19 19:50,OMR Sholinganallur,SRM University,58.86,1,,633.01,Wallet,Standard,11.301,0.0
RIDE002601,Private,2025-01-27 03:22,2025-01-27 03:58,Mylapore,Chengalpattu Bus Stand,33.03,1,,378.66,Wallet,Standard,6.342,0.0
RIDE002602,Carpool,2025-02-18 06:48,2025-02-18 07:25,Adyar,Chengalpattu Town,33.82,4,3.6,215.5,Cash,Shared,4.735,1.758
RIDE002603,Carpool,2025-03-07 07:20,2025-03-07 08:33,Tambaram,Chengalpattu Town,61.2,4,3.9,387.12,Card,Shared,8.568,3.182
RIDE002604,Carpool,2025-01-14 14:50,2025-01-14 15:28,T Nagar,Singaperumal Koil,39.72,2,1.5,276.62,UPI,Shared,5.561,2.065
RIDE002605,Private,2025-04-21 17:38,2025-04-21 18:30,T Nagar,Singaperumal Koil,50.06,1,,554.18,Cash,Standard,9.612,0.0
RIDE002606,Carpool,2025-03-15 00:11,2025-03-15 01:20,Chromepet,Mahindra City,59.85,2,1.9,463.77,UPI,Shared,8.379,3.112
RIDE002607,Carpool,2025-02-06 19:48,2025-02-06 20:28,Tambaram,Chengalpattu Bus Stand,36.9,4,3.4,257.39,Card,Shared,5.166,1.919
RIDE002608,Carpool,2025-01-21 12:09,2025-01-21 12:59,Adyar,Chengalpattu Bus Stand,46.91,2,1.7,353.39,Cash,Shared,6.567,2.44
RIDE002609,Private,2025-03-03 12:11,2025-03-03 13:07,Mylapore,Singaperumal Koil,50.63,1,,500.57,UPI,Standard,9.721,0.0
RIDE002610,Carpool,2025-02-02 13:38,2025-02-02 14:40,Tambaram,SRM University,62.44,4,4.0,398.52,Wallet,Shared,8.742,3.246
RIDE002611,Carpool,2025-02-05 22:54,2025-02-05 23:34,Perungudi,Chengalpattu Bus Stand,34.3,2,1.6,266.43,Wallet,Shared,4.802,1.784
RIDE002612,Private,2025-04-12 22:30,2025-04-12 23:23,T Nagar,Chengalpattu Bus Stand,55.06,1,,556.91,Card,Standard,10.572,0.0
RIDE002613,Private,2025-03-04 04:53,2025-03-04 05:27,Chromepet,Chengalpattu Town,37.66,1,,419.89,UPI,Standard,7.231,0.0
RIDE002614,Carpool,2025-01-12 17:45,2025-01-12 18:42,Perungudi,Chengalpattu Town,51.35,2,1.6,336.43,UPI,Shared,7.189,2.67
RIDE002615,Private,2025-04-15 06:07,2025-04-15 06:47,OMR Sholinganallur,Chengalpattu Bus Stand,37.55,1,,426.63,UPI,Standard,7.21,0.0
RIDE002616,Private,2025-01-06 23:24,2025-01-07 00:37,OMR Sholinganallur,SRM University,60.36,1,,615.97,Cash,Standard,11.589,0.0
RIDE002617,Private,2025-01-06 02:10,2025-01-06 03:21,Pallavaram,Chengalpattu Bus Stand,62.14,1,,675.89,Wallet,Standard,11.931,0.0
RIDE002618,Private,2025-01-30 10:38,2025-01-30 11:16,OMR Sholinganallur,Chengalpattu Town,42.95,1,,389.92,UPI,Standard,8.246,0.0
RIDE002619,Carpool,2025-01-09 03:05,2025-01-09 04:08,Perungudi,Chengalpattu Bus Stand,56.88,2,1.8,386.24,Card,Shared,7.963,2.958
RIDE002620,Private,2025-04-07 04:19,2025-04-07 05:02,Tambaram,Chengalpattu Town,42.01,1,,461.96,Wallet,Standard,8.066,0.0
RIDE002621,Private,2025-01-25 19:25,2025-01-25 20:04,T Nagar,Singaperumal Koil,36.44,1,,335.29,Wallet,Standard,6.996,0.0
RIDE002622,Private,2025-03-30 12:01,2025-03-30 12:34,Guindy,Singaperumal Koil,31.06,1,,342.38,Wallet,Standard,5.964,0.0
RIDE002623,Carpool,2025-04-14 15:54,2025-04-14 16:40,Guindy,Mahindra City,40.19,2,1.7,280.24,Cash,Shared,5.627,2.089
RIDE002624,Private,2025-02-07 11:41,2025-02-07 12:35,Tambaram,Chengalpattu Bus Stand,51.02,1,,513.09,Card,Standard,9.796,0.0
RIDE002625,Private,2025-04-03 21:44,2025-04-03 22:43,Velachery,Chengalpattu Bus Stand,62.28,1,,659.47,Cash,Standard,11.958,0.0
RIDE002626,Carpool,2025-01-01 08:06,2025-01-01 08:44,Chromepet,Chengalpattu Town,36.85,4,3.7,224.4,Card,Shared,5.159,1.916
RIDE002627,Carpool,2025-01-07 12:11,2025-01-07 12:50,Pallavaram,SRM University,37.58,2,1.8,290.74,Wallet,Shared,5.261,1.954
RIDE002628,Carpool,2025-03-07 19:29,2025-03-07 20:37,Mylapore,Chengalpattu Bus Stand,63.72,2,1.6,388.62,Cash,Shared,8.921,3.313
RIDE002629,Carpool,2025-03-14 02:03,2025-03-14 03:03,Anna Nagar,Chengalpattu Bus Stand,57.06,4,3.7,437.31,Wallet,Shared,7.988,2.968
RIDE002630,Private,2025-04-23 20:19,2025-04-23 20:58,OMR Sholinganallur,Singaperumal Koil,37.24,1,,378.78,Card,Standard,7.15,0.0
RIDE002631,Carpool,2025-03-21 14:33,2025-03-21 15:49,Chromepet,Chengalpattu Bus Stand,61.56,4,3.6,387.41,Card,Shared,8.618,3.202
RIDE002632,Carpool,2025-01-20 17:36,2025-01-20 18:26,Anna Nagar,Mahindra City,45.2,4,3.8,286.35,Cash,Shared,6.328,2.35
RIDE002633,Private,2025-03-26 21:56,2025-03-26 22:28,Velachery,Chengalpattu Bus Stand,35.61,1,,368.32,Cash,Standard,6.837,0.0
RIDE002634,Carpool,2025-04-07 08:58,2025-04-07 09:29,Pallavaram,Mahindra City,32.23,4,3.7,208.7,UPI,Shared,4.512,1.676
RIDE002635,Private,2025-04-10 01:01,2025-04-10 02:05,Tambaram,Chengalpattu Bus Stand,55.88,1,,543.27,Wallet,Standard,10.729,0.0
RIDE002636,Private,2025-01-01 23:05,2025-01-01 23:43,Pallavaram,Mahindra City,31.44,1,,360.16,Card,Standard,6.036,0.0
RIDE002637,Private,2025-03-08 00:13,2025-03-08 00:55,OMR Sholinganallur,Mahindra City,42.45,1,,398.29,Cash,Standard,8.15,0.0
RIDE002638,Carpool,2025-04-12 14:54,2025-04-12 15:48,Pallavaram,SRM University,49.52,2,1.6,299.22,Cash,Shared,6.933,2.575
RIDE002639,Carpool,2025-04-10 13:29,2025-04-10 14:04,T Nagar,Chengalpattu Town,31.38,3,2.5,215.62,UPI,Shared,4.393,1.632
RIDE002640,Carpool,2025-04-12 09:11,2025-04-12 09:50,Pallavaram,Chengalpattu Bus Stand,40.81,4,4.0,245.49,UPI,Shared,5.713,2.123
RIDE002641,Carpool,2025-02-16 08:49,2025-02-16 09:42,Mylapore,Chengalpattu Town,52.36,3,2.7,353.47,UPI,Shared,7.33,2.723
RIDE002642,Private,2025-02-17 15:31,2025-02-17 16:20,Perungudi,Mahindra City,40.78,1,,405.14,Cash,Standard,7.83,0.0
RIDE002643,Carpool,2025-03-02 17:45,2025-03-02 18:54,Adyar,Chengalpattu Town,56.53,2,1.4,379.98,Card,Shared,7.914,2.94
RIDE002644,Private,2025-04-22 23:16,2025-04-23 00:23,OMR Sholinganallur,SRM University,64.84,1,,620.11,Card,Standard,12.449,0.0
RIDE002645,Private,2025-01-16 16:35,2025-01-16 17:21,Mylapore,Singaperumal Koil,41.75,1,,446.45,Wallet,Standard,8.016,0.0
RIDE002646,Private,2025-03-21 14:49,2025-03-21 15:28,T Nagar,Chengalpattu Bus Stand,42.86,1,,467.94,Wallet,Standard,8.229,0.0
RIDE002647,Private,2025-01-03 12:20,2025-01-03 13:04,Velachery,SRM University,47.95,1,,453.52,UPI,Standard,9.206,0.0
RIDE002648,Carpool,2025-02-13 23:37,2025-02-14 00:12,Pallavaram,SRM University,33.56,3,2.6,241.74,Card,Shared,4.698,1.746
RIDE002649,Carpool,2025-03-20 14:33,2025-03-20 15:28,Anna Nagar,Chengalpattu Bus Stand,53.0,4,3.7,324.54,Cash,Shared,7.42,2.756
RIDE002650,Carpool,2025-02-02 02:04,2025-02-02 03:13,Perungudi,Mahindra City,59.03,2,1.7,358.43,Card,Shared,8.264,3.07
RIDE002651,Private,2025-04-16 09:24,2025-04-16 10:33,OMR Sholinganallur,Chengalpattu Town,64.71,1,,597.56,Wallet,Standard,12.424,0.0
RIDE002652,Private,2025-02-17 11:31,2025-02-17 12:15,Velachery,Singaperumal Koil,43.24,1,,473.09,UPI,Standard,8.302,0.0
RIDE002653,Private,2025-02-14 06:38,2025-02-14 07:20,T Nagar,Mahindra City,38.18,1,,408.92,Cash,Standard,7.331,0.0
RIDE002654,Private,2025-03-25 20:01,2025-03-25 20:33,Guindy,Singaperumal Koil,30.06,1,,290.84,UPI,Standard,5.772,0.0
RIDE002655,Carpool,2025-04-09 19:24,2025-04-09 19:58,Anna Nagar,Chengalpattu Bus Stand,35.55,4,3.8,243.23,Card,Shared,4.977,1.849
RIDE002656,Carpool,2025-02-20 13:50,2025-02-20 14:50,T Nagar,Chengalpattu Town,55.49,2,1.7,398.44,Cash,Shared,7.769,2.885
RIDE002657,Carpool,2025-04-24 09:14,2025-04-24 10:15,Pallavaram,Chengalpattu Bus Stand,58.68,4,3.7,430.09,Cash,Shared,8.215,3.052
RIDE002658,Private,2025-02-19 08:32,2025-02-19 09:24,Anna Nagar,Chengalpattu Bus Stand,54.99,1,,610.89,UPI,Standard,10.558,0.0
RIDE002659,Carpool,2025-01-25 11:03,2025-01-25 12:12,Mylapore,Chengalpattu Bus Stand,61.79,2,2.0,390.08,Card,Shared,8.651,3.213
RIDE002660,Carpool,2025-02-05 05:24,2025-02-05 06:24,Velachery,SRM University,56.56,2,1.6,433.74,Wallet,Shared,7.918,2.942
RIDE002661,Carpool,2025-02-05 11:11,2025-02-05 12:17,Pallavaram,Mahindra City,53.58,2,1.6,341.88,UPI,Shared,7.501,2.786
RIDE002662,Private,2025-04-06 11:32,2025-04-06 12:21,Guindy,Mahindra City,49.04,1,,475.77,Cash,Standard,9.416,0.0
RIDE002663,Private,2025-03-13 14:04,2025-03-13 14:56,Perungudi,Chengalpattu Bus Stand,49.07,1,,536.25,Card,Standard,9.421,0.0
RIDE002664,Carpool,2025-02-14 05:02,2025-02-14 06:02,T Nagar,Singaperumal Koil,51.16,4,3.9,389.99,Cash,Shared,7.162,2.661
RIDE002665,Carpool,2025-04-09 23:09,2025-04-10 00:18,Guindy,Singaperumal Koil,59.82,2,1.6,386.59,Cash,Shared,8.375,3.11
RIDE002666,Carpool,2025-04-18 23:25,2025-04-19 00:11,Chromepet,Chengalpattu Bus Stand,45.53,2,1.6,308.85,UPI,Shared,6.374,2.368
RIDE002667,Private,2025-04-14 00:16,2025-04-14 00:53,Perungudi,Singaperumal Koil,39.99,1,,438.35,Wallet,Standard,7.678,0.0
RIDE002668,Carpool,2025-02-09 03:40,2025-02-09 04:34,Tambaram,Chengalpattu Bus Stand,54.09,3,2.4,358.34,Cash,Shared,7.573,2.812
RIDE002669,Private,2025-03-06 16:49,2025-03-06 17:54,Anna Nagar,SRM University,58.5,1,,613.55,Cash,Standard,11.232,0.0
RIDE002670,Carpool,2025-04-07 10:42,2025-04-07 11:26,Adyar,Chengalpattu Bus Stand,47.75,4,4.0,290.21,UPI,Shared,6.685,2.483
RIDE002671,Private,2025-04-22 00:20,2025-04-22 01:33,Velachery,Singaperumal Koil,61.85,1,,646.18,Wallet,Standard,11.875,0.0
RIDE002672,Private,2025-04-04 20:15,2025-04-04 20:50,Chromepet,Singaperumal Koil,34.1,1,,366.0,UPI,Standard,6.547,0.0
RIDE002673,Private,2025-04-04 00:35,2025-04-04 01:31,Guindy,SRM University,59.53,1,,645.27,Cash,Standard,11.43,0.0
RIDE002674,Private,2025-02-10 10:41,2025-02-10 11:40,Tambaram,SRM University,61.91,1,,691.69,Card,Standard,11.887,0.0
RIDE002675,Carpool,2025-03-24 04:50,2025-03-24 05:36,Anna Nagar,SRM University,44.26,3,2.6,335.37,Wallet,Shared,6.196,2.302
RIDE002676,Carpool,2025-02-11 23:48,2025-02-12 00:48,Anna Nagar,Mahindra City,57.32,2,1.9,382.32,UPI,Shared,8.025,2.98
RIDE002677,Carpool,2025-04-08 01:15,2025-04-08 01:57,T Nagar,Mahindra City,40.33,4,3.5,280.85,Card,Shared,5.646,2.097
RIDE002678,Private,2025-04-14 19:13,2025-04-14 19:51,Anna Nagar,Chengalpattu Town,31.75,1,,362.54,Cash,Standard,6.096,0.0
RIDE002679,Carpool,2025-03-14 23:57,2025-03-15 00:36,Adyar,SRM University,34.19,3,2.9,250.52,Card,Shared,4.787,1.777
RIDE002680,Carpool,2025-03-07 06:05,2025-03-07 07:07,Guindy,Singaperumal Koil,54.44,3,2.7,358.81,Card,Shared,7.622,2.83
RIDE002681,Private,2025-04-05 23:43,2025-04-06 00:59,T Nagar,Chengalpattu Bus Stand,61.66,1,,577.93,UPI,Standard,11.839,0.0
RIDE002682,Carpool,2025-04-11 16:42,2025-04-11 17:24,Perungudi,Mahindra City,36.11,3,2.7,244.1,Cash,Shared,5.055,1.878
RIDE002683,Private,2025-04-09 09:01,2025-04-09 09:45,Guindy,SRM University,42.55,1,,399.4,Wallet,Standard,8.17,0.0
RIDE002684,Carpool,2025-04-11 22:22,2025-04-11 23:11,Perungudi,Singaperumal Koil,40.67,3,2.7,286.43,Card,Shared,5.694,2.115
RIDE002685,Carpool,2025-01-10 14:50,2025-01-10 15:49,T Nagar,SRM University,54.76,4,3.8,348.45,UPI,Shared,7.666,2.848
RIDE002686,Private,2025-01-11 10:07,2025-01-11 11:22,Pallavaram,SRM University,61.82,1,,558.25,Cash,Standard,11.869,0.0
RIDE002687,Carpool,2025-02-11 21:13,2025-02-11 22:19,T Nagar,Chengalpattu Bus Stand,61.26,3,2.5,430.76,UPI,Shared,8.576,3.186
RIDE002688,Carpool,2025-04-14 06:55,2025-04-14 07:38,Anna Nagar,Chengalpattu Bus Stand,38.84,2,1.5,287.65,Cash,Shared,5.438,2.019
RIDE002689,Carpool,2025-01-08 03:24,2025-01-08 04:30,Perungudi,Mahindra City,60.34,4,3.9,393.53,Card,Shared,8.448,3.137
RIDE002690,Private,2025-03-07 23:47,2025-03-08 00:34,Chromepet,Chengalpattu Town,41.32,1,,377.52,UPI,Standard,7.933,0.0
RIDE002691,Carpool,2025-02-21 19:44,2025-02-21 20:21,Guindy,Singaperumal Koil,40.79,2,1.5,304.25,Cash,Shared,5.711,2.121
RIDE002692,Private,2025-03-25 23:54,2025-03-26 00:38,Perungudi,Mahindra City,44.13,1,,434.58,Card,Standard,8.473,0.0
RIDE002693,Carpool,2025-01-17 09:44,2025-01-17 10:33,Velachery,Chengalpattu Bus Stand,42.65,4,3.8,267.86,Cash,Shared,5.971,2.218
RIDE002694,Private,2025-01-02 05:21,2025-01-02 05:56,T Nagar,Mahindra City,37.45,1,,408.43,Cash,Standard,7.19,0.0
RIDE002695,Private,2025-01-21 20:24,2025-01-21 21:10,Guindy,SRM University,42.2,1,,476.88,Card,Standard,8.102,0.0
RIDE002696,Carpool,2025-03-04 01:07,2025-03-04 02:17,Anna Nagar,Mahindra City,59.42,4,3.4,457.45,UPI,Shared,8.319,3.09
RIDE002697,Carpool,2025-01-03 16:28,2025-01-03 17:26,Guindy,Chengalpattu Town,62.94,2,1.9,461.41,Wallet,Shared,8.812,3.272
RIDE002698,Carpool,2025-02-11 21:34,2025-02-11 22:34,Perungudi,Singaperumal Koil,50.08,4,3.4,321.61,UPI,Shared,7.011,2.604
RIDE002699,Private,2025-02-20 08:25,2025-02-20 09:03,Guindy,Chengalpattu Town,35.07,1,,373.46,UPI,Standard,6.733,0.0
RIDE002700,Carpool,2025-02-06 22:45,2025-02-06 23:27,Perungudi,Chengalpattu Bus Stand,41.96,2,1.6,263.21,Cash,Shared,5.874,2.182
RIDE002701,Private,2025-01-30 18:46,2025-01-30 19:47,Adyar,Mahindra City,53.56,1,,534.37,UPI,Standard,10.284,0.0
RIDE002702,Private,2025-01-03 20:59,2025-01-03 21:51,Adyar,Chengalpattu Town,54.15,1,,493.72,UPI,Standard,10.397,0.0
RIDE002703,Carpool,2025-02-06 21:17,2025-02-06 22:09,Adyar,Mahindra City,50.1,4,3.9,325.84,Card,Shared,7.014,2.605
RIDE002704,Private,2025-02-21 01:56,2025-02-21 02:59,OMR Sholinganallur,SRM University,62.13,1,,664.21,Card,Standard,11.929,0.0
RIDE002705,Carpool,2025-03-06 19:24,2025-03-06 19:55,Adyar,Chengalpattu Bus Stand,33.78,4,3.9,240.22,Card,Shared,4.729,1.757
RIDE002706,Private,2025-01-10 11:06,2025-01-10 11:46,T Nagar,Chengalpattu Town,37.14,1,,408.84,Card,Standard,7.131,0.0
RIDE002707,Carpool,2025-04-07 15:30,2025-04-07 16:22,Anna Nagar,Singaperumal Koil,43.71,4,3.8,264.37,Cash,Shared,6.119,2.273
RIDE002708,Carpool,2025-04-06 13:30,2025-04-06 14:35,Adyar,Mahindra City,62.74,4,3.8,382.59,Wallet,Shared,8.784,3.262
RIDE002709,Private,2025-01-13 02:04,2025-01-13 03:06,Perungudi,SRM University,63.85,1,,602.34,Cash,Standard,12.259,0.0
RIDE002710,Private,2025-01-09 08:23,2025-01-09 09:27,Adyar,Chengalpattu Bus Stand,64.67,1,,733.19,UPI,Standard,12.417,0.0
RIDE002711,Carpool,2025-04-12 17:14,2025-04-12 17:50,Perungudi,Chengalpattu Bus Stand,32.25,2,1.7,234.36,Cash,Shared,4.515,1.677
RIDE002712,Private,2025-01-24 03:15,2025-01-24 03:48,OMR Sholinganallur,Chengalpattu Town,37.42,1,,411.44,Cash,Standard,7.185,0.0
RIDE002713,Private,2025-02-27 11:08,2025-02-27 11:58,Perungudi,Chengalpattu Bus Stand,44.22,1,,506.52,Card,Standard,8.49,0.0
RIDE002714,Private,2025-04-19 02:50,2025-04-19 03:24,Pallavaram,SRM University,34.31,1,,354.78,Cash,Standard,6.588,0.0
RIDE002715,Private,2025-01-24 18:53,2025-01-24 19:26,Perungudi,Singaperumal Koil,36.15,1,,413.91,Wallet,Standard,6.941,0.0
RIDE002716,Carpool,2025-04-26 05:55,2025-04-26 06:35,Pallavaram,Chengalpattu Bus Stand,32.9,2,1.6,229.02,Wallet,Shared,4.606,1.711
RIDE002717,Private,2025-02-16 04:42,2025-02-16 05:47,OMR Sholinganallur,SRM University,53.45,1,,607.62,Cash,Standard,10.262,0.0
RIDE002718,Carpool,2025-02-06 00:52,2025-02-06 01:59,Pallavaram,Mahindra City,55.1,3,2.8,406.6,Wallet,Shared,7.714,2.865
RIDE002719,Carpool,2025-04-25 02:38,2025-04-25 03:35,Pallavaram,Singaperumal Koil,53.71,2,1.6,343.76,Cash,Shared,7.519,2.793
RIDE002720,Carpool,2025-03-17 13:12,2025-03-17 14:01,Velachery,SRM University,46.05,3,2.6,328.4,Card,Shared,6.447,2.395
RIDE002721,Private,2025-02-19 06:30,2025-02-19 07:13,Tambaram,Chengalpattu Town,46.79,1,,423.29,Cash,Standard,8.984,0.0
RIDE002722,Private,2025-04-22 17:35,2025-04-22 18:48,Chromepet,Singaperumal Koil,61.91,1,,575.95,Card,Standard,11.887,0.0
RIDE002723,Private,2025-04-10 09:29,2025-04-10 10:04,OMR Sholinganallur,Mahindra City,37.93,1,,423.42,Cash,Standard,7.283,0.0
RIDE002724,Carpool,2025-02-23 14:30,2025-02-23 15:39,Chromepet,SRM University,57.81,3,2.5,417.14,Wallet,Shared,8.093,3.007
RIDE002725,Carpool,2025-01-30 01:42,2025-01-30 02:45,Adyar,Chengalpattu Town,55.44,4,3.7,427.39,Wallet,Shared,7.762,2.882
RIDE002726,Carpool,2025-02-11 14:58,2025-02-11 15:37,Adyar,Chengalpattu Bus Stand,41.64,3,2.8,317.9,Cash,Shared,5.83,2.165
RIDE002727,Carpool,2025-01-08 15:39,2025-01-08 16:20,Pallavaram,Chengalpattu Bus Stand,36.23,3,2.8,217.71,Cash,Shared,5.072,1.884
RIDE002728,Private,2025-03-30 21:52,2025-03-30 22:51,Guindy,Singaperumal Koil,57.61,1,,621.56,Cash,Standard,11.061,0.0
RIDE002729,Private,2025-02-17 06:44,2025-02-17 07:39,Chromepet,Singaperumal Koil,61.63,1,,608.45,Card,Standard,11.833,0.0
RIDE002730,Private,2025-02-14 21:37,2025-02-14 22:40,OMR Sholinganallur,Mahindra City,56.81,1,,632.78,Wallet,Standard,10.908,0.0
RIDE002731,Private,2025-03-17 09:14,2025-03-17 10:17,Tambaram,Mahindra City,52.39,1,,597.86,UPI,Standard,10.059,0.0
RIDE002732,Carpool,2025-01-17 07:38,2025-01-17 08:38,T Nagar,Singaperumal Koil,53.97,4,3.8,339.94,Wallet,Shared,7.556,2.806
RIDE002733,Private,2025-01-12 16:51,2025-01-12 17:24,Mylapore,Chengalpattu Bus Stand,30.53,1,,342.77,Card,Standard,5.862,0.0
RIDE002734,Private,2025-03-14 02:20,2025-03-14 02:56,Anna Nagar,Mahindra City,34.14,1,,332.74,Card,Standard,6.555,0.0
RIDE002735,Private,2025-01-10 22:01,2025-01-10 22:41,Velachery,Singaperumal Koil,35.3,1,,376.99,Card,Standard,6.778,0.0
RIDE002736,Carpool,2025-02-11 13:39,2025-02-11 14:19,T Nagar,SRM University,37.4,4,3.7,284.95,Wallet,Shared,5.236,1.945
RIDE002737,Private,2025-01-07 03:26,2025-01-07 04:35,T Nagar,Chengalpattu Bus Stand,62.89,1,,571.26,Wallet,Standard,12.075,0.0
RIDE002738,Carpool,2025-03-04 22:44,2025-03-04 23:53,Pallavaram,SRM University,60.41,2,1.5,365.75,UPI,Shared,8.457,3.142
RIDE002739,Carpool,2025-02-21 06:24,2025-02-21 07:33,Adyar,SRM University,63.61,3,2.5,422.55,UPI,Shared,8.905,3.308
RIDE002740,Carpool,2025-01-28 18:14,2025-01-28 19:07,Pallavaram,SRM University,47.05,3,2.5,307.64,UPI,Shared,6.587,2.447
RIDE002741,Carpool,2025-02-28 19:28,2025-02-28 19:56,T Nagar,Chengalpattu Town,31.2,3,2.5,206.15,Cash,Shared,4.368,1.622
RIDE002742,Private,2025-02-15 19:02,2025-02-15 19:41,Chromepet,Mahindra City,42.34,1,,404.59,Wallet,Standard,8.129,0.0
RIDE002743,Carpool,2025-04-06 11:16,2025-04-06 11:58,Chromepet,Singaperumal Koil,39.6,4,3.9,255.37,Wallet,Shared,5.544,2.059
RIDE002744,Carpool,2025-03-22 09:59,2025-03-22 11:03,Mylapore,Singaperumal Koil,53.42,2,2.0,405.03,Card,Shared,7.479,2.778
RIDE002745,Carpool,2025-03-18 04:55,2025-03-18 05:39,Mylapore,Chengalpattu Bus Stand,36.6,2,1.9,248.69,Wallet,Shared,5.124,1.903
RIDE002746,Carpool,2025-04-27 10:01,2025-04-27 10:42,Perungudi,Chengalpattu Town,34.48,3,2.4,239.71,Cash,Shared,4.827,1.793
RIDE002747,Carpool,2025-03-12 02:38,2025-03-12 03:36,Perungudi,SRM University,47.48,2,1.8,303.12,Wallet,Shared,6.647,2.469
RIDE002748,Private,2025-02-06 12:30,2025-02-06 13:17,OMR Sholinganallur,Chengalpattu Bus Stand,45.84,1,,517.15,Card,Standard,8.801,0.0
RIDE002749,Private,2025-04-16 19:14,2025-04-16 19:48,Velachery,Mahindra City,36.33,1,,395.0,UPI,Standard,6.975,0.0
RIDE002750,Carpool,2025-02-18 22:56,2025-02-18 23:33,Pallavaram,Singaperumal Koil,31.59,4,3.5,230.42,Card,Shared,4.423,1.642
RIDE002751,Carpool,2025-03-31 18:36,2025-03-31 19:18,T Nagar,Singaperumal Koil,44.08,3,2.7,320.99,Cash,Shared,6.171,2.292
RIDE002752,Private,2025-01-16 05:11,2025-01-16 05:43,Perungudi,Singaperumal Koil,31.88,1,,347.37,Card,Standard,6.121,0.0
RIDE002753,Private,2025-01-06 20:45,2025-01-06 21:39,Guindy,SRM University,44.99,1,,450.22,UPI,Standard,8.638,0.0
RIDE002754,Private,2025-03-09 16:39,2025-03-09 17:26,T Nagar,Chengalpattu Bus Stand,44.61,1,,503.05,Cash,Standard,8.565,0.0
RIDE002755,Private,2025-02-22 01:24,2025-02-22 02:03,T Nagar,Chengalpattu Town,38.86,1,,406.15,UPI,Standard,7.461,0.0
RIDE002756,Private,2025-03-12 15:55,2025-03-12 16:37,Mylapore,Mahindra City,39.04,1,,409.2,Wallet,Standard,7.496,0.0
RIDE002757,Carpool,2025-03-29 09:11,2025-03-29 09:54,Tambaram,Mahindra City,42.31,4,3.5,315.61,Wallet,Shared,5.923,2.201
RIDE002758,Carpool,2025-01-21 09:03,2025-01-21 09:55,Chromepet,Chengalpattu Bus Stand,43.72,4,3.6,264.17,Cash,Shared,6.121,2.273
RIDE002759,Carpool,2025-04-14 02:48,2025-04-14 03:45,Adyar,Mahindra City,61.87,3,2.7,455.25,Wallet,Shared,8.662,3.217
RIDE002760,Private,2025-03-04 13:09,2025-03-04 13:46,Guindy,Chengalpattu Town,30.4,1,,282.43,Wallet,Standard,5.837,0.0
RIDE002761,Private,2025-02-04 16:51,2025-02-04 18:02,Pallavaram,Mahindra City,60.82,1,,549.06,Card,Standard,11.677,0.0
RIDE002762,Carpool,2025-04-12 20:03,2025-04-12 20:38,Chromepet,SRM University,32.4,4,3.9,241.22,Card,Shared,4.536,1.685
RIDE002763,Private,2025-03-15 22:47,2025-03-15 23:55,Adyar,SRM University,56.65,1,,551.71,Cash,Standard,10.877,0.0
RIDE002764,Carpool,2025-01-14 10:17,2025-01-14 10:55,T Nagar,Mahindra City,38.27,3,2.6,275.85,UPI,Shared,5.358,1.99
RIDE002765,Carpool,2025-01-09 23:00,2025-01-09 23:37,Anna Nagar,Singaperumal Koil,39.8,4,3.6,293.28,UPI,Shared,5.572,2.07
RIDE002766,Private,2025-01-28 16:00,2025-01-28 16:51,T Nagar,Chengalpattu Bus Stand,55.78,1,,529.51,Wallet,Standard,10.71,0.0
RIDE002767,Carpool,2025-01-07 16:39,2025-01-07 17:34,OMR Sholinganallur,SRM University,54.11,3,2.8,394.63,Card,Shared,7.575,2.814
RIDE002768,Carpool,2025-01-26 08:25,2025-01-26 09:11,Adyar,Mahindra City,48.36,2,1.9,315.07,UPI,Shared,6.77,2.515
RIDE002769,Private,2025-01-23 12:43,2025-01-23 13:46,Tambaram,Chengalpattu Bus Stand,55.37,1,,604.42,UPI,Standard,10.631,0.0
RIDE002770,Carpool,2025-02-16 07:49,2025-02-16 08:38,OMR Sholinganallur,Chengalpattu Bus Stand,53.17,4,3.7,375.49,Wallet,Shared,7.444,2.765
RIDE002771,Carpool,2025-04-20 15:08,2025-04-20 16:21,Tambaram,Chengalpattu Bus Stand,60.06,4,3.8,452.04,Card,Shared,8.408,3.124
RIDE002772,Private,2025-01-29 14:25,2025-01-29 15:22,Adyar,Chengalpattu Town,53.95,1,,566.39,Wallet,Standard,10.358,0.0
RIDE002773,Carpool,2025-04-04 02:25,2025-04-04 03:00,Adyar,SRM University,31.3,2,1.9,213.81,Card,Shared,4.382,1.628
RIDE002774,Private,2025-01-24 23:17,2025-01-25 00:17,Guindy,SRM University,63.12,1,,695.19,Wallet,Standard,12.119,0.0
RIDE002775,Carpool,2025-04-08 06:45,2025-04-08 07:40,Velachery,Chengalpattu Bus Stand,56.51,3,2.9,411.87,UPI,Shared,7.911,2.939
RIDE002776,Carpool,2025-01-30 04:36,2025-01-30 05:40,Mylapore,SRM University,64.24,4,3.8,473.27,Cash,Shared,8.994,3.34
RIDE002777,Carpool,2025-02-08 14:38,2025-02-08 15:25,Pallavaram,Singaperumal Koil,41.5,2,1.7,259.64,Wallet,Shared,5.81,2.158
RIDE002778,Carpool,2025-03-14 08:05,2025-03-14 08:56,Mylapore,Mahindra City,41.49,4,3.4,292.95,UPI,Shared,5.809,2.157
RIDE002779,Private,2025-03-12 20:44,2025-03-12 21:19,Mylapore,Mahindra City,33.4,1,,305.86,Wallet,Standard,6.413,0.0
RIDE002780,Private,2025-01-30 15:52,2025-01-30 17:04,Tambaram,Mahindra City,62.38,1,,573.12,UPI,Standard,11.977,0.0
RIDE002781,Carpool,2025-04-20 12:57,2025-04-20 13:48,Tambaram,Singaperumal Koil,52.55,3,2.8,331.11,Card,Shared,7.357,2.733
RIDE002782,Private,2025-04-25 21:45,2025-04-25 22:26,OMR Sholinganallur,SRM University,42.09,1,,417.09,Card,Standard,8.081,0.0
RIDE002783,Private,2025-02-06 22:56,2025-02-06 23:47,Adyar,Mahindra City,48.17,1,,448.15,Wallet,Standard,9.249,0.0
RIDE002784,Private,2025-01-23 17:02,2025-01-23 17:48,Perungudi,Mahindra City,39.64,1,,391.81,UPI,Standard,7.611,0.0
RIDE002785,Carpool,2025-01-02 21:37,2025-01-02 22:44,Guindy,Singaperumal Koil,54.35,4,3.7,383.87,UPI,Shared,7.609,2.826
RIDE002786,Carpool,2025-05-01 01:25,2025-05-01 01:57,Tambaram,Chengalpattu Bus Stand,30.94,3,2.4,239.18,UPI,Shared,4.332,1.608
RIDE002787,Carpool,2025-01-04 13:14,2025-01-04 14:05,Pallavaram,Mahindra City,47.16,2,1.5,339.4,Wallet,Shared,6.602,2.453
RIDE002788,Private,2025-03-18 21:07,2025-03-18 22:15,Adyar,Singaperumal Koil,61.22,1,,613.16,Wallet,Standard,11.754,0.0
RIDE002789,Private,2025-02-19 14:00,2025-02-19 14:43,Tambaram,Chengalpattu Bus Stand,35.03,1,,356.15,UPI,Standard,6.726,0.0
RIDE002790,Carpool,2025-03-01 01:05,2025-03-01 02:03,Perungudi,Mahindra City,51.62,4,3.8,376.46,UPI,Shared,7.227,2.684
RIDE002791,Private,2025-03-29 16:59,2025-03-29 17:51,Chromepet,Mahindra City,44.0,1,,443.7,Wallet,Standard,8.448,0.0
RIDE002792,Private,2025-04-02 17:01,2025-04-02 17:31,Perungudi,Mahindra City,33.71,1,,340.57,UPI,Standard,6.472,0.0
RIDE002793,Private,2025-01-19 17:04,2025-01-19 17:56,Adyar,SRM University,55.55,1,,631.84,Cash,Standard,10.666,0.0
RIDE002794,Carpool,2025-04-08 16:34,2025-04-08 17:38,Chromepet,Chengalpattu Town,59.43,3,2.5,455.39,UPI,Shared,8.32,3.091
RIDE002795,Carpool,2025-01-28 03:06,2025-01-28 04:00,Tambaram,Chengalpattu Bus Stand,60.77,2,2.0,417.91,Card,Shared,8.508,3.16
RIDE002796,Private,2025-01-22 04:17,2025-01-22 05:07,Pallavaram,Chengalpattu Bus Stand,53.05,1,,524.9,Cash,Standard,10.186,0.0
RIDE002797,Private,2025-03-12 11:16,2025-03-12 12:21,Pallavaram,Mahindra City,62.49,1,,684.05,UPI,Standard,11.998,0.0
RIDE002798,Private,2025-04-02 04:43,2025-04-02 05:50,OMR Sholinganallur,Mahindra City,58.62,1,,580.68,Wallet,Standard,11.255,0.0
RIDE002799,Carpool,2025-04-16 09:03,2025-04-16 10:09,Mylapore,Mahindra City,57.07,2,1.5,343.01,Wallet,Shared,7.99,2.967
RIDE002800,Private,2025-01-16 09:01,2025-01-16 10:01,Tambaram,Chengalpattu Bus Stand,54.23,1,,611.31,Wallet,Standard,10.412,0.0
RIDE002801,Private,2025-01-11 12:11,2025-01-11 13:21,Perungudi,Chengalpattu Bus Stand,60.24,1,,638.82,Card,Standard,11.566,0.0
RIDE002802,Carpool,2025-01-22 11:36,2025-01-22 12:39,Chromepet,Singaperumal Koil,52.12,4,3.7,395.15,Wallet,Shared,7.297,2.71
RIDE002803,Private,2025-04-01 22:45,2025-04-01 23:20,T Nagar,Chengalpattu Bus Stand,31.74,1,,322.95,UPI,Standard,6.094,0.0
RIDE002804,Carpool,2025-03-31 12:07,2025-03-31 12:48,Perungudi,Chengalpattu Bus Stand,36.01,3,2.9,229.28,Cash,Shared,5.041,1.873
RIDE002805,Carpool,2025-03-01 12:21,2025-03-01 13:23,OMR Sholinganallur,Chengalpattu Town,50.52,3,2.6,358.44,Wallet,Shared,7.073,2.627
RIDE002806,Private,2025-03-19 15:43,2025-03-19 16:23,Perungudi,Mahindra City,43.85,1,,475.83,Wallet,Standard,8.419,0.0
RIDE002807,Private,2025-01-21 04:47,2025-01-21 05:31,Velachery,Singaperumal Koil,49.28,1,,548.48,Card,Standard,9.462,0.0
RIDE002808,Carpool,2025-04-12 16:48,2025-04-12 17:33,Perungudi,Chengalpattu Town,44.49,3,2.6,294.52,UPI,Shared,6.229,2.313
RIDE002809,Private,2025-04-18 12:22,2025-04-18 13:27,Pallavaram,Singaperumal Koil,64.02,1,,723.05,Wallet,Standard,12.292,0.0
RIDE002810,Carpool,2025-04-05 04:52,2025-04-05 05:54,Pallavaram,Chengalpattu Bus Stand,53.59,2,1.5,333.01,Wallet,Shared,7.503,2.786
RIDE002811,Carpool,2025-03-21 14:57,2025-03-21 15:36,Anna Nagar,Chengalpattu Bus Stand,42.46,3,2.6,288.95,Card,Shared,5.944,2.208
RIDE002812,Carpool,2025-04-20 15:01,2025-04-20 15:46,Velachery,Mahindra City,38.81,2,1.8,290.44,Wallet,Shared,5.433,2.019
RIDE002813,Carpool,2025-04-27 00:19,2025-04-27 01:15,Pallavaram,Chengalpattu Bus Stand,49.0,4,3.8,308.97,Card,Shared,6.86,2.548
RIDE002814,Private,2025-01-24 18:40,2025-01-24 19:21,Velachery,SRM University,34.54,1,,392.35,Card,Standard,6.632,0.0
RIDE002815,Private,2025-01-15 16:30,2025-01-15 17:07,Adyar,Mahindra City,37.67,1,,395.3,Cash,Standard,7.233,0.0
RIDE002816,Carpool,2025-01-11 18:49,2025-01-11 19:36,Guindy,Chengalpattu Bus Stand,47.03,2,1.4,336.66,Card,Shared,6.584,2.446
RIDE002817,Carpool,2025-02-23 07:36,2025-02-23 08:07,Chromepet,Chengalpattu Bus Stand,34.53,3,2.5,235.65,Wallet,Shared,4.834,1.796
RIDE002818,Carpool,2025-04-11 14:57,2025-04-11 16:15,Velachery,Chengalpattu Town,64.45,4,3.5,401.46,Card,Shared,9.023,3.351
RIDE002819,Private,2025-04-26 08:17,2025-04-26 09:04,Pallavaram,Mahindra City,51.54,1,,520.44,Wallet,Standard,9.896,0.0
RIDE002820,Carpool,2025-04-13 12:45,2025-04-13 13:48,T Nagar,Mahindra City,62.74,3,2.8,397.2,Card,Shared,8.784,3.262
RIDE002821,Private,2025-03-30 00:02,2025-03-30 00:51,Pallavaram,Chengalpattu Town,44.82,1,,471.04,Cash,Standard,8.605,0.0
RIDE002822,Carpool,2025-02-28 23:18,2025-02-28 23:51,Perungudi,Chengalpattu Bus Stand,30.19,2,1.5,218.56,Wallet,Shared,4.227,1.569
RIDE002823,Carpool,2025-03-10 11:56,2025-03-10 12:37,T Nagar,Mahindra City,45.86,2,1.7,288.29,UPI,Shared,6.42,2.385
RIDE002824,Carpool,2025-01-20 17:32,2025-01-20 18:07,Guindy,Mahindra City,31.73,4,3.8,208.72,Wallet,Shared,4.442,1.65
RIDE002825,Carpool,2025-03-12 16:34,2025-03-12 17:32,T Nagar,Mahindra City,57.35,4,3.8,422.7,Cash,Shared,8.029,2.982
RIDE002826,Carpool,2025-04-25 01:41,2025-04-25 02:57,OMR Sholinganallur,SRM University,63.42,4,3.8,436.18,Card,Shared,8.879,3.298
RIDE002827,Carpool,2025-03-10 20:49,2025-03-10 21:46,Chromepet,Chengalpattu Bus Stand,47.21,3,2.6,349.3,Cash,Shared,6.609,2.455
RIDE002828,Private,2025-03-09 05:28,2025-03-09 05:59,Perungudi,Mahindra City,30.63,1,,334.02,Wallet,Standard,5.881,0.0
RIDE002829,Private,2025-02-25 12:33,2025-02-25 13:42,Adyar,Chengalpattu Bus Stand,57.5,1,,569.93,Cash,Standard,11.04,0.0
RIDE002830,Carpool,2025-02-28 14:57,2025-02-28 15:53,Mylapore,Singaperumal Koil,45.5,2,1.8,335.95,Card,Shared,6.37,2.366
RIDE002831,Carpool,2025-04-29 04:10,2025-04-29 04:38,Chromepet,Mahindra City,30.2,4,3.6,182.75,UPI,Shared,4.228,1.57
RIDE002832,Private,2025-03-26 00:40,2025-03-26 01:39,Adyar,Mahindra City,48.04,1,,463.68,Card,Standard,9.224,0.0
RIDE002833,Private,2025-02-18 22:03,2025-02-18 23:03,Guindy,SRM University,52.95,1,,487.67,Wallet,Standard,10.166,0.0
RIDE002834,Private,2025-04-16 12:36,2025-04-16 13:12,Pallavaram,Singaperumal Koil,40.22,1,,461.47,Wallet,Standard,7.722,0.0
RIDE002835,Private,2025-02-15 17:54,2025-02-15 19:04,Adyar,Chengalpattu Bus Stand,59.39,1,,586.69,Cash,Standard,11.403,0.0
RIDE002836,Carpool,2025-01-21 11:07,2025-01-21 12:08,Perungudi,Chengalpattu Town,64.9,2,1.9,400.55,Card,Shared,9.086,3.375
RIDE002837,Private,2025-03-06 09:17,2025-03-06 10:25,Velachery,Singaperumal Koil,62.97,1,,655.75,Wallet,Standard,12.09,0.0
RIDE002838,Private,2025-04-30 16:26,2025-04-30 17:37,Guindy,Singaperumal Koil,58.19,1,,546.23,Wallet,Standard,11.172,0.0
RIDE002839,Private,2025-01-04 23:17,2025-01-04 23:47,Velachery,Singaperumal Koil,30.29,1,,304.69,Card,Standard,5.816,0.0
RIDE002840,Carpool,2025-04-27 03:25,2025-04-27 04:01,Mylapore,Chengalpattu Town,30.17,4,3.7,193.96,UPI,Shared,4.224,1.569
RIDE002841,Private,2025-01-21 21:19,2025-01-21 22:22,Tambaram,Chengalpattu Town,54.24,1,,493.69,Wallet,Standard,10.414,0.0
RIDE002842,Private,2025-01-31 19:12,2025-01-31 20:19,Pallavaram,Mahindra City,64.49,1,,657.58,Wallet,Standard,12.382,0.0
RIDE002843,Private,2025-01-24 05:44,2025-01-24 06:41,Chromepet,Chengalpattu Town,54.32,1,,549.89,Wallet,Standard,10.429,0.0
RIDE002844,Carpool,2025-01-21 14:11,2025-01-21 15:19,Velachery,SRM University,62.05,2,1.8,374.03,UPI,Shared,8.687,3.227
RIDE002845,Carpool,2025-02-10 02:36,2025-02-10 03:48,T Nagar,Chengalpattu Town,58.86,3,2.6,354.14,UPI,Shared,8.24,3.061
RIDE002846,Carpool,2025-02-02 19:37,2025-02-02 20:16,Adyar,Chengalpattu Bus Stand,31.69,4,3.8,244.07,Wallet,Shared,4.437,1.647
RIDE002847,Private,2025-03-24 16:07,2025-03-24 16:55,Pallavaram,Chengalpattu Town,40.1,1,,413.03,Cash,Standard,7.699,0.0
RIDE002848,Private,2025-04-15 10:51,2025-04-15 11:43,T Nagar,Mahindra City,54.85,1,,498.79,UPI,Standard,10.531,0.0
RIDE002849,Carpool,2025-02-13 08:00,2025-02-13 08:42,Perungudi,Singaperumal Koil,46.0,3,2.9,321.71,Card,Shared,6.44,2.392
RIDE002850,Private,2025-01-22 00:00,2025-01-22 00:57,OMR Sholinganallur,SRM University,50.28,1,,480.67,Card,Standard,9.654,0.0
RIDE002851,Carpool,2025-04-22 06:58,2025-04-22 07:51,Adyar,Chengalpattu Bus Stand,45.19,4,3.6,298.18,Wallet,Shared,6.327,2.349
RIDE002852,Carpool,2025-01-23 23:28,2025-01-24 00:16,T Nagar,Mahindra City,41.44,3,2.8,254.85,Wallet,Shared,5.802,2.154
RIDE002853,Carpool,2025-04-23 05:46,2025-04-23 06:37,Chromepet,SRM University,49.1,2,1.5,365.96,Wallet,Shared,6.874,2.553
RIDE002854,Private,2025-04-20 22:07,2025-04-20 22:41,Adyar,Singaperumal Koil,30.28,1,,288.04,Cash,Standard,5.814,0.0
RIDE002855,Private,2025-01-27 23:45,2025-01-28 00:36,Pallavaram,Singaperumal Koil,43.97,1,,491.76,Wallet,Standard,8.442,0.0
RIDE002856,Carpool,2025-02-05 09:26,2025-02-05 10:11,Perungudi,Chengalpattu Bus Stand,41.6,4,3.9,309.17,UPI,Shared,5.824,2.163
RIDE002857,Carpool,2025-01-27 20:25,2025-01-27 21:31,T Nagar,SRM University,53.71,4,3.9,382.89,Card,Shared,7.519,2.793
RIDE002858,Private,2025-01-17 03:08,2025-01-17 04:07,Chromepet,Chengalpattu Bus Stand,50.61,1,,462.78,UPI,Standard,9.717,0.0
RIDE002859,Carpool,2025-01-21 07:20,2025-01-21 07:58,OMR Sholinganallur,Chengalpattu Town,33.43,3,2.6,234.72,Wallet,Shared,4.68,1.739
RIDE002860,Carpool,2025-01-29 12:38,2025-01-29 13:47,Pallavaram,Singaperumal Koil,63.46,4,3.5,447.44,Card,Shared,8.884,3.3
RIDE002861,Carpool,2025-02-03 16:02,2025-02-03 16:37,Velachery,Singaperumal Koil,30.38,2,1.9,204.24,UPI,Shared,4.253,1.58
RIDE002862,Carpool,2025-04-09 00:54,2025-04-09 01:41,Perungudi,Mahindra City,41.09,3,2.7,293.79,UPI,Shared,5.753,2.136
RIDE002863,Carpool,2025-03-26 11:22,2025-03-26 11:58,Chromepet,Singaperumal Koil,34.95,3,2.7,264.77,Wallet,Shared,4.893,1.817
RIDE002864,Carpool,2025-03-10 04:00,2025-03-10 04:54,Tambaram,Mahindra City,59.87,4,3.8,436.76,Wallet,Shared,8.382,3.113
RIDE002865,Private,2025-01-28 18:28,2025-01-28 18:56,Adyar,Chengalpattu Bus Stand,30.19,1,,322.46,Card,Standard,5.796,0.0
RIDE002866,Carpool,2025-03-24 01:16,2025-03-24 02:18,Mylapore,Singaperumal Koil,55.39,4,3.7,369.88,Cash,Shared,7.755,2.88
RIDE002867,Carpool,2025-01-24 23:23,2025-01-25 00:27,Pallavaram,Singaperumal Koil,59.4,4,4.0,447.48,UPI,Shared,8.316,3.089
RIDE002868,Private,2025-03-04 07:28,2025-03-04 08:13,T Nagar,Chengalpattu Bus Stand,39.38,1,,366.97,UPI,Standard,7.561,0.0
RIDE002869,Carpool,2025-04-03 20:01,2025-04-03 20:50,Adyar,Singaperumal Koil,41.73,2,1.8,290.45,Cash,Shared,5.842,2.17
RIDE002870,Carpool,2025-03-03 21:59,2025-03-03 23:02,Pallavaram,Chengalpattu Town,57.01,3,2.8,406.1,Card,Shared,7.981,2.965
RIDE002871,Carpool,2025-01-13 12:42,2025-01-13 13:46,T Nagar,Chengalpattu Town,54.72,4,3.5,365.69,Card,Shared,7.661,2.845
RIDE002872,Carpool,2025-01-12 22:06,2025-01-12 22:48,Adyar,SRM University,34.32,4,4.0,220.05,Cash,Shared,4.805,1.784
RIDE002873,Private,2025-04-12 11:43,2025-04-12 12:39,Guindy,SRM University,56.71,1,,523.01,Wallet,Standard,10.888,0.0
RIDE002874,Private,2025-04-05 03:52,2025-04-05 04:51,Guindy,Mahindra City,57.78,1,,585.37,Wallet,Standard,11.094,0.0
RIDE002875,Private,2025-01-30 17:22,2025-01-30 18:15,Velachery,Mahindra City,59.07,1,,626.58,Cash,Standard,11.341,0.0
RIDE002876,Private,2025-04-14 19:45,2025-04-14 20:42,Mylapore,SRM University,59.9,1,,556.14,UPI,Standard,11.501,0.0
RIDE002877,Private,2025-04-17 11:17,2025-04-17 12:26,Guindy,Mahindra City,58.82,1,,538.61,UPI,Standard,11.293,0.0
RIDE002878,Private,2025-03-10 18:44,2025-03-10 19:30,Anna Nagar,Chengalpattu Town,37.35,1,,363.51,Card,Standard,7.171,0.0
RIDE002879,Carpool,2025-03-25 11:27,2025-03-25 12:14,Perungudi,Chengalpattu Town,38.15,4,3.6,264.54,Wallet,Shared,5.341,1.984
RIDE002880,Carpool,2025-03-14 16:35,2025-03-14 17:39,Mylapore,SRM University,52.43,2,1.9,383.69,Wallet,Shared,7.34,2.727
RIDE002881,Carpool,2025-01-04 05:17,2025-01-04 06:12,Adyar,SRM University,47.8,2,1.9,306.26,Card,Shared,6.692,2.486
RIDE002882,Private,2025-04-19 20:24,2025-04-19 21:05,T Nagar,Chengalpattu Town,33.71,1,,319.99,Wallet,Standard,6.472,0.0
RIDE002883,Private,2025-01-13 19:01,2025-01-13 19:33,Guindy,Mahindra City,32.01,1,,365.13,Card,Standard,6.146,0.0
RIDE002884,Carpool,2025-03-13 03:26,2025-03-13 04:30,Perungudi,Singaperumal Koil,58.22,2,1.6,361.51,Cash,Shared,8.151,3.027
RIDE002885,Private,2025-01-20 16:26,2025-01-20 17:28,Chromepet,Chengalpattu Town,58.58,1,,664.82,Cash,Standard,11.247,0.0
RIDE002886,Carpool,2025-04-02 02:57,2025-04-02 04:13,Velachery,Chengalpattu Town,63.07,3,2.4,476.38,Card,Shared,8.83,3.279
RIDE002887,Carpool,2025-03-23 19:29,2025-03-23 20:39,Tambaram,Mahindra City,63.31,2,1.6,414.4,Cash,Shared,8.863,3.293
RIDE002888,Private,2025-01-29 07:26,2025-01-29 08:23,Guindy,Singaperumal Koil,63.16,1,,664.54,Cash,Standard,12.127,0.0
RIDE002889,Private,2025-01-13 09:41,2025-01-13 10:16,Guindy,Chengalpattu Town,38.28,1,,401.03,Wallet,Standard,7.35,0.0
RIDE002890,Private,2025-01-30 22:55,2025-01-30 23:30,Chromepet,Chengalpattu Town,34.2,1,,310.22,Cash,Standard,6.566,0.0
RIDE002891,Private,2025-03-01 09:45,2025-03-01 10:30,Mylapore,SRM University,41.85,1,,426.95,Card,Standard,8.035,0.0
RIDE002892,Private,2025-04-11 21:41,2025-04-11 22:47,Pallavaram,Mahindra City,54.24,1,,551.86,UPI,Standard,10.414,0.0
RIDE002893,Carpool,2025-02-16 19:41,2025-02-16 20:13,Guindy,Chengalpattu Town,36.23,3,2.6,271.84,Card,Shared,5.072,1.884
RIDE002894,Carpool,2025-01-16 21:04,2025-01-16 22:15,T Nagar,SRM University,62.94,4,3.6,403.36,UPI,Shared,8.812,3.272
RIDE002895,Carpool,2025-03-08 20:34,2025-03-08 21:12,OMR Sholinganallur,Singaperumal Koil,31.99,4,3.9,214.7,Cash,Shared,4.479,1.663
RIDE002896,Carpool,2025-01-17 01:33,2025-01-17 02:15,Adyar,Chengalpattu Town,41.1,4,3.5,289.37,Card,Shared,5.754,2.137
RIDE002897,Private,2025-03-01 13:12,2025-03-01 13:57,Pallavaram,Mahindra City,40.49,1,,437.3,Cash,Standard,7.774,0.0
RIDE002898,Private,2025-03-07 07:46,2025-03-07 08:58,Tambaram,SRM University,62.26,1,,662.03,Card,Standard,11.954,0.0
RIDE002899,Private,2025-01-31 23:42,2025-02-01 00:22,Adyar,Mahindra City,36.94,1,,406.03,Wallet,Standard,7.092,0.0
RIDE002900,Private,2025-04-07 16:37,2025-04-07 17:37,Chromepet,Mahindra City,57.56,1,,597.89,UPI,Standard,11.052,0.0
RIDE002901,Private,2025-03-20 19:02,2025-03-20 19:43,Mylapore,SRM University,43.94,1,,406.0,Card,Standard,8.436,0.0
RIDE002902,Private,2025-04-18 05:36,2025-04-18 06:06,Chromepet,Chengalpattu Town,31.26,1,,309.16,Wallet,Standard,6.002,0.0
RIDE002903,Private,2025-04-14 08:23,2025-04-14 09:09,OMR Sholinganallur,SRM University,50.51,1,,566.55,UPI,Standard,9.698,0.0
RIDE002904,Carpool,2025-04-01 07:50,2025-04-01 08:56,Chromepet,Chengalpattu Bus Stand,57.89,3,2.7,440.45,Card,Shared,8.105,3.01
RIDE002905,Private,2025-03-16 13:56,2025-03-16 14:40,Guindy,Chengalpattu Bus Stand,44.89,1,,407.93,Card,Standard,8.619,0.0
RIDE002906,Private,2025-01-30 05:09,2025-01-30 05:58,Tambaram,Chengalpattu Bus Stand,42.24,1,,468.56,UPI,Standard,8.11,0.0
RIDE002907,Private,2025-04-12 16:15,2025-04-12 17:05,Pallavaram,Chengalpattu Town,51.16,1,,545.51,Wallet,Standard,9.823,0.0
RIDE002908,Carpool,2025-02-12 04:37,2025-02-12 05:47,Guindy,Mahindra City,63.07,3,2.5,454.23,Wallet,Shared,8.83,3.279
RIDE002909,Carpool,2025-03-04 02:14,2025-03-04 02:48,Velachery,Singaperumal Koil,30.55,4,3.8,183.3,UPI,Shared,4.277,1.589
RIDE002910,Private,2025-01-27 03:49,2025-01-27 04:31,Mylapore,Chengalpattu Bus Stand,37.91,1,,368.68,Card,Standard,7.279,0.0
RIDE002911,Private,2025-03-01 14:03,2025-03-01 14:54,Guindy,Singaperumal Koil,42.07,1,,383.31,Wallet,Standard,8.077,0.0
RIDE002912,Private,2025-02-14 08:47,2025-02-14 09:52,Chromepet,Mahindra City,64.09,1,,585.94,UPI,Standard,12.305,0.0
RIDE002913,Private,2025-02-27 16:28,2025-02-27 17:10,Chromepet,SRM University,46.38,1,,460.91,Card,Standard,8.905,0.0
RIDE002914,Private,2025-04-15 04:14,2025-04-15 05:12,Guindy,Chengalpattu Bus Stand,60.55,1,,693.78,Card,Standard,11.626,0.0
RIDE002915,Private,2025-04-21 08:51,2025-04-21 10:02,Mylapore,Mahindra City,59.41,1,,676.63,Card,Standard,11.407,0.0
RIDE002916,Carpool,2025-02-17 22:19,2025-02-17 22:58,Velachery,Mahindra City,41.83,3,2.8,310.35,Cash,Shared,5.856,2.175
RIDE002917,Private,2025-02-01 16:54,2025-02-01 17:47,Adyar,SRM University,45.83,1,,498.46,Wallet,Standard,8.799,0.0
RIDE002918,Carpool,2025-03-29 00:46,2025-03-29 01:21,Velachery,Mahindra City,39.07,2,1.4,235.99,UPI,Shared,5.47,2.031
RIDE002919,Private,2025-04-25 14:34,2025-04-25 15:37,Tambaram,Chengalpattu Bus Stand,55.17,1,,505.3,Card,Standard,10.593,0.0
RIDE002920,Carpool,2025-03-19 19:23,2025-03-19 20:36,Perungudi,Mahindra City,62.59,4,3.6,487.91,Cash,Shared,8.763,3.254
RIDE002921,Private,2025-04-30 01:05,2025-04-30 01:40,Tambaram,Mahindra City,36.16,1,,412.09,UPI,Standard,6.943,0.0
RIDE002922,Carpool,2025-01-23 19:48,2025-01-23 20:40,Anna Nagar,SRM University,51.16,4,3.9,386.11,UPI,Shared,7.162,2.661
RIDE002923,Private,2025-03-05 23:05,2025-03-06 00:22,Adyar,Singaperumal Koil,64.43,1,,599.13,UPI,Standard,12.371,0.0
RIDE002924,Carpool,2025-03-10 17:49,2025-03-10 18:26,Chromepet,Chengalpattu Town,41.28,4,3.7,278.32,Wallet,Shared,5.779,2.147
RIDE002925,Private,2025-04-16 01:23,2025-04-16 02:07,T Nagar,Mahindra City,40.02,1,,405.27,Wallet,Standard,7.684,0.0
RIDE002926,Private,2025-02-20 15:42,2025-02-20 16:19,Pallavaram,SRM University,31.88,1,,332.55,Cash,Standard,6.121,0.0
RIDE002927,Private,2025-03-13 05:01,2025-03-13 05:30,Chromepet,Mahindra City,30.52,1,,350.51,Cash,Standard,5.86,0.0
RIDE002928,Private,2025-03-14 05:02,2025-03-14 05:56,T Nagar,Mahindra City,53.04,1,,514.6,Wallet,Standard,10.184,0.0
RIDE002929,Private,2025-03-03 09:36,2025-03-03 10:23,Tambaram,Mahindra City,51.28,1,,470.1,UPI,Standard,9.846,0.0
RIDE002930,Carpool,2025-03-02 04:33,2025-03-02 05:30,T Nagar,Mahindra City,55.04,4,3.8,333.85,Card,Shared,7.706,2.862
RIDE002931,Private,2025-01-24 07:23,2025-01-24 08:19,Anna Nagar,Chengalpattu Bus Stand,45.43,1,,420.72,Cash,Standard,8.723,0.0
RIDE002932,Carpool,2025-02-20 02:20,2025-02-20 02:54,OMR Sholinganallur,Singaperumal Koil,37.55,4,3.6,290.1,Wallet,Shared,5.257,1.953
RIDE002933,Carpool,2025-03-17 19:38,2025-03-17 20:27,T Nagar,Mahindra City,51.73,2,1.9,345.19,Card,Shared,7.242,2.69
RIDE002934,Carpool,2025-02-25 17:24,2025-02-25 18:28,Tambaram,Mahindra City,55.24,4,3.7,348.62,Card,Shared,7.734,2.872
RIDE002935,Private,2025-02-12 22:39,2025-02-12 23:25,Perungudi,Chengalpattu Bus Stand,50.46,1,,478.92,Card,Standard,9.688,0.0
RIDE002936,Carpool,2025-01-11 14:22,2025-01-11 14:55,Tambaram,Chengalpattu Bus Stand,32.52,3,2.8,237.53,UPI,Shared,4.553,1.691
RIDE002937,Carpool,2025-03-20 13:04,2025-03-20 14:15,Guindy,Chengalpattu Town,59.9,3,2.7,381.95,UPI,Shared,8.386,3.115
RIDE002938,Carpool,2025-01-18 19:20,2025-01-18 19:49,Tambaram,SRM University,31.73,4,3.9,197.8,Card,Shared,4.442,1.65
RIDE002939,Private,2025-02-26 12:33,2025-02-26 13:07,Mylapore,Chengalpattu Bus Stand,34.34,1,,310.92,UPI,Standard,6.593,0.0
RIDE002940,Private,2025-01-04 11:47,2025-01-04 12:53,Guindy,SRM University,58.66,1,,561.92,Cash,Standard,11.263,0.0
RIDE002941,Carpool,2025-02-20 04:48,2025-02-20 05:57,Chromepet,Chengalpattu Town,57.68,2,1.6,421.5,UPI,Shared,8.075,3.0
RIDE002942,Private,2025-02-11 08:54,2025-02-11 09:35,Chromepet,SRM University,46.12,1,,427.03,UPI,Standard,8.855,0.0
RIDE002943,Private,2025-02-22 20:24,2025-02-22 20:56,Guindy,Chengalpattu Town,32.55,1,,314.71,Card,Standard,6.25,0.0
RIDE002944,Private,2025-02-14 15:48,2025-02-14 16:29,Adyar,SRM University,37.95,1,,370.78,Cash,Standard,7.286,0.0
RIDE002945,Private,2025-01-05 14:18,2025-01-05 15:02,Anna Nagar,Mahindra City,40.51,1,,462.9,Wallet,Standard,7.778,0.0
RIDE002946,Private,2025-04-18 05:12,2025-04-18 05:45,Tambaram,Chengalpattu Town,31.72,1,,358.8,Cash,Standard,6.09,0.0
RIDE002947,Carpool,2025-01-21 07:06,2025-01-21 08:10,Adyar,Chengalpattu Bus Stand,54.81,4,4.0,376.38,UPI,Shared,7.673,2.851
RIDE002948,Private,2025-02-06 18:04,2025-02-06 19:12,Perungudi,Chengalpattu Bus Stand,55.34,1,,591.6,Cash,Standard,10.625,0.0
RIDE002949,Carpool,2025-03-20 00:18,2025-03-20 00:47,Adyar,Singaperumal Koil,30.4,2,1.6,208.14,Cash,Shared,4.256,1.581
RIDE002950,Private,2025-01-07 16:54,2025-01-07 17:41,Tambaram,Chengalpattu Bus Stand,45.89,1,,452.07,Wallet,Standard,8.811,0.0
RIDE002951,Carpool,2025-02-09 20:59,2025-02-09 21:45,Adyar,Singaperumal Koil,39.48,3,2.9,302.73,UPI,Shared,5.527,2.053
RIDE002952,Private,2025-01-24 09:30,2025-01-24 10:12,Tambaram,Mahindra City,38.7,1,,357.91,UPI,Standard,7.43,0.0
RIDE002953,Private,2025-04-16 13:33,2025-04-16 14:12,Guindy,Chengalpattu Town,35.25,1,,354.25,Wallet,Standard,6.768,0.0
RIDE002954,Private,2025-01-03 01:36,2025-01-03 02:21,Pallavaram,Chengalpattu Bus Stand,44.32,1,,450.03,UPI,Standard,8.509,0.0
RIDE002955,Carpool,2025-03-14 19:57,2025-03-14 20:53,Anna Nagar,Chengalpattu Town,55.99,4,3.7,336.56,Card,Shared,7.839,2.911
RIDE002956,Carpool,2025-03-18 21:32,2025-03-18 22:40,OMR Sholinganallur,Chengalpattu Town,56.55,4,3.4,396.72,Card,Shared,7.917,2.941
RIDE002957,Private,2025-01-13 06:14,2025-01-13 07:08,Pallavaram,Chengalpattu Town,53.68,1,,585.79,UPI,Standard,10.307,0.0
RIDE002958,Private,2025-03-30 16:50,2025-03-30 17:51,Velachery,SRM University,52.88,1,,479.61,UPI,Standard,10.153,0.0
RIDE002959,Carpool,2025-01-09 06:59,2025-01-09 08:17,Chromepet,Chengalpattu Town,62.82,2,1.5,378.57,Card,Shared,8.795,3.266
RIDE002960,Carpool,2025-02-08 08:01,2025-02-08 09:10,Guindy,Chengalpattu Town,64.94,4,3.9,429.1,Card,Shared,9.092,3.376
RIDE002961,Carpool,2025-01-22 14:57,2025-01-22 15:36,Adyar,Mahindra City,35.53,3,2.4,225.83,UPI,Shared,4.974,1.848
RIDE002962,Carpool,2025-02-12 08:10,2025-02-12 09:16,Pallavaram,Chengalpattu Bus Stand,63.77,3,2.5,470.29,Card,Shared,8.928,3.316
RIDE002963,Carpool,2025-04-13 17:12,2025-04-13 17:53,Chromepet,SRM University,43.7,2,1.9,296.79,Cash,Shared,6.118,2.272
RIDE002964,Carpool,2025-03-19 20:49,2025-03-19 21:31,Tambaram,Singaperumal Koil,40.61,4,3.4,283.9,Wallet,Shared,5.685,2.112
RIDE002965,Private,2025-02-21 20:50,2025-02-21 21:34,T Nagar,Chengalpattu Bus Stand,36.14,1,,399.34,UPI,Standard,6.939,0.0
RIDE002966,Carpool,2025-03-16 18:41,2025-03-16 19:36,Pallavaram,Chengalpattu Town,59.52,4,4.0,384.75,UPI,Shared,8.333,3.095
RIDE002967,Private,2025-02-15 09:36,2025-02-15 10:24,Perungudi,Chengalpattu Bus Stand,41.68,1,,426.54,Cash,Standard,8.003,0.0
RIDE002968,Private,2025-03-18 02:11,2025-03-18 02:56,Tambaram,Mahindra City,36.64,1,,414.24,Card,Standard,7.035,0.0
RIDE002969,Carpool,2025-03-05 20:07,2025-03-05 20:57,Guindy,Chengalpattu Bus Stand,47.53,4,3.7,339.38,UPI,Shared,6.654,2.472
RIDE002970,Private,2025-04-17 22:30,2025-04-17 23:07,Chromepet,SRM University,31.06,1,,346.37,Cash,Standard,5.964,0.0
RIDE002971,Carpool,2025-02-09 08:06,2025-02-09 08:41,OMR Sholinganallur,Chengalpattu Town,36.8,3,3.0,231.17,UPI,Shared,5.152,1.914
RIDE002972,Carpool,2025-01-13 02:10,2025-01-13 03:12,T Nagar,Mahindra City,60.29,3,2.5,432.81,Card,Shared,8.441,3.135
RIDE002973,Private,2025-01-26 15:08,2025-01-26 15:55,Velachery,SRM University,51.42,1,,468.52,Card,Standard,9.873,0.0
RIDE002974,Private,2025-03-05 14:40,2025-03-05 15:39,Guindy,Mahindra City,58.51,1,,666.72,Cash,Standard,11.234,0.0
RIDE002975,Carpool,2025-04-11 07:25,2025-04-11 08:20,Perungudi,Chengalpattu Town,46.05,2,1.7,324.09,Cash,Shared,6.447,2.395
RIDE002976,Private,2025-04-19 10:54,2025-04-19 11:43,Perungudi,Chengalpattu Bus Stand,43.01,1,,398.69,Cash,Standard,8.258,0.0
RIDE002977,Carpool,2025-02-13 05:27,2025-02-13 06:26,Guindy,Chengalpattu Town,53.94,3,2.7,405.3,UPI,Shared,7.552,2.804
RIDE002978,Private,2025-01-12 07:00,2025-01-12 07:39,Velachery,Chengalpattu Bus Stand,34.01,1,,378.31,Card,Standard,6.53,0.0
RIDE002979,Private,2025-01-09 07:35,2025-01-09 08:28,Perungudi,Mahindra City,46.46,1,,509.84,Cash,Standard,8.92,0.0
RIDE002980,Carpool,2025-05-01 00:54,2025-05-01 01:49,Adyar,Chengalpattu Town,46.01,3,2.9,349.33,Card,Shared,6.441,2.393
RIDE002981,Private,2025-03-02 02:31,2025-03-02 03:03,Velachery,Mahindra City,31.71,1,,306.25,Wallet,Standard,6.088,0.0
RIDE002982,Carpool,2025-04-22 19:40,2025-04-22 20:43,Perungudi,Mahindra City,55.48,3,2.6,339.76,UPI,Shared,7.767,2.885
RIDE002983,Private,2025-03-18 01:09,2025-03-18 02:06,Perungudi,SRM University,57.45,1,,543.78,UPI,Standard,11.03,0.0
RIDE002984,Carpool,2025-01-28 09:34,2025-01-28 10:24,Pallavaram,Chengalpattu Bus Stand,42.45,4,3.9,288.21,Wallet,Shared,5.943,2.207
RIDE002985,Private,2025-01-21 18:46,2025-01-21 19:51,Anna Nagar,Chengalpattu Town,55.12,1,,570.3,Wallet,Standard,10.583,0.0
RIDE002986,Carpool,2025-01-31 01:28,2025-01-31 02:19,Chromepet,Chengalpattu Town,47.83,4,3.5,343.54,Card,Shared,6.696,2.487
RIDE002987,Carpool,2025-04-13 23:28,2025-04-14 00:36,Adyar,Singaperumal Koil,63.71,3,2.6,410.05,UPI,Shared,8.919,3.313
RIDE002988,Carpool,2025-01-23 20:00,2025-01-23 20:52,Pallavaram,Singaperumal Koil,49.02,2,1.5,374.76,Card,Shared,6.863,2.549
RIDE002989,Private,2025-03-07 00:11,2025-03-07 01:12,Guindy,Singaperumal Koil,60.56,1,,629.83,Card,Standard,11.628,0.0
RIDE002990,Carpool,2025-01-29 04:57,2025-01-29 06:05,T Nagar,Chengalpattu Town,62.86,3,2.9,391.28,Wallet,Shared,8.8,3.269
RIDE002991,Private,2025-03-14 11:57,2025-03-14 12:52,Chromepet,Chengalpattu Town,58.33,1,,615.43,UPI,Standard,11.199,0.0
RIDE002992,Private,2025-02-09 17:54,2025-02-09 18:28,Guindy,SRM University,36.13,1,,328.82,Wallet,Standard,6.937,0.0
RIDE002993,Private,2025-03-12 09:19,2025-03-12 09:52,Velachery,Singaperumal Koil,32.35,1,,335.73,UPI,Standard,6.211,0.0
RIDE002994,Carpool,2025-04-27 16:48,2025-04-27 17:24,OMR Sholinganallur,SRM University,35.95,2,1.8,216.47,Cash,Shared,5.033,1.869
RIDE002995,Carpool,2025-04-03 13:31,2025-04-03 14:32,Perungudi,Mahindra City,59.94,3,2.7,362.08,Wallet,Shared,8.392,3.116
RIDE002996,Carpool,2025-02-03 05:48,2025-02-03 06:24,Anna Nagar,Singaperumal Koil,38.53,2,1.7,252.13,Wallet,Shared,5.394,2.004
RIDE002997,Carpool,2025-04-26 04:52,2025-04-26 05:32,OMR Sholinganallur,Singaperumal Koil,32.59,2,1.6,210.17,Cash,Shared,4.563,1.694
RIDE002998,Private,2025-01-22 10:38,2025-01-22 11:11,Velachery,Singaperumal Koil,32.1,1,,342.68,Card,Standard,6.163,0.0
RIDE002999,Private,2025-02-21 23:21,2025-02-22 00:24,Anna Nagar,SRM University,59.66,1,,567.66,UPI,Standard,11.455,0.0
RIDE003000,Private,2025-01-10 15:02,2025-01-10 16:00,T Nagar,Chengalpattu Bus Stand,59.55,1,,634.29,UPI,Standard,11.434,0.0
RIDE003001,Carpool,2025-02-25 23:18,2025-02-26 00:13,Pallavaram,SRM University,44.97,2,1.4,330.03,UPI,Shared,6.296,2.338
RIDE003002,Carpool,2025-03-17 16:57,2025-03-17 18:09,Chromepet,Chengalpattu Town,58.73,4,3.5,414.71,Cash,Shared,8.222,3.054
RIDE003003,Carpool,2025-04-25 01:10,2025-04-25 02:17,Adyar,Mahindra City,57.43,3,2.7,360.63,UPI,Shared,8.04,2.987
RIDE003004,Carpool,2025-04-06 10:41,2025-04-06 11:53,Adyar,Singaperumal Koil,60.46,2,1.9,463.72,Cash,Shared,8.464,3.144
RIDE003005,Carpool,2025-01-09 05:18,2025-01-09 06:18,Adyar,Chengalpattu Town,55.31,3,2.6,340.68,Cash,Shared,7.743,2.877
RIDE003006,Carpool,2025-02-27 05:01,2025-02-27 05:47,Pallavaram,SRM University,46.42,2,1.7,316.0,Cash,Shared,6.499,2.414
RIDE003007,Private,2025-04-06 14:56,2025-04-06 15:56,Pallavaram,Singaperumal Koil,64.71,1,,728.87,UPI,Standard,12.424,0.0
RIDE003008,Carpool,2025-02-06 20:01,2025-02-06 21:00,Velachery,Chengalpattu Town,64.21,2,1.9,407.93,Card,Shared,8.989,3.339
RIDE003009,Carpool,2025-03-03 05:22,2025-03-03 06:24,Mylapore,SRM University,58.53,4,3.7,387.2,Card,Shared,8.194,3.044
RIDE003010,Private,2025-02-05 21:26,2025-02-05 22:01,Adyar,SRM University,38.82,1,,397.75,Cash,Standard,7.453,0.0
RIDE003011,Carpool,2025-04-12 22:25,2025-04-12 23:10,Velachery,Chengalpattu Town,40.21,2,1.6,274.16,Cash,Shared,5.629,2.091
RIDE003012,Carpool,2025-01-26 04:30,2025-01-26 05:03,Pallavaram,SRM University,32.17,3,2.9,221.42,UPI,Shared,4.504,1.673
RIDE003013,Carpool,2025-02-21 02:11,2025-02-21 02:53,Pallavaram,Singaperumal Koil,37.62,4,3.9,251.71,UPI,Shared,5.267,1.956
RIDE003014,Carpool,2025-01-31 21:04,2025-01-31 21:46,Velachery,SRM University,47.05,2,1.4,353.19,Card,Shared,6.587,2.447
RIDE003015,Carpool,2025-03-28 14:39,2025-03-28 15:35,Anna Nagar,Singaperumal Koil,57.13,2,1.5,378.48,Wallet,Shared,7.998,2.971
RIDE003016,Carpool,2025-04-27 06:48,2025-04-27 07:22,Guindy,Singaperumal Koil,33.47,2,1.8,213.62,UPI,Shared,4.686,1.74
RIDE003017,Carpool,2025-03-06 17:44,2025-03-06 18:18,Adyar,Singaperumal Koil,33.7,2,1.5,211.59,Wallet,Shared,4.718,1.752
RIDE003018,Private,2025-02-21 05:15,2025-02-21 06:13,Perungudi,Chengalpattu Town,56.83,1,,575.45,Wallet,Standard,10.911,0.0
RIDE003019,Carpool,2025-03-26 16:42,2025-03-26 17:25,Mylapore,Chengalpattu Town,38.6,3,2.7,248.62,Cash,Shared,5.404,2.007
RIDE003020,Private,2025-01-24 02:34,2025-01-24 03:08,Chromepet,Chengalpattu Bus Stand,30.11,1,,292.68,Wallet,Standard,5.781,0.0
RIDE003021,Private,2025-02-06 04:31,2025-02-06 05:09,T Nagar,Chengalpattu Town,33.25,1,,320.05,UPI,Standard,6.384,0.0
RIDE003022,Carpool,2025-04-30 16:22,2025-04-30 16:56,Chromepet,Chengalpattu Town,30.21,2,1.4,214.14,Card,Shared,4.229,1.571
RIDE003023,Carpool,2025-01-16 08:51,2025-01-16 09:42,Chromepet,Chengalpattu Bus Stand,45.89,2,1.5,355.69,Card,Shared,6.425,2.386
RIDE003024,Carpool,2025-04-11 11:00,2025-04-11 11:45,Velachery,Singaperumal Koil,41.52,3,2.7,254.2,Card,Shared,5.813,2.159
RIDE003025,Carpool,2025-03-21 13:03,2025-03-21 13:53,Mylapore,Mahindra City,44.02,2,1.6,334.39,Cash,Shared,6.163,2.289
RIDE003026,Private,2025-03-05 15:42,2025-03-05 16:24,OMR Sholinganallur,Mahindra City,46.38,1,,437.14,Cash,Standard,8.905,0.0
RIDE003027,Carpool,2025-04-30 00:00,2025-04-30 00:46,Tambaram,Mahindra City,46.46,2,1.9,284.59,Card,Shared,6.504,2.416
RIDE003028,Carpool,2025-04-17 08:00,2025-04-17 09:09,Adyar,Chengalpattu Bus Stand,56.96,4,3.4,425.46,Cash,Shared,7.974,2.962
RIDE003029,Private,2025-04-04 21:59,2025-04-04 22:28,Guindy,SRM University,30.06,1,,294.66,Cash,Standard,5.772,0.0
RIDE003030,Carpool,2025-04-06 14:00,2025-04-06 15:03,Chromepet,Mahindra City,52.48,4,3.6,364.48,Wallet,Shared,7.347,2.729
RIDE003031,Carpool,2025-01-17 03:57,2025-01-17 04:41,OMR Sholinganallur,Singaperumal Koil,37.35,2,1.8,287.82,UPI,Shared,5.229,1.942
RIDE003032,Carpool,2025-02-02 16:26,2025-02-02 16:57,Chromepet,SRM University,31.92,4,3.7,211.42,Card,Shared,4.469,1.66
RIDE003033,Carpool,2025-01-16 16:32,2025-01-16 17:08,Anna Nagar,Mahindra City,32.9,3,2.9,212.8,UPI,Shared,4.606,1.711
RIDE003034,Carpool,2025-01-13 12:33,2025-01-13 13:20,Guindy,Chengalpattu Bus Stand,41.48,3,2.6,263.49,Wallet,Shared,5.807,2.157
RIDE003035,Carpool,2025-02-09 14:47,2025-02-09 15:29,Pallavaram,Chengalpattu Town,42.87,4,3.6,293.77,Cash,Shared,6.002,2.229
RIDE003036,Carpool,2025-03-21 14:33,2025-03-21 15:36,Chromepet,Mahindra City,64.24,4,3.9,385.7,UPI,Shared,8.994,3.34
RIDE003037,Carpool,2025-01-07 01:21,2025-01-07 02:13,Anna Nagar,SRM University,57.96,2,1.4,428.34,Card,Shared,8.114,3.014
RIDE003038,Private,2025-04-24 11:19,2025-04-24 12:06,Velachery,SRM University,46.24,1,,431.53,Wallet,Standard,8.878,0.0
RIDE003039,Private,2025-01-06 23:23,2025-01-06 23:56,Perungudi,Chengalpattu Town,35.52,1,,399.17,Wallet,Standard,6.82,0.0
RIDE003040,Carpool,2025-04-09 03:27,2025-04-09 04:13,Pallavaram,Chengalpattu Town,50.47,3,2.5,382.01,UPI,Shared,7.066,2.624
RIDE003041,Private,2025-01-12 23:33,2025-01-13 00:08,Anna Nagar,Chengalpattu Town,37.95,1,,418.56,Cash,Standard,7.286,0.0
RIDE003042,Private,2025-03-16 17:52,2025-03-16 18:48,Pallavaram,Mahindra City,45.51,1,,491.48,UPI,Standard,8.738,0.0
RIDE003043,Private,2025-03-13 04:42,2025-03-13 05:54,Velachery,Singaperumal Koil,60.75,1,,680.89,UPI,Standard,11.664,0.0
RIDE003044,Carpool,2025-04-15 19:07,2025-04-15 20:11,Anna Nagar,Chengalpattu Bus Stand,56.24,3,2.7,403.81,UPI,Shared,7.874,2.924
RIDE003045,Private,2025-04-07 02:06,2025-04-07 02:52,T Nagar,Mahindra City,37.92,1,,353.36,UPI,Standard,7.281,0.0
RIDE003046,Private,2025-03-06 02:35,2025-03-06 03:30,Pallavaram,Chengalpattu Bus Stand,57.52,1,,655.53,UPI,Standard,11.044,0.0
RIDE003047,Private,2025-04-26 06:09,2025-04-26 07:02,Tambaram,Singaperumal Koil,56.19,1,,550.1,Wallet,Standard,10.788,0.0
RIDE003048,Private,2025-03-01 05:49,2025-03-01 06:27,T Nagar,Chengalpattu Town,35.25,1,,365.37,Wallet,Standard,6.768,0.0
RIDE003049,Private,2025-01-30 13:34,2025-01-30 14:24,Tambaram,SRM University,49.92,1,,570.39,Cash,Standard,9.585,0.0
RIDE003050,Carpool,2025-01-02 23:11,2025-01-03 00:08,Pallavaram,Chengalpattu Bus Stand,59.92,2,1.9,437.49,Wallet,Shared,8.389,3.116
RIDE003051,Carpool,2025-02-10 01:33,2025-02-10 02:30,Velachery,Chengalpattu Town,53.37,3,2.7,394.89,UPI,Shared,7.472,2.775
RIDE003052,Carpool,2025-04-12 16:47,2025-04-12 17:39,OMR Sholinganallur,SRM University,42.78,2,1.8,264.39,Cash,Shared,5.989,2.225
RIDE003053,Private,2025-03-20 07:03,2025-03-20 08:05,Tambaram,SRM University,52.21,1,,509.36,Card,Standard,10.024,0.0
RIDE003054,Carpool,2025-01-26 05:39,2025-01-26 06:22,Mylapore,Mahindra City,41.73,2,1.8,316.75,UPI,Shared,5.842,2.17
RIDE003055,Private,2025-01-12 10:48,2025-01-12 11:32,Perungudi,Chengalpattu Bus Stand,49.1,1,,512.42,UPI,Standard,9.427,0.0
RIDE003056,Carpool,2025-01-08 15:55,2025-01-08 16:26,Perungudi,Chengalpattu Town,32.42,3,2.5,215.95,Wallet,Shared,4.539,1.686
RIDE003057,Carpool,2025-01-05 19:03,2025-01-05 20:03,Chromepet,Singaperumal Koil,52.76,2,1.4,363.1,Wallet,Shared,7.386,2.744
RIDE003058,Carpool,2025-01-30 23:23,2025-01-31 00:41,Mylapore,SRM University,64.0,4,3.8,477.33,Card,Shared,8.96,3.328
RIDE003059,Private,2025-03-23 18:26,2025-03-23 19:05,Adyar,Mahindra City,34.48,1,,348.12,Cash,Standard,6.62,0.0
RIDE003060,Private,2025-04-27 23:00,2025-04-27 23:36,Anna Nagar,Singaperumal Koil,31.73,1,,330.86,Wallet,Standard,6.092,0.0
RIDE003061,Private,2025-01-29 18:59,2025-01-29 19:35,Pallavaram,Chengalpattu Town,30.55,1,,313.56,Card,Standard,5.866,0.0
RIDE003062,Private,2025-02-23 03:57,2025-02-23 04:42,Chromepet,Mahindra City,44.03,1,,397.56,Cash,Standard,8.454,0.0
RIDE003063,Private,2025-02-22 01:35,2025-02-22 02:53,Perungudi,Chengalpattu Town,64.97,1,,641.92,Card,Standard,12.474,0.0
RIDE003064,Carpool,2025-03-19 21:48,2025-03-19 22:33,Guindy,Chengalpattu Town,37.23,3,2.8,236.53,Cash,Shared,5.212,1.936
RIDE003065,Carpool,2025-01-30 01:50,2025-01-30 02:39,Chromepet,Singaperumal Koil,51.48,3,2.6,311.85,Wallet,Shared,7.207,2.677
RIDE003066,Private,2025-03-16 13:48,2025-03-16 14:38,T Nagar,Singaperumal Koil,52.83,1,,541.32,Card,Standard,10.143,0.0
RIDE003067,Carpool,2025-02-03 11:17,2025-02-03 12:00,Chromepet,SRM University,39.77,2,1.8,301.24,Cash,Shared,5.568,2.068
RIDE003068,Carpool,2025-04-15 03:45,2025-04-15 04:54,Anna Nagar,Chengalpattu Bus Stand,58.02,3,2.9,374.13,Card,Shared,8.123,3.017
RIDE003069,Carpool,2025-02-02 23:57,2025-02-03 00:35,T Nagar,Mahindra City,34.45,3,2.9,217.55,Cash,Shared,4.823,1.791
RIDE003070,Private,2025-02-23 01:15,2025-02-23 02:26,Anna Nagar,Chengalpattu Bus Stand,59.44,1,,650.8,UPI,Standard,11.412,0.0
RIDE003071,Carpool,2025-04-24 07:04,2025-04-24 07:48,OMR Sholinganallur,Singaperumal Koil,43.37,3,2.9,279.31,UPI,Shared,6.072,2.255
RIDE003072,Private,2025-01-04 04:17,2025-01-04 04:51,Tambaram,SRM University,31.8,1,,307.32,Wallet,Standard,6.106,0.0
RIDE003073,Private,2025-01-16 03:56,2025-01-16 04:50,Mylapore,Singaperumal Koil,50.24,1,,546.79,Wallet,Standard,9.646,0.0
RIDE003074,Carpool,2025-04-16 17:41,2025-04-16 18:20,Adyar,Singaperumal Koil,37.13,2,1.4,233.38,Wallet,Shared,5.198,1.931
RIDE003075,Private,2025-04-13 04:28,2025-04-13 05:20,Mylapore,Chengalpattu Bus Stand,42.88,1,,480.02,Cash,Standard,8.233,0.0
RIDE003076,Private,2025-02-24 21:28,2025-02-24 22:48,Perungudi,Singaperumal Koil,64.55,1,,704.74,Card,Standard,12.394,0.0
RIDE003077,Carpool,2025-04-22 06:06,2025-04-22 06:41,Velachery,Chengalpattu Bus Stand,34.26,2,1.9,231.18,Cash,Shared,4.796,1.782
RIDE003078,Carpool,2025-02-14 01:31,2025-02-14 02:26,Pallavaram,SRM University,50.11,2,1.8,333.17,Card,Shared,7.015,2.606
RIDE003079,Private,2025-04-02 07:01,2025-04-02 08:04,Chromepet,Mahindra City,64.8,1,,635.82,Cash,Standard,12.442,0.0
RIDE003080,Carpool,2025-04-14 22:58,2025-04-15 00:01,Guindy,SRM University,64.49,2,1.5,404.13,Wallet,Shared,9.029,3.353
RIDE003081,Carpool,2025-02-06 18:36,2025-02-06 19:39,Pallavaram,Chengalpattu Bus Stand,55.7,3,3.0,404.96,UPI,Shared,7.798,2.896
RIDE003082,Private,2025-04-25 18:55,2025-04-25 19:35,Adyar,Mahindra City,39.61,1,,406.86,UPI,Standard,7.605,0.0
RIDE003083,Carpool,2025-02-27 22:27,2025-02-27 23:01,T Nagar,Singaperumal Koil,31.03,4,3.6,207.74,UPI,Shared,4.344,1.614
RIDE003084,Private,2025-01-19 20:56,2025-01-19 21:53,Adyar,SRM University,56.93,1,,610.09,Wallet,Standard,10.931,0.0
RIDE003085,Private,2025-04-06 15:18,2025-04-06 15:58,Perungudi,Singaperumal Koil,36.89,1,,392.59,UPI,Standard,7.083,0.0
RIDE003086,Private,2025-02-22 15:46,2025-02-22 16:50,Perungudi,Chengalpattu Town,61.44,1,,619.1,Cash,Standard,11.796,0.0
RIDE003087,Carpool,2025-04-01 00:15,2025-04-01 01:07,Mylapore,Chengalpattu Bus Stand,42.53,3,2.6,257.46,UPI,Shared,5.954,2.212
RIDE003088,Carpool,2025-02-18 08:00,2025-02-18 09:05,T Nagar,SRM University,58.89,4,3.4,377.04,Wallet,Shared,8.245,3.062
RIDE003089,Private,2025-03-02 18:13,2025-03-02 18:44,Pallavaram,Chengalpattu Bus Stand,34.81,1,,330.71,Card,Standard,6.684,0.0
RIDE003090,Private,2025-04-25 20:31,2025-04-25 21:15,Tambaram,Mahindra City,47.5,1,,464.98,UPI,Standard,9.12,0.0
RIDE003091,Carpool,2025-03-27 12:27,2025-03-27 13:21,T Nagar,Chengalpattu Bus Stand,51.39,3,2.6,332.05,Wallet,Shared,7.195,2.672
RIDE003092,Private,2025-04-05 17:58,2025-04-05 19:10,Perungudi,Singaperumal Koil,61.77,1,,590.94,Cash,Standard,11.86,0.0
RIDE003093,Private,2025-04-07 01:18,2025-04-07 02:08,Perungudi,Singaperumal Koil,45.2,1,,484.88,Wallet,Standard,8.678,0.0
RIDE003094,Private,2025-01-16 14:24,2025-01-16 15:10,Anna Nagar,Mahindra City,49.68,1,,566.0,Cash,Standard,9.539,0.0
RIDE003095,Carpool,2025-01-17 02:39,2025-01-17 03:41,Guindy,Mahindra City,50.63,4,3.8,347.67,Cash,Shared,7.088,2.633
RIDE003096,Carpool,2025-04-11 12:34,2025-04-11 13:47,Chromepet,Chengalpattu Town,62.01,2,1.5,401.82,Cash,Shared,8.681,3.225
RIDE003097,Carpool,2025-04-15 04:00,2025-04-15 05:06,Velachery,Mahindra City,63.37,4,3.8,394.17,Wallet,Shared,8.872,3.295
RIDE003098,Carpool,2025-04-19 17:46,2025-04-19 18:32,OMR Sholinganallur,Singaperumal Koil,51.19,2,2.0,334.47,UPI,Shared,7.167,2.661
RIDE003099,Private,2025-02-05 05:45,2025-02-05 06:25,Perungudi,Chengalpattu Bus Stand,39.29,1,,419.31,UPI,Standard,7.544,0.0
RIDE003100,Carpool,2025-03-20 04:55,2025-03-20 05:30,T Nagar,SRM University,34.04,3,2.9,225.36,Wallet,Shared,4.766,1.77
RIDE003101,Carpool,2025-03-22 00:13,2025-03-22 00:53,Tambaram,Chengalpattu Town,32.98,2,1.5,205.53,Wallet,Shared,4.617,1.715
RIDE003102,Private,2025-03-16 06:24,2025-03-16 07:09,Chromepet,SRM University,45.4,1,,469.42,Cash,Standard,8.717,0.0
RIDE003103,Carpool,2025-01-03 13:23,2025-01-03 13:58,Perungudi,Chengalpattu Town,36.63,4,3.7,239.09,Wallet,Shared,5.128,1.905
RIDE003104,Private,2025-02-03 00:10,2025-02-03 00:49,OMR Sholinganallur,Mahindra City,42.06,1,,427.99,Cash,Standard,8.076,0.0
RIDE003105,Private,2025-01-30 21:47,2025-01-30 22:52,OMR Sholinganallur,Mahindra City,54.83,1,,624.51,UPI,Standard,10.527,0.0
RIDE003106,Carpool,2025-03-14 19:38,2025-03-14 20:16,Tambaram,Chengalpattu Town,36.62,3,2.7,275.5,Cash,Shared,5.127,1.904
RIDE003107,Carpool,2025-04-24 00:50,2025-04-24 01:36,Tambaram,SRM University,49.08,2,1.8,315.46,Wallet,Shared,6.871,2.552
RIDE003108,Private,2025-01-02 08:41,2025-01-02 09:51,Anna Nagar,Chengalpattu Bus Stand,63.17,1,,577.93,Cash,Standard,12.129,0.0
RIDE003109,Private,2025-01-03 06:10,2025-01-03 06:51,Pallavaram,Mahindra City,40.3,1,,429.59,UPI,Standard,7.738,0.0
RIDE003110,Carpool,2025-04-12 18:16,2025-04-12 18:58,Pallavaram,Chengalpattu Town,40.29,3,2.9,311.5,Card,Shared,5.641,2.095
RIDE003111,Private,2025-04-29 19:59,2025-04-29 20:55,Perungudi,Singaperumal Koil,45.23,1,,432.93,Card,Standard,8.684,0.0
RIDE003112,Carpool,2025-03-22 12:19,2025-03-22 13:17,Mylapore,SRM University,47.96,4,3.5,292.27,UPI,Shared,6.714,2.494
RIDE003113,Carpool,2025-02-27 06:34,2025-02-27 07:37,Mylapore,Mahindra City,55.01,3,2.8,352.89,Cash,Shared,7.701,2.861
RIDE003114,Carpool,2025-03-13 07:56,2025-03-13 08:46,Tambaram,Singaperumal Koil,44.73,3,2.5,285.88,Wallet,Shared,6.262,2.326
RIDE003115,Carpool,2025-02-21 19:38,2025-02-21 20:19,Adyar,Mahindra City,40.53,4,3.4,299.29,Card,Shared,5.674,2.108
RIDE003116,Carpool,2025-03-30 09:03,2025-03-30 10:00,T Nagar,Singaperumal Koil,56.56,2,1.9,407.4,UPI,Shared,7.918,2.942
RIDE003117,Carpool,2025-04-14 08:00,2025-04-14 08:43,Adyar,SRM University,36.22,2,1.9,221.02,Card,Shared,5.071,1.883
RIDE003118,Carpool,2025-03-24 14:20,2025-03-24 15:28,Velachery,SRM University,63.54,3,3.0,495.33,Cash,Shared,8.896,3.304
RIDE003119,Private,2025-02-13 01:13,2025-02-13 02:06,Adyar,Chengalpattu Bus Stand,50.45,1,,558.63,Cash,Standard,9.686,0.0
RIDE003120,Carpool,2025-04-21 13:54,2025-04-21 14:51,OMR Sholinganallur,Singaperumal Koil,58.44,2,1.6,359.18,Cash,Shared,8.182,3.038
RIDE003121,Carpool,2025-04-17 10:51,2025-04-17 11:43,Perungudi,Mahindra City,53.25,3,2.6,359.41,Cash,Shared,7.455,2.769
RIDE003122,Carpool,2025-01-06 09:27,2025-01-06 10:30,Mylapore,SRM University,58.59,3,2.8,351.88,Card,Shared,8.203,3.046
RIDE003123,Private,2025-03-28 22:31,2025-03-28 23:18,Chromepet,Singaperumal Koil,50.85,1,,511.05,UPI,Standard,9.763,0.0
RIDE003124,Carpool,2025-04-07 07:08,2025-04-07 07:55,Perungudi,Chengalpattu Town,51.47,2,1.9,331.78,Cash,Shared,7.206,2.676
RIDE003125,Carpool,2025-03-14 04:25,2025-03-14 05:06,Velachery,Chengalpattu Town,43.77,2,1.6,320.69,UPI,Shared,6.128,2.276
RIDE003126,Private,2025-01-26 05:27,2025-01-26 06:05,Anna Nagar,Chengalpattu Bus Stand,37.24,1,,337.21,Cash,Standard,7.15,0.0
RIDE003127,Carpool,2025-03-18 07:50,2025-03-18 08:37,Tambaram,Chengalpattu Town,46.52,3,2.4,349.31,UPI,Shared,6.513,2.419
RIDE003128,Private,2025-01-26 13:01,2025-01-26 13:38,Guindy,Chengalpattu Town,33.99,1,,361.81,UPI,Standard,6.526,0.0
RIDE003129,Private,2025-03-09 17:23,2025-03-09 18:14,Velachery,Chengalpattu Town,43.76,1,,446.87,Cash,Standard,8.402,0.0
RIDE003130,Private,2025-02-22 14:11,2025-02-22 15:06,Mylapore,Mahindra City,57.49,1,,610.85,UPI,Standard,11.038,0.0
RIDE003131,Carpool,2025-01-11 01:52,2025-01-11 02:43,Pallavaram,Chengalpattu Town,55.56,4,3.7,366.36,UPI,Shared,7.778,2.89
RIDE003132,Carpool,2025-04-09 07:23,2025-04-09 08:00,Guindy,Mahindra City,39.23,4,3.8,276.13,Wallet,Shared,5.492,2.04
RIDE003133,Private,2025-03-08 21:02,2025-03-08 21:35,T Nagar,Chengalpattu Town,32.4,1,,321.45,Wallet,Standard,6.221,0.0
RIDE003134,Carpool,2025-03-11 14:00,2025-03-11 14:39,Chromepet,Chengalpattu Bus Stand,33.74,2,1.7,222.82,Cash,Shared,4.724,1.754
RIDE003135,Carpool,2025-02-24 19:32,2025-02-24 20:01,Anna Nagar,Singaperumal Koil,30.75,3,2.4,184.9,Card,Shared,4.305,1.599
RIDE003136,Private,2025-01-05 11:17,2025-01-05 12:18,Chromepet,Chengalpattu Bus Stand,53.21,1,,582.51,Card,Standard,10.216,0.0
RIDE003137,Carpool,2025-01-07 14:40,2025-01-07 15:53,OMR Sholinganallur,SRM University,60.59,2,1.6,399.62,Wallet,Shared,8.483,3.15
RIDE003138,Private,2025-04-29 16:10,2025-04-29 17:01,Perungudi,SRM University,50.15,1,,497.68,UPI,Standard,9.629,0.0
RIDE003139,Private,2025-02-07 20:09,2025-02-07 21:14,T Nagar,Mahindra City,59.13,1,,650.42,UPI,Standard,11.353,0.0
RIDE003140,Carpool,2025-02-11 13:20,2025-02-11 14:17,T Nagar,Singaperumal Koil,61.5,4,3.5,456.68,Card,Shared,8.61,3.198
RIDE003141,Carpool,2025-04-05 01:47,2025-04-05 02:52,Mylapore,Chengalpattu Bus Stand,53.37,2,1.9,403.68,UPI,Shared,7.472,2.775
RIDE003142,Private,2025-04-29 13:15,2025-04-29 14:05,T Nagar,Singaperumal Koil,42.1,1,,480.03,Cash,Standard,8.083,0.0
RIDE003143,Private,2025-01-10 14:16,2025-01-10 15:17,Chromepet,Chengalpattu Bus Stand,52.67,1,,492.07,Wallet,Standard,10.113,0.0
RIDE003144,Private,2025-01-11 13:50,2025-01-11 14:42,Perungudi,Chengalpattu Town,45.64,1,,514.02,Card,Standard,8.763,0.0
RIDE003145,Carpool,2025-01-14 11:08,2025-01-14 12:07,Anna Nagar,SRM University,55.61,2,1.7,334.5,UPI,Shared,7.785,2.892
RIDE003146,Carpool,2025-01-04 11:21,2025-01-04 12:17,OMR Sholinganallur,Chengalpattu Bus Stand,51.13,2,1.8,359.83,Wallet,Shared,7.158,2.659
RIDE003147,Private,2025-04-24 19:58,2025-04-24 20:44,Anna Nagar,Chengalpattu Town,42.65,1,,447.72,UPI,Standard,8.189,0.0
RIDE003148,Carpool,2025-01-04 00:28,2025-01-04 01:00,Chromepet,Mahindra City,31.7,2,1.9,214.56,UPI,Shared,4.438,1.648
RIDE003149,Carpool,2025-04-13 11:36,2025-04-13 12:27,Anna Nagar,Mahindra City,57.54,2,1.7,361.24,Cash,Shared,8.056,2.992
RIDE003150,Private,2025-03-17 23:28,2025-03-18 00:33,Velachery,Singaperumal Koil,63.88,1,,610.63,Wallet,Standard,12.265,0.0
RIDE003151,Private,2025-04-28 05:20,2025-04-28 06:21,Chromepet,Singaperumal Koil,61.04,1,,659.76,UPI,Standard,11.72,0.0
RIDE003152,Private,2025-03-09 04:03,2025-03-09 05:11,Perungudi,SRM University,60.54,1,,653.81,Cash,Standard,11.624,0.0
RIDE003153,Carpool,2025-01-27 19:01,2025-01-27 19:54,T Nagar,Chengalpattu Bus Stand,58.04,2,1.5,380.31,Wallet,Shared,8.126,3.018
RIDE003154,Carpool,2025-03-23 23:37,2025-03-24 00:22,Chromepet,Mahindra City,45.03,4,3.8,307.54,Wallet,Shared,6.304,2.342
RIDE003155,Carpool,2025-01-14 01:38,2025-01-14 02:12,Anna Nagar,Chengalpattu Town,36.46,2,1.5,229.89,Wallet,Shared,5.104,1.896
RIDE003156,Carpool,2025-03-10 16:04,2025-03-10 17:04,OMR Sholinganallur,SRM University,52.29,3,2.8,397.75,Wallet,Shared,7.321,2.719
RIDE003157,Private,2025-03-29 14:23,2025-03-29 15:10,Chromepet,SRM University,40.97,1,,465.68,Card,Standard,7.866,0.0
RIDE003158,Carpool,2025-04-28 13:40,2025-04-28 14:24,Guindy,Chengalpattu Bus Stand,35.37,4,3.5,236.23,Wallet,Shared,4.952,1.839
RIDE003159,Carpool,2025-03-12 22:11,2025-03-12 23:02,Adyar,Chengalpattu Town,50.16,3,2.5,336.78,Cash,Shared,7.022,2.609
RIDE003160,Carpool,2025-03-19 01:31,2025-03-19 02:09,Tambaram,SRM University,36.49,4,3.6,224.26,Card,Shared,5.109,1.897
RIDE003161,Private,2025-01-14 08:05,2025-01-14 08:57,Anna Nagar,Singaperumal Koil,48.04,1,,445.88,Card,Standard,9.224,0.0
RIDE003162,Private,2025-04-27 13:00,2025-04-27 13:35,OMR Sholinganallur,Singaperumal Koil,39.29,1,,446.17,Wallet,Standard,7.544,0.0
RIDE003163,Carpool,2025-04-21 05:17,2025-04-21 06:08,Chromepet,Mahindra City,50.93,3,2.8,375.99,UPI,Shared,7.13,2.649
RIDE003164,Carpool,2025-04-14 09:52,2025-04-14 10:51,Pallavaram,Mahindra City,57.95,3,2.7,361.77,Wallet,Shared,8.113,3.013
RIDE003165,Carpool,2025-03-02 18:03,2025-03-02 19:04,Velachery,SRM University,59.95,2,1.8,464.75,UPI,Shared,8.393,3.117
RIDE003166,Private,2025-04-05 07:34,2025-04-05 08:22,OMR Sholinganallur,SRM University,44.85,1,,410.84,Cash,Standard,8.611,0.0
RIDE003167,Private,2025-02-04 09:20,2025-02-04 09:55,Mylapore,Chengalpattu Bus Stand,33.37,1,,312.29,UPI,Standard,6.407,0.0
RIDE003168,Carpool,2025-03-18 17:15,2025-03-18 18:31,Tambaram,Mahindra City,61.87,2,1.9,389.44,Wallet,Shared,8.662,3.217
RIDE003169,Private,2025-02-13 21:54,2025-02-13 23:09,Guindy,Singaperumal Koil,61.37,1,,571.67,Wallet,Standard,11.783,0.0
RIDE003170,Private,2025-01-10 21:53,2025-01-10 23:00,Adyar,Singaperumal Koil,56.05,1,,578.43,Wallet,Standard,10.762,0.0
RIDE003171,Carpool,2025-02-08 13:25,2025-02-08 14:00,Pallavaram,Chengalpattu Town,30.04,3,2.6,230.37,Cash,Shared,4.206,1.562
RIDE003172,Private,2025-03-04 19:24,2025-03-04 20:02,OMR Sholinganallur,Chengalpattu Town,38.54,1,,367.88,Cash,Standard,7.4,0.0
RIDE003173,Carpool,2025-01-19 09:39,2025-01-19 10:28,Adyar,Singaperumal Koil,48.53,4,3.9,363.82,Card,Shared,6.794,2.524
RIDE003174,Carpool,2025-03-21 00:23,2025-03-21 00:52,Mylapore,Chengalpattu Bus Stand,30.58,4,3.7,234.36,Wallet,Shared,4.281,1.59
RIDE003175,Private,2025-04-18 19:23,2025-04-18 20:18,Guindy,Mahindra City,56.5,1,,610.83,Cash,Standard,10.848,0.0
RIDE003176,Carpool,2025-04-18 07:21,2025-04-18 08:22,Velachery,SRM University,55.71,3,2.6,420.49,Cash,Shared,7.799,2.897
RIDE003177,Private,2025-02-17 00:37,2025-02-17 01:36,Perungudi,Chengalpattu Bus Stand,51.22,1,,483.22,UPI,Standard,9.834,0.0
RIDE003178,Carpool,2025-02-07 01:11,2025-02-07 02:02,Mylapore,Chengalpattu Bus Stand,50.76,2,1.5,318.39,Card,Shared,7.106,2.64
RIDE003179,Private,2025-04-26 23:52,2025-04-27 00:56,T Nagar,Chengalpattu Town,61.02,1,,693.67,UPI,Standard,11.716,0.0
RIDE003180,Carpool,2025-02-09 23:44,2025-02-10 01:02,OMR Sholinganallur,Singaperumal Koil,64.75,4,3.6,421.46,Cash,Shared,9.065,3.367
RIDE003181,Private,2025-04-14 15:27,2025-04-14 16:03,Adyar,Chengalpattu Bus Stand,34.97,1,,319.33,Wallet,Standard,6.714,0.0
RIDE003182,Private,2025-02-12 00:50,2025-02-12 02:01,Adyar,Chengalpattu Bus Stand,58.06,1,,605.55,Wallet,Standard,11.148,0.0
RIDE003183,Private,2025-01-18 14:30,2025-01-18 15:10,Chromepet,Mahindra City,35.51,1,,327.22,Wallet,Standard,6.818,0.0
RIDE003184,Private,2025-04-11 09:31,2025-04-11 10:27,Adyar,SRM University,61.0,1,,565.97,Cash,Standard,11.712,0.0
RIDE003185,Carpool,2025-04-10 00:14,2025-04-10 01:22,Velachery,Mahindra City,64.04,3,2.7,466.44,UPI,Shared,8.966,3.33
RIDE003186,Private,2025-01-19 09:04,2025-01-19 09:40,Anna Nagar,Chengalpattu Bus Stand,32.06,1,,324.48,Cash,Standard,6.156,0.0
RIDE003187,Carpool,2025-04-02 08:52,2025-04-02 09:48,Mylapore,Chengalpattu Town,57.02,2,1.8,415.13,Card,Shared,7.983,2.965
RIDE003188,Private,2025-02-20 19:09,2025-02-20 20:08,Adyar,Singaperumal Koil,51.46,1,,509.37,UPI,Standard,9.88,0.0
RIDE003189,Private,2025-03-02 00:05,2025-03-02 00:55,Guindy,SRM University,51.79,1,,524.06,Cash,Standard,9.944,0.0
RIDE003190,Private,2025-03-29 18:21,2025-03-29 19:08,T Nagar,SRM University,39.16,1,,374.01,Card,Standard,7.519,0.0
RIDE003191,Carpool,2025-01-14 06:43,2025-01-14 07:17,Velachery,Singaperumal Koil,31.42,4,3.9,211.09,UPI,Shared,4.399,1.634
RIDE003192,Private,2025-02-06 22:58,2025-02-06 23:34,OMR Sholinganallur,Mahindra City,38.55,1,,410.59,UPI,Standard,7.402,0.0
RIDE003193,Carpool,2025-04-28 13:29,2025-04-28 14:35,Chromepet,Chengalpattu Town,61.39,4,3.7,398.27,UPI,Shared,8.595,3.192
RIDE003194,Private,2025-03-12 01:37,2025-03-12 02:27,Anna Nagar,Mahindra City,43.25,1,,454.75,UPI,Standard,8.304,0.0
RIDE003195,Carpool,2025-02-27 09:08,2025-02-27 09:50,Perungudi,Singaperumal Koil,35.41,3,2.9,268.96,Card,Shared,4.957,1.842
RIDE003196,Carpool,2025-04-28 14:17,2025-04-28 15:01,Adyar,Chengalpattu Bus Stand,39.32,2,1.5,302.11,Card,Shared,5.505,2.044
RIDE003197,Carpool,2025-01-15 04:24,2025-01-15 05:14,Tambaram,Chengalpattu Town,55.44,4,3.8,422.32,Cash,Shared,7.762,2.882
RIDE003198,Private,2025-01-13 02:27,2025-01-13 02:57,Pallavaram,Chengalpattu Town,33.99,1,,390.64,Cash,Standard,6.526,0.0
RIDE003199,Private,2025-01-16 03:53,2025-01-16 04:35,Perungudi,Chengalpattu Bus Stand,44.83,1,,422.3,Cash,Standard,8.607,0.0
RIDE003200,Carpool,2025-03-29 13:35,2025-03-29 14:39,OMR Sholinganallur,SRM University,55.72,3,2.5,367.73,Card,Shared,7.801,2.897
RIDE003201,Carpool,2025-04-29 09:26,2025-04-29 10:19,Adyar,Chengalpattu Town,52.61,2,1.4,382.6,Card,Shared,7.365,2.736
RIDE003202,Carpool,2025-02-01 00:26,2025-02-01 01:15,OMR Sholinganallur,Singaperumal Koil,52.92,4,3.6,378.28,Cash,Shared,7.409,2.752
RIDE003203,Private,2025-03-21 02:48,2025-03-21 03:44,Tambaram,Singaperumal Koil,57.0,1,,639.1,UPI,Standard,10.944,0.0
RIDE003204,Private,2025-02-11 06:16,2025-02-11 07:04,T Nagar,Singaperumal Koil,44.49,1,,451.06,Wallet,Standard,8.542,0.0
RIDE003205,Carpool,2025-01-07 01:33,2025-01-07 02:25,Adyar,Singaperumal Koil,45.57,2,1.7,337.2,UPI,Shared,6.38,2.369
RIDE003206,Carpool,2025-04-13 10:12,2025-04-13 11:07,Tambaram,Singaperumal Koil,47.17,4,3.8,367.02,Cash,Shared,6.604,2.453
RIDE003207,Private,2025-04-01 19:53,2025-04-01 20:49,Velachery,Chengalpattu Town,45.98,1,,427.86,Cash,Standard,8.828,0.0
RIDE003208,Private,2025-02-15 00:43,2025-02-15 01:17,Anna Nagar,Mahindra City,35.52,1,,404.0,Cash,Standard,6.82,0.0
RIDE003209,Carpool,2025-02-04 23:52,2025-02-05 00:50,Anna Nagar,Mahindra City,48.37,4,3.4,367.05,Wallet,Shared,6.772,2.515
RIDE003210,Private,2025-03-27 00:56,2025-03-27 01:43,Mylapore,Chengalpattu Town,49.24,1,,482.69,Card,Standard,9.454,0.0
RIDE003211,Private,2025-04-23 11:20,2025-04-23 12:17,Guindy,SRM University,53.48,1,,601.83,Wallet,Standard,10.268,0.0
RIDE003212,Private,2025-01-01 10:32,2025-01-01 11:22,Mylapore,Chengalpattu Bus Stand,51.66,1,,570.89,UPI,Standard,9.919,0.0
RIDE003213,Private,2025-03-12 06:28,2025-03-12 07:00,Perungudi,Singaperumal Koil,31.52,1,,294.71,UPI,Standard,6.052,0.0
RIDE003214,Private,2025-04-20 03:00,2025-04-20 04:15,OMR Sholinganallur,SRM University,63.12,1,,695.65,Card,Standard,12.119,0.0
RIDE003215,Private,2025-03-04 18:27,2025-03-04 19:27,Guindy,SRM University,53.85,1,,529.68,UPI,Standard,10.339,0.0
RIDE003216,Carpool,2025-03-30 08:36,2025-03-30 09:10,Tambaram,SRM University,32.53,4,3.5,219.18,Cash,Shared,4.554,1.692
RIDE003217,Carpool,2025-04-17 09:55,2025-04-17 10:50,Chromepet,Chengalpattu Bus Stand,44.7,4,3.8,333.43,UPI,Shared,6.258,2.324
RIDE003218,Carpool,2025-03-19 17:46,2025-03-19 18:29,Anna Nagar,Mahindra City,39.81,4,3.9,309.29,Card,Shared,5.573,2.071
RIDE003219,Carpool,2025-01-21 04:14,2025-01-21 05:02,Adyar,Chengalpattu Town,52.87,3,2.4,344.07,UPI,Shared,7.402,2.749
RIDE003220,Private,2025-01-16 19:49,2025-01-16 20:22,Tambaram,Mahindra City,35.97,1,,397.51,Card,Standard,6.906,0.0
RIDE003221,Carpool,2025-02-10 03:44,2025-02-10 04:34,Velachery,SRM University,46.5,4,3.9,309.23,UPI,Shared,6.51,2.418
RIDE003222,Carpool,2025-04-01 03:10,2025-04-01 04:06,Anna Nagar,Mahindra City,45.8,4,3.5,331.04,Card,Shared,6.412,2.382
RIDE003223,Private,2025-04-25 02:52,2025-04-25 03:45,T Nagar,SRM University,54.04,1,,590.36,Wallet,Standard,10.376,0.0
RIDE003224,Private,2025-02-25 12:37,2025-02-25 13:13,Guindy,Chengalpattu Bus Stand,40.29,1,,403.56,UPI,Standard,7.736,0.0
RIDE003225,Carpool,2025-02-12 00:02,2025-02-12 00:52,Mylapore,Mahindra City,50.67,2,1.7,317.65,Cash,Shared,7.094,2.635
RIDE003226,Private,2025-03-15 14:04,2025-03-15 15:05,Tambaram,Chengalpattu Town,59.63,1,,570.51,Card,Standard,11.449,0.0
RIDE003227,Private,2025-01-01 14:02,2025-01-01 14:57,Guindy,SRM University,58.85,1,,599.14,Card,Standard,11.299,0.0
RIDE003228,Private,2025-04-12 08:11,2025-04-12 09:18,Guindy,SRM University,62.71,1,,683.88,Wallet,Standard,12.04,0.0
RIDE003229,Carpool,2025-03-31 07:50,2025-03-31 08:47,Chromepet,Chengalpattu Town,47.33,2,1.8,361.85,Cash,Shared,6.626,2.461
RIDE003230,Private,2025-04-10 23:15,2025-04-11 00:06,Pallavaram,Chengalpattu Bus Stand,46.82,1,,505.59,Cash,Standard,8.989,0.0
RIDE003231,Carpool,2025-03-03 05:10,2025-03-03 05:48,T Nagar,Chengalpattu Town,36.55,2,2.0,273.31,Wallet,Shared,5.117,1.901
RIDE003232,Carpool,2025-03-30 16:15,2025-03-30 16:57,Anna Nagar,SRM University,45.23,2,1.8,284.24,UPI,Shared,6.332,2.352
RIDE003233,Carpool,2025-02-11 16:00,2025-02-11 16:47,Pallavaram,Singaperumal Koil,39.35,3,2.4,250.69,Wallet,Shared,5.509,2.046
RIDE003234,Carpool,2025-02-20 12:52,2025-02-20 13:55,OMR Sholinganallur,Mahindra City,57.33,4,3.7,438.04,UPI,Shared,8.026,2.981
RIDE003235,Private,2025-04-17 11:19,2025-04-17 12:00,T Nagar,Mahindra City,43.96,1,,486.18,Wallet,Standard,8.44,0.0
RIDE003236,Carpool,2025-04-29 21:34,2025-04-29 22:18,Chromepet,Singaperumal Koil,39.9,3,2.6,288.33,Cash,Shared,5.586,2.075
RIDE003237,Carpool,2025-04-08 03:57,2025-04-08 04:56,Mylapore,Mahindra City,59.7,3,2.8,398.34,Wallet,Shared,8.358,3.104
RIDE003238,Private,2025-04-11 22:29,2025-04-11 23:13,Adyar,Chengalpattu Town,41.54,1,,385.23,Card,Standard,7.976,0.0
RIDE003239,Private,2025-02-04 23:16,2025-02-05 00:01,T Nagar,SRM University,41.37,1,,406.18,Card,Standard,7.943,0.0
RIDE003240,Carpool,2025-04-21 17:49,2025-04-21 18:51,Adyar,Chengalpattu Town,55.76,2,1.7,413.36,Cash,Shared,7.806,2.9
RIDE003241,Carpool,2025-03-23 08:03,2025-03-23 08:46,Mylapore,Singaperumal Koil,43.59,3,2.6,289.94,Cash,Shared,6.103,2.266
RIDE003242,Carpool,2025-01-31 06:40,2025-01-31 07:29,Chromepet,Chengalpattu Town,45.37,3,2.9,336.94,UPI,Shared,6.352,2.359
RIDE003243,Private,2025-02-10 06:00,2025-02-10 06:55,Chromepet,SRM University,45.91,1,,476.32,Cash,Standard,8.815,0.0
RIDE003244,Private,2025-01-02 04:54,2025-01-02 05:21,Adyar,SRM University,30.65,1,,290.2,Wallet,Standard,5.885,0.0
RIDE003245,Private,2025-04-26 19:59,2025-04-26 21:08,Adyar,SRM University,59.5,1,,598.18,Cash,Standard,11.424,0.0
RIDE003246,Carpool,2025-04-07 09:56,2025-04-07 10:23,T Nagar,Singaperumal Koil,30.51,3,2.4,228.82,Card,Shared,4.271,1.587
RIDE003247,Private,2025-03-26 04:38,2025-03-26 05:36,Adyar,Chengalpattu Bus Stand,55.18,1,,515.85,UPI,Standard,10.595,0.0
RIDE003248,Private,2025-02-10 03:04,2025-02-10 03:39,OMR Sholinganallur,Chengalpattu Town,35.09,1,,331.49,Card,Standard,6.737,0.0
RIDE003249,Carpool,2025-03-24 13:51,2025-03-24 14:47,Chromepet,Chengalpattu Town,54.01,3,2.5,332.82,Wallet,Shared,7.561,2.809
RIDE003250,Carpool,2025-02-10 19:28,2025-02-10 20:10,Tambaram,Chengalpattu Town,44.51,4,3.9,285.78,Card,Shared,6.231,2.315
RIDE003251,Private,2025-02-18 00:44,2025-02-18 01:32,Anna Nagar,Chengalpattu Bus Stand,42.61,1,,453.75,Card,Standard,8.181,0.0
RIDE003252,Carpool,2025-03-22 23:46,2025-03-23 00:24,Pallavaram,SRM University,32.13,2,2.0,228.47,Cash,Shared,4.498,1.671
RIDE003253,Private,2025-02-17 16:10,2025-02-17 17:11,Guindy,SRM University,51.12,1,,499.1,Cash,Standard,9.815,0.0
RIDE003254,Carpool,2025-02-06 11:43,2025-02-06 12:42,Mylapore,SRM University,51.6,3,2.8,322.12,UPI,Shared,7.224,2.683
RIDE003255,Private,2025-02-22 14:19,2025-02-22 15:03,Guindy,SRM University,45.44,1,,451.95,Card,Standard,8.724,0.0
RIDE003256,Carpool,2025-04-22 20:22,2025-04-22 21:35,Anna Nagar,Mahindra City,59.15,3,2.7,362.14,Wallet,Shared,8.281,3.076
RIDE003257,Carpool,2025-01-16 03:51,2025-01-16 04:28,Guindy,Mahindra City,37.25,3,2.9,224.71,Cash,Shared,5.215,1.937
RIDE003258,Carpool,2025-04-23 18:30,2025-04-23 19:29,Perungudi,Singaperumal Koil,64.25,4,3.6,389.06,Cash,Shared,8.995,3.341
RIDE003259,Private,2025-01-14 02:06,2025-01-14 03:02,Chromepet,Singaperumal Koil,60.0,1,,563.59,Card,Standard,11.52,0.0
RIDE003260,Carpool,2025-04-01 02:11,2025-04-01 02:47,OMR Sholinganallur,Chengalpattu Bus Stand,34.77,4,4.0,260.72,Card,Shared,4.868,1.808
RIDE003261,Carpool,2025-03-21 15:18,2025-03-21 16:08,Chromepet,Chengalpattu Town,41.05,4,3.7,261.39,Cash,Shared,5.747,2.135
RIDE003262,Private,2025-04-16 20:32,2025-04-16 21:37,Pallavaram,SRM University,63.38,1,,700.23,Wallet,Standard,12.169,0.0
RIDE003263,Carpool,2025-02-06 00:28,2025-02-06 01:02,Anna Nagar,Chengalpattu Town,31.53,4,3.9,223.82,Cash,Shared,4.414,1.64
RIDE003264,Carpool,2025-04-24 14:13,2025-04-24 15:09,T Nagar,Mahindra City,50.36,4,3.7,353.63,Card,Shared,7.05,2.619
RIDE003265,Carpool,2025-01-07 02:49,2025-01-07 03:30,Tambaram,Chengalpattu Town,37.59,4,3.6,290.07,Cash,Shared,5.263,1.954
RIDE003266,Private,2025-02-26 22:45,2025-02-26 23:21,T Nagar,Singaperumal Koil,32.96,1,,368.2,Wallet,Standard,6.328,0.0
RIDE003267,Private,2025-02-26 11:25,2025-02-26 12:23,Adyar,Singaperumal Koil,63.61,1,,660.9,Cash,Standard,12.213,0.0
RIDE003268,Carpool,2025-01-21 15:41,2025-01-21 16:18,Tambaram,Mahindra City,30.32,4,3.5,224.98,Cash,Shared,4.245,1.576
RIDE003269,Private,2025-01-22 11:14,2025-01-22 12:22,T Nagar,Singaperumal Koil,64.49,1,,616.99,Wallet,Standard,12.382,0.0
RIDE003270,Private,2025-02-11 13:49,2025-02-11 14:43,Adyar,SRM University,59.77,1,,658.42,UPI,Standard,11.476,0.0
RIDE003271,Carpool,2025-02-25 21:21,2025-02-25 22:21,Adyar,Chengalpattu Town,59.61,3,2.8,433.93,Cash,Shared,8.345,3.1
RIDE003272,Private,2025-02-12 11:05,2025-02-12 11:45,Velachery,Chengalpattu Town,39.41,1,,407.2,Card,Standard,7.567,0.0
RIDE003273,Private,2025-04-06 17:11,2025-04-06 18:05,Chromepet,Chengalpattu Town,55.64,1,,600.7,UPI,Standard,10.683,0.0
RIDE003274,Carpool,2025-04-25 11:07,2025-04-25 12:10,Pallavaram,SRM University,56.16,4,3.9,366.1,Card,Shared,7.862,2.921
RIDE003275,Private,2025-02-14 11:36,2025-02-14 12:21,Perungudi,SRM University,46.52,1,,510.22,Card,Standard,8.932,0.0
RIDE003276,Carpool,2025-01-11 00:41,2025-01-11 01:17,Mylapore,Chengalpattu Bus Stand,33.76,2,1.5,245.92,UPI,Shared,4.726,1.756
RIDE003277,Private,2025-01-27 19:37,2025-01-27 20:27,Perungudi,Chengalpattu Bus Stand,43.83,1,,494.39,Wallet,Standard,8.415,0.0
RIDE003278,Private,2025-02-06 15:24,2025-02-06 16:01,Anna Nagar,SRM University,40.21,1,,372.02,Cash,Standard,7.72,0.0
RIDE003279,Carpool,2025-03-12 01:06,2025-03-12 02:06,Chromepet,Chengalpattu Town,54.35,2,1.6,421.18,Card,Shared,7.609,2.826
RIDE003280,Carpool,2025-03-06 20:55,2025-03-06 21:53,Velachery,SRM University,53.36,2,1.9,415.55,UPI,Shared,7.47,2.775
RIDE003281,Carpool,2025-02-11 07:03,2025-02-11 07:57,Velachery,SRM University,46.08,2,1.6,307.42,UPI,Shared,6.451,2.396
RIDE003282,Private,2025-04-11 03:35,2025-04-11 04:20,OMR Sholinganallur,Chengalpattu Town,48.27,1,,490.7,Cash,Standard,9.268,0.0
RIDE003283,Carpool,2025-03-09 13:45,2025-03-09 14:42,T Nagar,Singaperumal Koil,53.3,2,1.8,415.16,Cash,Shared,7.462,2.772
RIDE003284,Carpool,2025-01-16 07:44,2025-01-16 08:16,Perungudi,Chengalpattu Town,30.47,3,2.6,205.7,UPI,Shared,4.266,1.584
RIDE003285,Private,2025-01-04 18:55,2025-01-04 20:10,Guindy,Chengalpattu Bus Stand,60.76,1,,659.25,Cash,Standard,11.666,0.0
RIDE003286,Carpool,2025-02-12 12:28,2025-02-12 13:24,Pallavaram,Chengalpattu Bus Stand,56.82,4,3.8,370.94,UPI,Shared,7.955,2.954
RIDE003287,Private,2025-03-01 04:03,2025-03-01 05:04,Mylapore,Mahindra City,55.92,1,,536.92,Wallet,Standard,10.737,0.0
RIDE003288,Private,2025-04-27 23:42,2025-04-28 00:48,Pallavaram,Mahindra City,56.58,1,,591.2,Cash,Standard,10.863,0.0
RIDE003289,Private,2025-02-08 11:37,2025-02-08 12:05,Tambaram,Mahindra City,30.25,1,,321.99,Card,Standard,5.808,0.0
RIDE003290,Private,2025-02-17 16:55,2025-02-17 17:40,Anna Nagar,Chengalpattu Bus Stand,42.02,1,,404.72,Cash,Standard,8.068,0.0
RIDE003291,Carpool,2025-04-25 18:25,2025-04-25 19:13,Mylapore,Chengalpattu Bus Stand,41.34,2,1.5,252.23,UPI,Shared,5.788,2.149
RIDE003292,Private,2025-03-04 22:38,2025-03-04 23:30,Pallavaram,Singaperumal Koil,46.71,1,,459.35,Card,Standard,8.968,0.0
RIDE003293,Private,2025-02-12 03:57,2025-02-12 04:44,Anna Nagar,Mahindra City,43.72,1,,400.74,UPI,Standard,8.394,0.0
RIDE003294,Private,2025-03-17 17:47,2025-03-17 18:45,Pallavaram,Chengalpattu Bus Stand,48.56,1,,445.38,Wallet,Standard,9.324,0.0
RIDE003295,Private,2025-01-13 03:10,2025-01-13 04:12,Pallavaram,Singaperumal Koil,58.61,1,,604.37,Card,Standard,11.253,0.0
RIDE003296,Carpool,2025-01-27 00:22,2025-01-27 01:17,T Nagar,Mahindra City,51.53,4,3.6,374.42,Card,Shared,7.214,2.68
RIDE003297,Carpool,2025-04-22 13:42,2025-04-22 14:40,Mylapore,Mahindra City,64.12,4,3.4,496.89,UPI,Shared,8.977,3.334
RIDE003298,Carpool,2025-04-20 21:11,2025-04-20 21:39,Velachery,Chengalpattu Bus Stand,31.39,3,2.9,189.97,Cash,Shared,4.395,1.632
RIDE003299,Carpool,2025-01-13 16:29,2025-01-13 17:16,Perungudi,SRM University,38.14,4,3.8,264.11,Wallet,Shared,5.34,1.983
RIDE003300,Private,2025-02-16 12:29,2025-02-16 13:42,Mylapore,Chengalpattu Town,60.65,1,,653.89,UPI,Standard,11.645,0.0
RIDE003301,Carpool,2025-02-23 13:42,2025-02-23 14:39,Velachery,Singaperumal Koil,62.52,4,3.6,439.42,Wallet,Shared,8.753,3.251
RIDE003302,Carpool,2025-03-02 16:44,2025-03-02 17:46,Pallavaram,Mahindra City,63.9,4,3.4,429.92,UPI,Shared,8.946,3.323
RIDE003303,Private,2025-02-22 05:06,2025-02-22 06:08,Perungudi,Singaperumal Koil,61.91,1,,624.85,Wallet,Standard,11.887,0.0
RIDE003304,Carpool,2025-04-16 03:42,2025-04-16 04:44,Chromepet,Chengalpattu Bus Stand,63.93,3,2.6,435.97,Card,Shared,8.95,3.325
RIDE003305,Carpool,2025-01-28 13:09,2025-01-28 13:57,Velachery,SRM University,44.0,4,3.9,290.73,UPI,Shared,6.16,2.288
RIDE003306,Carpool,2025-02-10 21:49,2025-02-10 22:43,Chromepet,SRM University,44.04,3,2.9,328.83,Card,Shared,6.166,2.29
RIDE003307,Carpool,2025-01-18 17:24,2025-01-18 17:53,Anna Nagar,Chengalpattu Bus Stand,31.61,2,1.8,220.58,Cash,Shared,4.425,1.644
RIDE003308,Carpool,2025-04-22 17:33,2025-04-22 18:37,Mylapore,Singaperumal Koil,52.05,4,3.5,350.19,UPI,Shared,7.287,2.707
RIDE003309,Carpool,2025-01-24 20:45,2025-01-24 21:43,Adyar,Chengalpattu Bus Stand,57.06,3,2.9,385.78,Cash,Shared,7.988,2.968
RIDE003310,Private,2025-01-02 03:35,2025-01-02 04:16,OMR Sholinganallur,Singaperumal Koil,34.38,1,,338.7,Wallet,Standard,6.601,0.0
RIDE003311,Carpool,2025-03-29 17:08,2025-03-29 18:07,Perungudi,Mahindra City,51.72,2,1.9,355.68,UPI,Shared,7.241,2.689
RIDE003312,Private,2025-03-09 00:53,2025-03-09 01:31,Pallavaram,SRM University,37.28,1,,374.34,Card,Standard,7.158,0.0
RIDE003313,Private,2025-01-01 19:48,2025-01-01 20:41,Chromepet,Singaperumal Koil,43.78,1,,456.5,UPI,Standard,8.406,0.0
RIDE003314,Carpool,2025-04-22 04:21,2025-04-22 05:08,Perungudi,Chengalpattu Bus Stand,41.35,4,3.4,286.57,Card,Shared,5.789,2.15
RIDE003315,Carpool,2025-03-04 15:58,2025-03-04 16:52,T Nagar,SRM University,47.51,3,2.5,337.95,Cash,Shared,6.651,2.471
RIDE003316,Private,2025-03-16 23:44,2025-03-17 00:51,T Nagar,Chengalpattu Bus Stand,56.55,1,,557.22,Cash,Standard,10.858,0.0
RIDE003317,Private,2025-04-21 20:26,2025-04-21 21:00,Velachery,Chengalpattu Bus Stand,30.88,1,,288.81,Wallet,Standard,5.929,0.0
RIDE003318,Carpool,2025-01-28 00:56,2025-01-28 01:37,Tambaram,Chengalpattu Town,44.51,4,3.7,276.58,UPI,Shared,6.231,2.315
RIDE003319,Private,2025-01-22 15:39,2025-01-22 16:36,Tambaram,Singaperumal Koil,47.72,1,,502.91,Cash,Standard,9.162,0.0
RIDE003320,Private,2025-01-18 06:38,2025-01-18 07:36,Perungudi,Singaperumal Koil,47.48,1,,512.65,Card,Standard,9.116,0.0
RIDE003321,Carpool,2025-03-06 06:44,2025-03-06 07:33,Pallavaram,Mahindra City,53.8,3,2.8,418.86,UPI,Shared,7.532,2.798
RIDE003322,Private,2025-04-01 08:20,2025-04-01 08:51,Tambaram,Chengalpattu Town,31.27,1,,335.25,Card,Standard,6.004,0.0
RIDE003323,Private,2025-03-21 11:53,2025-03-21 12:29,Anna Nagar,Singaperumal Koil,36.22,1,,364.88,Wallet,Standard,6.954,0.0
RIDE003324,Carpool,2025-01-15 04:57,2025-01-15 05:44,Perungudi,SRM University,39.24,3,2.6,302.21,Cash,Shared,5.494,2.04
RIDE003325,Carpool,2025-04-29 18:36,2025-04-29 19:16,Pallavaram,Singaperumal Koil,41.59,3,2.6,310.29,Wallet,Shared,5.823,2.162
RIDE003326,Carpool,2025-03-02 14:58,2025-03-02 15:44,Chromepet,Chengalpattu Bus Stand,45.66,3,2.6,316.03,Wallet,Shared,6.392,2.375
RIDE003327,Private,2025-01-13 10:07,2025-01-13 10:56,Adyar,Singaperumal Koil,50.13,1,,566.38,UPI,Standard,9.625,0.0
RIDE003328,Private,2025-01-21 14:03,2025-01-21 14:32,Chromepet,Singaperumal Koil,31.4,1,,355.02,Card,Standard,6.029,0.0
RIDE003329,Carpool,2025-02-22 06:30,2025-02-22 07:40,OMR Sholinganallur,Chengalpattu Town,61.67,2,2.0,458.56,UPI,Shared,8.634,3.207
RIDE003330,Private,2025-04-17 02:59,2025-04-17 03:39,Velachery,Singaperumal Koil,36.57,1,,359.11,Card,Standard,7.021,0.0
RIDE003331,Carpool,2025-01-05 21:12,2025-01-05 22:01,Velachery,Singaperumal Koil,45.36,4,3.6,347.9,Cash,Shared,6.35,2.359
RIDE003332,Carpool,2025-04-22 18:22,2025-04-22 19:16,Perungudi,Chengalpattu Town,52.12,4,3.5,397.37,UPI,Shared,7.297,2.71
RIDE003333,Private,2025-03-13 16:27,2025-03-13 17:26,Chromepet,Chengalpattu Town,61.61,1,,601.34,Card,Standard,11.829,0.0
RIDE003334,Carpool,2025-03-24 18:31,2025-03-24 19:04,T Nagar,Chengalpattu Town,35.45,4,3.7,221.92,Card,Shared,4.963,1.843
RIDE003335,Private,2025-03-26 12:44,2025-03-26 13:16,OMR Sholinganallur,Mahindra City,34.14,1,,376.0,UPI,Standard,6.555,0.0
RIDE003336,Carpool,2025-04-20 04:48,2025-04-20 05:45,Mylapore,SRM University,60.68,3,2.5,370.3,UPI,Shared,8.495,3.156
RIDE003337,Private,2025-03-23 16:22,2025-03-23 17:10,Adyar,Chengalpattu Bus Stand,43.02,1,,492.1,Cash,Standard,8.26,0.0
RIDE003338,Private,2025-03-29 01:51,2025-03-29 02:32,Adyar,Mahindra City,37.87,1,,371.52,UPI,Standard,7.271,0.0
RIDE003339,Carpool,2025-04-14 08:10,2025-04-14 09:05,Perungudi,Chengalpattu Town,61.57,3,2.8,435.83,Wallet,Shared,8.62,3.201
RIDE003340,Carpool,2025-01-20 16:31,2025-01-20 17:32,T Nagar,Singaperumal Koil,49.48,4,3.9,342.52,Cash,Shared,6.927,2.573
RIDE003341,Private,2025-02-05 06:37,2025-02-05 07:19,Velachery,Chengalpattu Town,40.91,1,,373.89,Card,Standard,7.855,0.0
RIDE003342,Private,2025-04-01 09:51,2025-04-01 10:55,T Nagar,Chengalpattu Town,63.86,1,,606.04,Cash,Standard,12.261,0.0
RIDE003343,Private,2025-01-12 13:44,2025-01-12 14:30,OMR Sholinganallur,Singaperumal Koil,37.97,1,,420.94,Wallet,Standard,7.29,0.0
RIDE003344,Carpool,2025-03-24 03:09,2025-03-24 04:10,Adyar,Singaperumal Koil,62.3,2,1.4,464.45,Wallet,Shared,8.722,3.24
RIDE003345,Private,2025-04-11 00:49,2025-04-11 01:34,Chromepet,SRM University,40.7,1,,389.33,UPI,Standard,7.814,0.0
RIDE003346,Private,2025-04-06 10:58,2025-04-06 11:45,T Nagar,Mahindra City,42.23,1,,435.89,Cash,Standard,8.108,0.0
RIDE003347,Carpool,2025-02-20 18:46,2025-02-20 19:46,Anna Nagar,Chengalpattu Bus Stand,61.84,3,2.7,416.85,Cash,Shared,8.658,3.215
RIDE003348,Carpool,2025-01-26 16:12,2025-01-26 17:08,Mylapore,Mahindra City,45.33,2,1.8,276.24,UPI,Shared,6.346,2.357
RIDE003349,Private,2025-03-29 15:08,2025-03-29 16:06,Pallavaram,Singaperumal Koil,61.94,1,,645.76,Wallet,Standard,11.892,0.0
RIDE003350,Carpool,2025-01-16 07:51,2025-01-16 08:57,Velachery,SRM University,62.62,3,2.5,472.2,Cash,Shared,8.767,3.256
RIDE003351,Carpool,2025-03-13 00:50,2025-03-13 01:48,Mylapore,Mahindra City,47.09,2,1.9,341.25,Card,Shared,6.593,2.448
RIDE003352,Carpool,2025-01-13 02:25,2025-01-13 03:24,Tambaram,Chengalpattu Town,47.7,3,2.7,320.53,Card,Shared,6.678,2.48
RIDE003353,Private,2025-01-10 20:47,2025-01-10 21:58,Adyar,Chengalpattu Bus Stand,62.8,1,,573.7,Card,Standard,12.058,0.0
RIDE003354,Carpool,2025-01-01 17:48,2025-01-01 18:33,T Nagar,Chengalpattu Town,44.99,2,1.6,311.84,UPI,Shared,6.299,2.339
RIDE003355,Carpool,2025-01-05 15:37,2025-01-05 16:05,OMR Sholinganallur,Singaperumal Koil,31.67,4,4.0,244.28,UPI,Shared,4.434,1.647
RIDE003356,Carpool,2025-04-19 21:12,2025-04-19 22:05,Pallavaram,Singaperumal Koil,43.91,2,1.4,275.87,UPI,Shared,6.147,2.284
RIDE003357,Carpool,2025-01-08 15:27,2025-01-08 16:10,T Nagar,Mahindra City,45.7,3,2.5,351.17,Card,Shared,6.398,2.376
RIDE003358,Private,2025-04-05 13:33,2025-04-05 14:30,Adyar,Mahindra City,50.35,1,,478.04,UPI,Standard,9.667,0.0
RIDE003359,Carpool,2025-03-10 02:50,2025-03-10 03:36,OMR Sholinganallur,Chengalpattu Town,38.83,3,2.8,290.35,Cash,Shared,5.436,2.019
RIDE003360,Private,2025-01-27 00:36,2025-01-27 01:37,Chromepet,SRM University,60.03,1,,564.75,Card,Standard,11.526,0.0
RIDE003361,Private,2025-04-20 15:09,2025-04-20 15:54,OMR Sholinganallur,Mahindra City,39.96,1,,426.87,Wallet,Standard,7.672,0.0
RIDE003362,Carpool,2025-04-22 22:10,2025-04-22 23:14,Perungudi,Mahindra City,60.92,4,3.4,443.81,Wallet,Shared,8.529,3.168
RIDE003363,Carpool,2025-02-22 23:30,2025-02-23 00:20,Velachery,Chengalpattu Town,47.64,4,3.5,332.58,Card,Shared,6.67,2.477
RIDE003364,Carpool,2025-01-07 21:05,2025-01-07 22:05,Perungudi,Mahindra City,51.74,3,2.8,336.43,UPI,Shared,7.244,2.69
RIDE003365,Carpool,2025-04-23 12:57,2025-04-23 13:50,Mylapore,Chengalpattu Town,52.97,2,1.7,395.19,Wallet,Shared,7.416,2.754
RIDE003366,Carpool,2025-02-03 15:46,2025-02-03 16:33,Anna Nagar,Singaperumal Koil,44.86,4,4.0,310.94,Card,Shared,6.28,2.333
RIDE003367,Carpool,2025-03-19 17:55,2025-03-19 18:39,Anna Nagar,Mahindra City,41.86,2,2.0,291.17,Cash,Shared,5.86,2.177
RIDE003368,Carpool,2025-01-07 17:05,2025-01-07 17:57,OMR Sholinganallur,SRM University,48.01,4,3.9,323.41,Card,Shared,6.721,2.497
RIDE003369,Private,2025-01-07 03:30,2025-01-07 04:15,Adyar,Chengalpattu Town,43.79,1,,435.05,Card,Standard,8.408,0.0
RIDE003370,Carpool,2025-01-22 17:42,2025-01-22 18:18,Adyar,Singaperumal Koil,31.19,3,2.5,225.93,Cash,Shared,4.367,1.621
RIDE003371,Carpool,2025-03-07 11:56,2025-03-07 12:49,Anna Nagar,Singaperumal Koil,52.91,3,2.7,387.52,Card,Shared,7.407,2.752
RIDE003372,Carpool,2025-02-10 20:17,2025-02-10 20:49,Adyar,SRM University,30.44,4,3.4,235.4,Card,Shared,4.262,1.582
RIDE003373,Private,2025-02-17 15:37,2025-02-17 16:20,Chromepet,Mahindra City,46.61,1,,477.69,Wallet,Standard,8.949,0.0
RIDE003374,Private,2025-03-31 12:54,2025-03-31 13:30,Guindy,Mahindra City,34.49,1,,372.27,Cash,Standard,6.622,0.0
RIDE003375,Private,2025-04-09 15:16,2025-04-09 15:54,Perungudi,Singaperumal Koil,31.11,1,,289.55,Card,Standard,5.973,0.0
RIDE003376,Carpool,2025-04-29 15:24,2025-04-29 16:17,T Nagar,SRM University,56.72,3,2.5,430.27,Wallet,Shared,7.941,2.949
RIDE003377,Carpool,2025-01-08 02:09,2025-01-08 02:59,Chromepet,SRM University,41.45,2,1.7,314.63,Wallet,Shared,5.803,2.155
RIDE003378,Carpool,2025-02-14 05:32,2025-02-14 06:36,Tambaram,Mahindra City,52.03,2,1.8,321.42,Card,Shared,7.284,2.706
RIDE003379,Private,2025-03-12 11:28,2025-03-12 12:12,Adyar,Chengalpattu Bus Stand,44.43,1,,480.64,Cash,Standard,8.531,0.0
RIDE003380,Carpool,2025-02-23 10:45,2025-02-23 11:20,Chromepet,Chengalpattu Bus Stand,38.4,4,3.7,267.66,UPI,Shared,5.376,1.997
RIDE003381,Carpool,2025-01-17 04:00,2025-01-17 05:16,Pallavaram,Singaperumal Koil,64.52,2,1.8,482.14,Cash,Shared,9.033,3.355
RIDE003382,Private,2025-03-10 00:10,2025-03-10 00:49,Mylapore,Chengalpattu Bus Stand,35.22,1,,325.44,Card,Standard,6.762,0.0
RIDE003383,Private,2025-03-30 20:19,2025-03-30 20:59,Anna Nagar,Chengalpattu Town,35.38,1,,320.88,Card,Standard,6.793,0.0
RIDE003384,Private,2025-04-14 11:33,2025-04-14 12:38,Mylapore,Singaperumal Koil,64.44,1,,644.54,Wallet,Standard,12.372,0.0
RIDE003385,Carpool,2025-01-02 06:59,2025-01-02 07:59,Mylapore,Mahindra City,50.01,3,2.9,362.45,UPI,Shared,7.001,2.601
RIDE003386,Private,2025-04-17 11:10,2025-04-17 11:44,Anna Nagar,Singaperumal Koil,34.01,1,,352.52,UPI,Standard,6.53,0.0
RIDE003387,Private,2025-01-17 11:28,2025-01-17 12:06,Velachery,Chengalpattu Town,37.64,1,,359.78,Cash,Standard,7.227,0.0
RIDE003388,Private,2025-01-06 19:07,2025-01-06 20:03,OMR Sholinganallur,Singaperumal Koil,49.28,1,,484.24,Cash,Standard,9.462,0.0
RIDE003389,Carpool,2025-02-06 12:56,2025-02-06 13:44,Adyar,Chengalpattu Town,42.56,4,3.8,324.19,Wallet,Shared,5.958,2.214
RIDE003390,Carpool,2025-01-11 18:36,2025-01-11 19:34,Tambaram,Mahindra City,64.37,2,1.8,398.3,Wallet,Shared,9.012,3.347
RIDE003391,Carpool,2025-03-28 09:55,2025-03-28 10:35,Perungudi,Singaperumal Koil,38.82,2,1.6,281.86,Card,Shared,5.435,2.018
RIDE003392,Carpool,2025-03-28 07:40,2025-03-28 08:39,Mylapore,Singaperumal Koil,51.95,3,2.9,336.71,Card,Shared,7.273,2.701
RIDE003393,Private,2025-01-08 06:39,2025-01-08 07:37,Tambaram,Singaperumal Koil,58.2,1,,644.81,Wallet,Standard,11.174,0.0
RIDE003394,Carpool,2025-03-16 15:02,2025-03-16 15:59,Velachery,Mahindra City,54.42,3,2.6,384.28,Card,Shared,7.619,2.83
RIDE003395,Carpool,2025-04-21 14:06,2025-04-21 14:42,Adyar,Mahindra City,36.97,3,2.7,254.34,Cash,Shared,5.176,1.922
RIDE003396,Private,2025-04-14 06:46,2025-04-14 07:36,Pallavaram,SRM University,43.14,1,,437.41,Card,Standard,8.283,0.0
RIDE003397,Private,2025-02-08 22:41,2025-02-08 23:43,T Nagar,SRM University,59.79,1,,666.28,UPI,Standard,11.48,0.0
RIDE003398,Carpool,2025-02-10 09:43,2025-02-10 10:42,Tambaram,Singaperumal Koil,62.39,2,1.7,399.46,UPI,Shared,8.735,3.244
RIDE003399,Private,2025-02-22 12:26,2025-02-22 12:59,OMR Sholinganallur,Singaperumal Koil,36.22,1,,355.76,Cash,Standard,6.954,0.0
RIDE003400,Carpool,2025-03-08 18:20,2025-03-08 18:55,Perungudi,SRM University,37.92,3,2.7,273.22,UPI,Shared,5.309,1.972
RIDE003401,Carpool,2025-02-22 02:05,2025-02-22 02:40,Anna Nagar,Mahindra City,36.47,3,2.7,253.81,UPI,Shared,5.106,1.896
RIDE003402,Carpool,2025-03-11 09:15,2025-03-11 10:25,Velachery,Singaperumal Koil,61.92,2,1.6,463.68,UPI,Shared,8.669,3.22
RIDE003403,Private,2025-03-16 22:07,2025-03-16 22:56,Tambaram,Chengalpattu Town,51.82,1,,485.61,Wallet,Standard,9.949,0.0
RIDE003404,Carpool,2025-03-03 10:10,2025-03-03 10:52,Anna Nagar,Singaperumal Koil,35.48,3,2.8,251.19,Cash,Shared,4.967,1.845
RIDE003405,Carpool,2025-01-09 14:02,2025-01-09 14:52,OMR Sholinganallur,Chengalpattu Bus Stand,48.86,2,1.4,329.38,UPI,Shared,6.84,2.541
RIDE003406,Private,2025-04-06 12:23,2025-04-06 13:11,Tambaram,Chengalpattu Bus Stand,42.46,1,,467.82,Wallet,Standard,8.152,0.0
RIDE003407,Carpool,2025-03-27 00:17,2025-03-27 00:53,Anna Nagar,Singaperumal Koil,39.96,3,2.5,302.75,Card,Shared,5.594,2.078
RIDE003408,Private,2025-03-25 07:31,2025-03-25 08:06,Adyar,Singaperumal Koil,35.07,1,,358.94,Cash,Standard,6.733,0.0
RIDE003409,Carpool,2025-04-10 00:57,2025-04-10 01:56,Pallavaram,SRM University,49.84,2,1.5,308.81,UPI,Shared,6.978,2.591
RIDE003410,Private,2025-01-04 15:26,2025-01-04 16:10,OMR Sholinganallur,Singaperumal Koil,44.47,1,,506.48,UPI,Standard,8.538,0.0
RIDE003411,Carpool,2025-02-02 11:51,2025-02-02 12:55,T Nagar,SRM University,54.5,2,1.9,424.87,Cash,Shared,7.63,2.834
RIDE003412,Carpool,2025-02-26 18:28,2025-02-26 19:17,Adyar,Mahindra City,44.06,2,1.6,265.2,UPI,Shared,6.168,2.292
RIDE003413,Carpool,2025-01-24 20:18,2025-01-24 20:59,Adyar,Chengalpattu Town,37.19,3,2.5,275.22,Wallet,Shared,5.207,1.933
RIDE003414,Private,2025-04-03 18:21,2025-04-03 18:59,OMR Sholinganallur,Mahindra City,32.97,1,,338.5,Cash,Standard,6.33,0.0
RIDE003415,Carpool,2025-04-20 13:04,2025-04-20 14:12,Tambaram,Mahindra City,58.29,3,2.9,361.07,Card,Shared,8.161,3.031
RIDE003416,Carpool,2025-04-15 19:22,2025-04-15 20:02,T Nagar,Chengalpattu Bus Stand,42.76,4,3.9,315.48,Cash,Shared,5.986,2.224
RIDE003417,Carpool,2025-02-24 11:39,2025-02-24 12:33,Guindy,Mahindra City,48.26,4,3.9,291.88,UPI,Shared,6.756,2.51
RIDE003418,Carpool,2025-02-03 08:43,2025-02-03 09:45,Pallavaram,Mahindra City,60.57,4,3.7,444.25,Wallet,Shared,8.48,3.149
RIDE003419,Carpool,2025-02-23 03:09,2025-02-23 03:45,OMR Sholinganallur,SRM University,38.94,2,1.4,234.34,Card,Shared,5.452,2.024
RIDE003420,Carpool,2025-04-25 23:54,2025-04-26 00:32,Mylapore,Chengalpattu Town,41.55,3,2.9,263.71,Wallet,Shared,5.817,2.161
RIDE003421,Private,2025-03-13 11:23,2025-03-13 12:06,Perungudi,Chengalpattu Town,41.36,1,,462.39,Card,Standard,7.941,0.0
RIDE003422,Carpool,2025-03-22 08:51,2025-03-22 09:33,Adyar,SRM University,41.14,3,2.7,261.14,Cash,Shared,5.76,2.139
RIDE003423,Private,2025-01-02 04:07,2025-01-02 05:14,Velachery,Chengalpattu Town,57.03,1,,605.39,Wallet,Standard,10.95,0.0
RIDE003424,Carpool,2025-02-04 21:33,2025-02-04 22:32,Tambaram,Chengalpattu Bus Stand,63.34,4,3.9,451.15,Cash,Shared,8.868,3.293
RIDE003425,Private,2025-01-19 20:24,2025-01-19 21:06,Velachery,Chengalpattu Town,45.28,1,,519.06,Wallet,Standard,8.694,0.0
RIDE003426,Private,2025-03-16 19:32,2025-03-16 20:19,Chromepet,Chengalpattu Town,52.84,1,,573.28,UPI,Standard,10.145,0.0
RIDE003427,Carpool,2025-01-17 16:15,2025-01-17 16:58,OMR Sholinganallur,Chengalpattu Town,45.03,3,2.7,281.21,Cash,Shared,6.304,2.342
RIDE003428,Carpool,2025-02-16 21:26,2025-02-16 22:27,Pallavaram,Singaperumal Koil,55.35,3,2.8,338.67,Wallet,Shared,7.749,2.878
RIDE003429,Private,2025-02-17 01:10,2025-02-17 01:55,Anna Nagar,Chengalpattu Town,45.76,1,,525.39,Wallet,Standard,8.786,0.0
RIDE003430,Carpool,2025-04-18 02:35,2025-04-18 03:20,Pallavaram,SRM University,46.48,3,2.8,342.69,UPI,Shared,6.507,2.417
RIDE003431,Carpool,2025-03-29 06:24,2025-03-29 07:29,OMR Sholinganallur,Chengalpattu Town,52.49,2,1.6,374.9,Wallet,Shared,7.349,2.729
RIDE003432,Private,2025-04-22 18:44,2025-04-22 19:23,Anna Nagar,Singaperumal Koil,32.89,1,,298.6,UPI,Standard,6.315,0.0
RIDE003433,Carpool,2025-02-18 23:47,2025-02-19 00:25,T Nagar,SRM University,39.55,2,1.5,303.26,UPI,Shared,5.537,2.057
RIDE003434,Carpool,2025-02-25 08:07,2025-02-25 09:15,Velachery,Chengalpattu Town,57.04,3,2.5,345.06,Card,Shared,7.986,2.966
RIDE003435,Carpool,2025-03-25 02:45,2025-03-25 03:40,Guindy,Chengalpattu Town,54.64,4,3.6,377.0,Wallet,Shared,7.65,2.841
RIDE003436,Private,2025-03-28 17:35,2025-03-28 18:29,Velachery,Chengalpattu Town,51.79,1,,519.89,Card,Standard,9.944,0.0
RIDE003437,Carpool,2025-04-15 12:05,2025-04-15 12:55,OMR Sholinganallur,Mahindra City,40.62,3,2.6,295.8,Wallet,Shared,5.687,2.112
RIDE003438,Carpool,2025-01-29 19:15,2025-01-29 20:11,Guindy,Singaperumal Koil,46.63,3,2.8,333.02,UPI,Shared,6.528,2.425
RIDE003439,Private,2025-03-04 01:46,2025-03-04 02:46,Perungudi,Chengalpattu Bus Stand,50.77,1,,482.33,Wallet,Standard,9.748,0.0
RIDE003440,Private,2025-04-22 22:36,2025-04-22 23:33,Anna Nagar,Chengalpattu Bus Stand,57.21,1,,560.41,Cash,Standard,10.984,0.0
RIDE003441,Carpool,2025-01-08 05:24,2025-01-08 06:08,Guindy,Chengalpattu Bus Stand,42.54,2,1.8,303.49,Card,Shared,5.956,2.212
RIDE003442,Carpool,2025-04-13 21:07,2025-04-13 21:38,Adyar,Singaperumal Koil,32.47,4,3.4,207.93,UPI,Shared,4.546,1.688
RIDE003443,Private,2025-04-29 16:34,2025-04-29 17:31,Pallavaram,Chengalpattu Town,61.82,1,,665.15,Card,Standard,11.869,0.0
RIDE003444,Carpool,2025-03-21 04:37,2025-03-21 05:08,Perungudi,Singaperumal Koil,33.4,2,1.8,256.46,Wallet,Shared,4.676,1.737
RIDE003445,Private,2025-02-24 19:46,2025-02-24 21:01,Velachery,Chengalpattu Bus Stand,63.33,1,,629.67,UPI,Standard,12.159,0.0
RIDE003446,Private,2025-03-22 06:31,2025-03-22 07:14,Chromepet,Mahindra City,41.78,1,,389.05,UPI,Standard,8.022,0.0
RIDE003447,Private,2025-01-10 22:32,2025-01-10 23:40,Perungudi,Singaperumal Koil,63.77,1,,690.87,UPI,Standard,12.244,0.0
RIDE003448,Carpool,2025-03-18 05:57,2025-03-18 07:10,Velachery,SRM University,63.83,4,3.7,476.73,UPI,Shared,8.936,3.319
RIDE003449,Carpool,2025-02-22 12:46,2025-02-22 13:17,Mylapore,SRM University,30.66,2,1.4,221.1,Wallet,Shared,4.292,1.595
RIDE003450,Carpool,2025-02-01 16:35,2025-02-01 17:15,Guindy,Chengalpattu Bus Stand,34.27,4,3.5,262.65,UPI,Shared,4.798,1.782
RIDE003451,Private,2025-03-04 21:32,2025-03-04 22:21,Tambaram,Chengalpattu Bus Stand,49.94,1,,557.69,Cash,Standard,9.588,0.0
RIDE003452,Carpool,2025-03-14 06:42,2025-03-14 07:45,Adyar,Chengalpattu Town,59.08,4,3.5,414.77,UPI,Shared,8.271,3.072
RIDE003453,Carpool,2025-01-06 00:30,2025-01-06 01:27,Anna Nagar,Singaperumal Koil,61.55,4,3.4,430.39,Card,Shared,8.617,3.201
RIDE003454,Carpool,2025-03-23 15:09,2025-03-23 16:16,Guindy,Singaperumal Koil,57.18,4,3.9,374.17,Cash,Shared,8.005,2.974
RIDE003455,Private,2025-04-12 02:10,2025-04-12 02:40,Chromepet,Chengalpattu Bus Stand,33.3,1,,318.31,Wallet,Standard,6.394,0.0
RIDE003456,Carpool,2025-03-19 09:44,2025-03-19 10:24,Adyar,Chengalpattu Town,41.11,4,4.0,303.37,Cash,Shared,5.755,2.138
RIDE003457,Private,2025-04-04 23:02,2025-04-04 23:46,Anna Nagar,Mahindra City,43.97,1,,486.72,Card,Standard,8.442,0.0
RIDE003458,Private,2025-03-24 07:12,2025-03-24 07:50,T Nagar,Chengalpattu Bus Stand,36.91,1,,410.68,Card,Standard,7.087,0.0
RIDE003459,Carpool,2025-04-22 01:34,2025-04-22 02:28,OMR Sholinganallur,SRM University,49.28,3,2.7,302.48,Cash,Shared,6.899,2.563
RIDE003460,Carpool,2025-02-06 08:25,2025-02-06 09:09,Guindy,Singaperumal Koil,40.01,2,1.7,244.37,Wallet,Shared,5.601,2.081
RIDE003461,Private,2025-04-18 07:27,2025-04-18 08:06,OMR Sholinganallur,Chengalpattu Town,39.94,1,,374.07,Cash,Standard,7.668,0.0
RIDE003462,Carpool,2025-01-12 00:15,2025-01-12 01:13,Perungudi,Chengalpattu Town,55.27,4,3.5,336.37,Wallet,Shared,7.738,2.874
RIDE003463,Carpool,2025-02-22 19:42,2025-02-22 20:24,Anna Nagar,Chengalpattu Town,35.54,2,1.4,267.79,Card,Shared,4.976,1.848
RIDE003464,Private,2025-02-10 04:11,2025-02-10 05:17,Pallavaram,Chengalpattu Bus Stand,60.38,1,,672.68,Wallet,Standard,11.593,0.0
RIDE003465,Private,2025-03-19 22:44,2025-03-19 23:47,Tambaram,Mahindra City,61.61,1,,651.65,Card,Standard,11.829,0.0
RIDE003466,Carpool,2025-04-29 13:33,2025-04-29 14:27,Adyar,Chengalpattu Town,45.13,4,3.7,285.03,Wallet,Shared,6.318,2.347
RIDE003467,Carpool,2025-02-13 11:53,2025-02-13 13:05,Tambaram,Chengalpattu Town,59.43,2,2.0,375.69,Card,Shared,8.32,3.091
RIDE003468,Carpool,2025-04-25 09:43,2025-04-25 10:23,Tambaram,SRM University,43.11,2,1.8,312.11,Wallet,Shared,6.035,2.242
RIDE003469,Private,2025-04-27 16:15,2025-04-27 16:54,Mylapore,Mahindra City,31.8,1,,290.93,Cash,Standard,6.106,0.0
RIDE003470,Private,2025-01-26 09:33,2025-01-26 10:43,Mylapore,SRM University,56.94,1,,527.9,Wallet,Standard,10.932,0.0
RIDE003471,Carpool,2025-02-05 16:18,2025-02-05 17:19,Tambaram,Chengalpattu Bus Stand,52.37,2,2.0,331.52,Cash,Shared,7.332,2.723
RIDE003472,Private,2025-04-02 22:06,2025-04-02 23:16,Velachery,SRM University,63.34,1,,588.31,Card,Standard,12.161,0.0
RIDE003473,Private,2025-01-11 02:30,2025-01-11 03:12,Velachery,Singaperumal Koil,45.21,1,,449.35,Card,Standard,8.68,0.0
RIDE003474,Private,2025-02-27 15:14,2025-02-27 16:14,Anna Nagar,Singaperumal Koil,64.63,1,,585.84,Wallet,Standard,12.409,0.0
RIDE003475,Carpool,2025-01-25 04:22,2025-01-25 04:59,Tambaram,Chengalpattu Town,31.28,2,2.0,218.0,Card,Shared,4.379,1.627
RIDE003476,Carpool,2025-02-05 06:30,2025-02-05 07:31,Adyar,Singaperumal Koil,59.9,4,3.5,459.84,UPI,Shared,8.386,3.115
RIDE003477,Private,2025-01-17 21:55,2025-01-17 23:01,Perungudi,Chengalpattu Bus Stand,62.49,1,,582.15,Card,Standard,11.998,0.0
RIDE003478,Private,2025-04-02 03:52,2025-04-02 04:37,Velachery,Singaperumal Koil,38.43,1,,346.97,Card,Standard,7.379,0.0
RIDE003479,Carpool,2025-02-02 18:54,2025-02-02 20:05,Adyar,Singaperumal Koil,60.56,4,3.4,463.28,UPI,Shared,8.478,3.15
RIDE003480,Carpool,2025-04-18 07:42,2025-04-18 08:35,Mylapore,Singaperumal Koil,56.55,3,2.8,411.49,Wallet,Shared,7.917,2.941
RIDE003481,Private,2025-04-23 12:18,2025-04-23 12:57,Pallavaram,Mahindra City,33.72,1,,361.22,Card,Standard,6.474,0.0
RIDE003482,Carpool,2025-03-09 08:43,2025-03-09 09:21,T Nagar,SRM University,34.68,4,3.8,223.74,Cash,Shared,4.855,1.804
RIDE003483,Private,2025-01-21 18:47,2025-01-21 19:46,OMR Sholinganallur,Mahindra City,49.41,1,,518.77,UPI,Standard,9.487,0.0
RIDE003484,Private,2025-01-22 18:14,2025-01-22 19:05,T Nagar,Mahindra City,46.34,1,,454.35,UPI,Standard,8.897,0.0
RIDE003485,Private,2025-01-23 04:36,2025-01-23 05:18,OMR Sholinganallur,Chengalpattu Bus Stand,42.68,1,,456.12,UPI,Standard,8.195,0.0
RIDE003486,Carpool,2025-02-04 01:58,2025-02-04 02:58,Mylapore,Chengalpattu Town,52.59,3,2.5,352.73,Wallet,Shared,7.363,2.734
RIDE003487,Carpool,2025-01-01 06:32,2025-01-01 07:22,Mylapore,Chengalpattu Town,48.99,3,2.4,344.13,Cash,Shared,6.859,2.547
RIDE003488,Private,2025-01-28 17:41,2025-01-28 18:39,T Nagar,Chengalpattu Town,57.57,1,,583.49,Cash,Standard,11.053,0.0
RIDE003489,Carpool,2025-04-01 17:07,2025-04-01 18:04,OMR Sholinganallur,SRM University,50.1,3,2.8,328.83,Card,Shared,7.014,2.605
RIDE003490,Private,2025-02-18 03:42,2025-02-18 04:17,Adyar,Chengalpattu Bus Stand,38.09,1,,386.29,UPI,Standard,7.313,0.0
RIDE003491,Carpool,2025-02-08 23:50,2025-02-09 00:34,Anna Nagar,Chengalpattu Town,37.45,4,4.0,260.5,Card,Shared,5.243,1.947
RIDE003492,Carpool,2025-03-21 04:05,2025-03-21 04:52,Velachery,Chengalpattu Bus Stand,41.59,2,2.0,272.26,Cash,Shared,5.823,2.162
RIDE003493,Private,2025-01-08 03:43,2025-01-08 04:30,Perungudi,Singaperumal Koil,38.1,1,,394.25,Card,Standard,7.315,0.0
RIDE003494,Carpool,2025-01-20 07:50,2025-01-20 08:28,Perungudi,Mahindra City,37.33,4,3.5,274.56,Card,Shared,5.226,1.941
RIDE003495,Private,2025-02-23 17:32,2025-02-23 18:13,Pallavaram,Chengalpattu Town,34.37,1,,334.06,UPI,Standard,6.599,0.0
RIDE003496,Private,2025-03-25 16:38,2025-03-25 17:42,OMR Sholinganallur,Chengalpattu Town,63.54,1,,668.2,UPI,Standard,12.2,0.0
RIDE003497,Private,2025-02-17 11:24,2025-02-17 12:20,Tambaram,SRM University,52.13,1,,587.69,Wallet,Standard,10.009,0.0
RIDE003498,Private,2025-03-17 15:49,2025-03-17 16:23,Perungudi,Chengalpattu Bus Stand,31.64,1,,330.96,Card,Standard,6.075,0.0
RIDE003499,Private,2025-02-06 22:04,2025-02-06 23:12,Chromepet,Chengalpattu Town,57.58,1,,584.15,UPI,Standard,11.055,0.0
RIDE003500,Private,2025-01-26 14:35,2025-01-26 15:18,Velachery,SRM University,47.57,1,,478.46,Wallet,Standard,9.133,0.0
RIDE003501,Private,2025-01-08 06:07,2025-01-08 06:43,Chromepet,SRM University,31.46,1,,326.48,UPI,Standard,6.04,0.0
RIDE003502,Carpool,2025-04-23 18:59,2025-04-23 19:50,OMR Sholinganallur,Chengalpattu Bus Stand,48.71,3,2.5,320.78,UPI,Shared,6.819,2.533
RIDE003503,Private,2025-02-25 23:54,2025-02-26 00:31,Guindy,Chengalpattu Town,33.72,1,,382.02,Card,Standard,6.474,0.0
RIDE003504,Carpool,2025-01-20 15:07,2025-01-20 15:37,Adyar,Chengalpattu Town,32.47,2,2.0,203.18,Card,Shared,4.546,1.688
RIDE003505,Carpool,2025-03-28 04:15,2025-03-28 05:10,Mylapore,SRM University,48.61,3,2.7,306.34,Wallet,Shared,6.805,2.528
RIDE003506,Carpool,2025-01-06 04:15,2025-01-06 04:49,Velachery,Chengalpattu Bus Stand,30.47,4,3.4,234.06,Wallet,Shared,4.266,1.584
RIDE003507,Carpool,2025-03-06 15:14,2025-03-06 16:10,Anna Nagar,SRM University,53.99,2,1.4,341.29,Card,Shared,7.559,2.807
RIDE003508,Private,2025-03-26 00:36,2025-03-26 01:17,Anna Nagar,Mahindra City,38.92,1,,430.77,UPI,Standard,7.473,0.0
RIDE003509,Private,2025-04-15 00:16,2025-04-15 01:03,Pallavaram,Mahindra City,39.73,1,,449.7,UPI,Standard,7.628,0.0
RIDE003510,Private,2025-04-23 17:33,2025-04-23 18:36,Perungudi,Singaperumal Koil,50.97,1,,533.24,UPI,Standard,9.786,0.0
RIDE003511,Carpool,2025-03-05 07:16,2025-03-05 08:19,Anna Nagar,Mahindra City,55.45,2,1.5,388.3,Wallet,Shared,7.763,2.883
RIDE003512,Carpool,2025-03-29 03:18,2025-03-29 04:15,Chromepet,Chengalpattu Town,58.85,2,1.5,362.81,Cash,Shared,8.239,3.06
RIDE003513,Private,2025-01-06 02:59,2025-01-06 03:36,Perungudi,Chengalpattu Bus Stand,33.09,1,,371.3,UPI,Standard,6.353,0.0
RIDE003514,Private,2025-02-07 00:15,2025-02-07 01:11,Guindy,Chengalpattu Town,55.44,1,,606.64,Card,Standard,10.644,0.0
RIDE003515,Private,2025-04-15 15:17,2025-04-15 16:00,Velachery,Singaperumal Koil,47.98,1,,525.6,Cash,Standard,9.212,0.0
RIDE003516,Carpool,2025-04-05 16:07,2025-04-05 16:49,Guindy,Chengalpattu Town,45.97,3,2.4,322.27,Card,Shared,6.436,2.39
RIDE003517,Private,2025-01-20 04:25,2025-01-20 05:24,Perungudi,Mahindra City,61.82,1,,571.0,Card,Standard,11.869,0.0
RIDE003518,Carpool,2025-01-30 02:32,2025-01-30 03:37,OMR Sholinganallur,Mahindra City,54.1,4,3.8,378.92,Wallet,Shared,7.574,2.813
RIDE003519,Private,2025-01-13 12:04,2025-01-13 12:38,Perungudi,Mahindra City,31.35,1,,323.29,Cash,Standard,6.019,0.0
RIDE003520,Private,2025-04-23 21:00,2025-04-23 21:31,Pallavaram,Singaperumal Koil,31.96,1,,358.9,Cash,Standard,6.136,0.0
RIDE003521,Private,2025-01-06 11:33,2025-01-06 12:43,OMR Sholinganallur,Singaperumal Koil,61.76,1,,703.13,UPI,Standard,11.858,0.0
RIDE003522,Private,2025-02-02 12:56,2025-02-02 14:13,Anna Nagar,Chengalpattu Bus Stand,63.87,1,,732.05,Card,Standard,12.263,0.0
RIDE003523,Carpool,2025-01-20 18:00,2025-01-20 19:13,Guindy,Chengalpattu Bus Stand,61.64,4,3.5,476.08,Wallet,Shared,8.63,3.205
RIDE003524,Private,2025-01-24 00:39,2025-01-24 01:23,T Nagar,Singaperumal Koil,40.75,1,,451.72,Wallet,Standard,7.824,0.0
RIDE003525,Private,2025-04-22 19:05,2025-04-22 19:56,Anna Nagar,Singaperumal Koil,49.84,1,,550.74,Cash,Standard,9.569,0.0
RIDE003526,Carpool,2025-01-26 01:29,2025-01-26 02:13,T Nagar,Mahindra City,49.06,2,2.0,322.22,UPI,Shared,6.868,2.552
RIDE003527,Private,2025-02-22 07:16,2025-02-22 08:06,T Nagar,Chengalpattu Bus Stand,53.99,1,,602.05,UPI,Standard,10.366,0.0
RIDE003528,Private,2025-02-02 19:31,2025-02-02 20:40,Anna Nagar,Mahindra City,62.91,1,,669.73,Card,Standard,12.079,0.0
RIDE003529,Carpool,2025-03-24 14:44,2025-03-24 15:58,OMR Sholinganallur,Mahindra City,59.95,2,2.0,364.34,UPI,Shared,8.393,3.117
RIDE003530,Carpool,2025-04-05 02:55,2025-04-05 03:36,Velachery,Singaperumal Koil,40.14,4,3.7,241.22,UPI,Shared,5.62,2.087
RIDE003531,Carpool,2025-02-15 18:59,2025-02-15 19:58,OMR Sholinganallur,SRM University,56.12,3,2.9,337.88,UPI,Shared,7.857,2.918
RIDE003532,Carpool,2025-04-12 08:19,2025-04-12 08:55,Chromepet,Chengalpattu Bus Stand,37.79,4,4.0,286.13,Wallet,Shared,5.291,1.965
RIDE003533,Carpool,2025-01-29 23:17,2025-01-29 23:57,Anna Nagar,SRM University,44.58,2,1.6,336.53,Wallet,Shared,6.241,2.318
RIDE003534,Carpool,2025-01-19 06:26,2025-01-19 07:26,Perungudi,Singaperumal Koil,49.84,3,2.7,359.56,Wallet,Shared,6.978,2.591
RIDE003535,Carpool,2025-02-26 21:01,2025-02-26 22:07,Anna Nagar,Chengalpattu Town,56.43,4,3.7,363.04,Wallet,Shared,7.9,2.935
RIDE003536,Carpool,2025-02-12 19:31,2025-02-12 20:27,Guindy,SRM University,50.4,3,2.7,314.31,Wallet,Shared,7.056,2.621
RIDE003537,Private,2025-02-14 08:31,2025-02-14 09:17,Perungudi,Chengalpattu Bus Stand,40.05,1,,378.56,UPI,Standard,7.69,0.0
RIDE003538,Carpool,2025-03-19 12:16,2025-03-19 13:04,Chromepet,Chengalpattu Town,52.35,3,2.8,330.57,Wallet,Shared,7.329,2.722
RIDE003539,Carpool,2025-01-16 09:01,2025-01-16 09:42,Tambaram,SRM University,45.43,2,2.0,303.99,Wallet,Shared,6.36,2.363
RIDE003540,Private,2025-02-27 20:13,2025-02-27 20:50,OMR Sholinganallur,Chengalpattu Bus Stand,39.99,1,,432.31,Cash,Standard,7.678,0.0
RIDE003541,Carpool,2025-04-19 22:40,2025-04-19 23:25,Guindy,Chengalpattu Town,49.83,3,2.8,359.2,Wallet,Shared,6.976,2.591
RIDE003542,Private,2025-01-27 05:31,2025-01-27 06:27,Mylapore,Singaperumal Koil,57.26,1,,534.66,Wallet,Standard,10.994,0.0
RIDE003543,Private,2025-01-25 14:55,2025-01-25 15:37,Guindy,Chengalpattu Town,46.12,1,,417.21,UPI,Standard,8.855,0.0
RIDE003544,Private,2025-01-20 12:36,2025-01-20 13:48,OMR Sholinganallur,SRM University,64.94,1,,608.25,Cash,Standard,12.468,0.0
RIDE003545,Private,2025-04-16 07:11,2025-04-16 08:02,Anna Nagar,SRM University,47.29,1,,450.72,Wallet,Standard,9.08,0.0
RIDE003546,Private,2025-04-16 22:56,2025-04-16 23:26,T Nagar,Chengalpattu Bus Stand,33.1,1,,373.34,Cash,Standard,6.355,0.0
RIDE003547,Carpool,2025-04-10 06:48,2025-04-10 07:29,Mylapore,Mahindra City,35.58,2,1.6,245.27,UPI,Shared,4.981,1.85
RIDE003548,Private,2025-03-04 10:05,2025-03-04 11:16,OMR Sholinganallur,Chengalpattu Town,62.44,1,,600.97,Cash,Standard,11.988,0.0
RIDE003549,Private,2025-01-16 21:42,2025-01-16 22:19,T Nagar,SRM University,32.26,1,,323.17,Card,Standard,6.194,0.0
RIDE003550,Private,2025-01-14 02:18,2025-01-14 03:03,Tambaram,Singaperumal Koil,39.87,1,,380.41,Card,Standard,7.655,0.0
RIDE003551,Private,2025-02-07 09:59,2025-02-07 10:49,Perungudi,Chengalpattu Bus Stand,49.03,1,,475.36,UPI,Standard,9.414,0.0
RIDE003552,Carpool,2025-01-10 14:33,2025-01-10 15:11,Velachery,SRM University,35.91,4,3.8,268.59,Card,Shared,5.027,1.868
RIDE003553,Carpool,2025-01-28 10:37,2025-01-28 11:47,Perungudi,Chengalpattu Town,60.77,4,3.9,450.82,Cash,Shared,8.508,3.16
RIDE003554,Private,2025-01-18 02:03,2025-01-18 02:51,Mylapore,Chengalpattu Town,53.36,1,,605.19,Wallet,Standard,10.245,0.0
RIDE003555,Carpool,2025-01-21 13:25,2025-01-21 14:03,Adyar,SRM University,36.74,3,2.9,262.18,Wallet,Shared,5.144,1.91
RIDE003556,Private,2025-03-20 15:38,2025-03-20 16:21,OMR Sholinganallur,Chengalpattu Town,39.2,1,,356.12,UPI,Standard,7.526,0.0
RIDE003557,Carpool,2025-01-21 03:32,2025-01-21 04:13,Mylapore,Mahindra City,42.88,3,2.5,260.4,Card,Shared,6.003,2.23
RIDE003558,Private,2025-02-19 20:46,2025-02-19 21:32,OMR Sholinganallur,Singaperumal Koil,37.75,1,,348.69,Card,Standard,7.248,0.0
RIDE003559,Private,2025-03-09 04:21,2025-03-09 05:01,Tambaram,Chengalpattu Bus Stand,35.55,1,,372.97,Cash,Standard,6.826,0.0
RIDE003560,Private,2025-04-02 16:41,2025-04-02 17:16,Perungudi,Mahindra City,34.06,1,,385.13,Cash,Standard,6.54,0.0
RIDE003561,Private,2025-04-14 00:29,2025-04-14 01:26,Tambaram,Singaperumal Koil,55.24,1,,519.69,Card,Standard,10.606,0.0
RIDE003562,Private,2025-02-26 22:48,2025-02-26 23:42,Anna Nagar,Mahindra City,45.95,1,,514.66,UPI,Standard,8.822,0.0
RIDE003563,Carpool,2025-04-06 09:02,2025-04-06 09:40,Chromepet,Singaperumal Koil,31.21,4,3.6,242.78,Card,Shared,4.369,1.623
RIDE003564,Private,2025-02-01 16:06,2025-02-01 16:49,Tambaram,Mahindra City,37.24,1,,401.3,Cash,Standard,7.15,0.0
RIDE003565,Carpool,2025-02-19 21:46,2025-02-19 22:46,T Nagar,SRM University,54.39,3,2.7,418.92,UPI,Shared,7.615,2.828
RIDE003566,Private,2025-02-28 18:51,2025-02-28 19:33,OMR Sholinganallur,SRM University,38.33,1,,376.98,Cash,Standard,7.359,0.0
RIDE003567,Carpool,2025-04-12 01:02,2025-04-12 02:00,Pallavaram,Chengalpattu Bus Stand,58.63,4,4.0,395.61,Wallet,Shared,8.208,3.049
RIDE003568,Carpool,2025-03-09 06:09,2025-03-09 07:14,Chromepet,SRM University,62.75,4,3.7,397.92,UPI,Shared,8.785,3.263
RIDE003569,Private,2025-04-11 23:32,2025-04-12 00:12,Pallavaram,SRM University,37.97,1,,409.21,Wallet,Standard,7.29,0.0
RIDE003570,Carpool,2025-04-12 08:33,2025-04-12 09:40,Anna Nagar,Chengalpattu Town,54.33,2,2.0,394.85,Card,Shared,7.606,2.825
RIDE003571,Private,2025-01-23 17:44,2025-01-23 18:42,Chromepet,Chengalpattu Bus Stand,59.24,1,,536.58,UPI,Standard,11.374,0.0
RIDE003572,Private,2025-03-10 01:35,2025-03-10 02:09,OMR Sholinganallur,Mahindra City,32.79,1,,306.7,UPI,Standard,6.296,0.0
RIDE003573,Private,2025-03-04 23:42,2025-03-05 00:32,Tambaram,Singaperumal Koil,53.11,1,,579.3,Card,Standard,10.197,0.0
RIDE003574,Carpool,2025-01-07 13:10,2025-01-07 13:40,Perungudi,Singaperumal Koil,30.57,2,1.8,237.27,Card,Shared,4.28,1.589
RIDE003575,Carpool,2025-03-16 06:06,2025-03-16 07:20,Adyar,Mahindra City,60.47,2,1.9,383.35,Cash,Shared,8.466,3.144
RIDE003576,Private,2025-02-23 17:40,2025-02-23 18:37,Mylapore,SRM University,57.7,1,,533.86,Cash,Standard,11.078,0.0
RIDE003577,Private,2025-01-20 14:58,2025-01-20 15:59,Perungudi,Singaperumal Koil,51.93,1,,481.04,UPI,Standard,9.971,0.0
RIDE003578,Private,2025-03-21 06:05,2025-03-21 07:06,Adyar,Chengalpattu Bus Stand,52.97,1,,520.54,Wallet,Standard,10.17,0.0
RIDE003579,Carpool,2025-02-16 23:31,2025-02-17 00:18,Pallavaram,Chengalpattu Bus Stand,52.18,3,2.5,361.08,Card,Shared,7.305,2.714
RIDE003580,Private,2025-04-18 00:18,2025-04-18 01:35,Perungudi,Chengalpattu Town,62.07,1,,606.77,UPI,Standard,11.917,0.0
RIDE003581,Carpool,2025-02-04 05:17,2025-02-04 06:08,Anna Nagar,Chengalpattu Town,53.5,2,1.6,355.29,Wallet,Shared,7.49,2.782
RIDE003582,Carpool,2025-03-27 14:19,2025-03-27 15:11,Velachery,Chengalpattu Town,44.12,3,2.4,309.44,Card,Shared,6.177,2.294
RIDE003583,Carpool,2025-04-13 17:58,2025-04-13 18:42,Mylapore,Mahindra City,38.49,4,3.4,282.09,UPI,Shared,5.389,2.001
RIDE003584,Private,2025-04-08 05:06,2025-04-08 05:55,OMR Sholinganallur,Mahindra City,50.05,1,,492.24,Cash,Standard,9.61,0.0
RIDE003585,Carpool,2025-03-18 09:00,2025-03-18 09:39,Adyar,SRM University,40.54,3,2.9,284.82,UPI,Shared,5.676,2.108
RIDE003586,Carpool,2025-04-16 11:13,2025-04-16 12:24,Tambaram,Chengalpattu Town,62.9,4,3.7,402.58,Wallet,Shared,8.806,3.271
RIDE003587,Carpool,2025-01-13 18:25,2025-01-13 19:33,Velachery,Chengalpattu Town,64.13,4,3.8,430.54,Card,Shared,8.978,3.335
RIDE003588,Carpool,2025-04-01 13:20,2025-04-01 14:01,Tambaram,Chengalpattu Town,36.75,2,1.9,266.63,Cash,Shared,5.145,1.911
RIDE003589,Carpool,2025-04-01 12:28,2025-04-01 13:16,Velachery,SRM University,47.41,4,3.5,345.85,Cash,Shared,6.637,2.466
RIDE003590,Carpool,2025-05-01 02:49,2025-05-01 03:27,Velachery,Chengalpattu Town,36.64,2,2.0,266.2,Cash,Shared,5.13,1.905
RIDE003591,Private,2025-03-24 15:26,2025-03-24 16:20,Mylapore,Chengalpattu Town,49.4,1,,567.88,Wallet,Standard,9.485,0.0
RIDE003592,Carpool,2025-01-11 07:03,2025-01-11 07:58,Pallavaram,Chengalpattu Town,60.96,3,2.6,410.18,Card,Shared,8.534,3.17
RIDE003593,Carpool,2025-03-24 22:47,2025-03-24 23:32,Tambaram,Mahindra City,37.81,2,1.4,277.78,UPI,Shared,5.293,1.967
RIDE003594,Carpool,2025-01-29 13:43,2025-01-29 14:18,Tambaram,Mahindra City,31.09,3,2.5,220.28,Wallet,Shared,4.353,1.616
RIDE003595,Private,2025-02-25 22:09,2025-02-25 23:06,Tambaram,Singaperumal Koil,63.26,1,,719.63,Card,Standard,12.146,0.0
RIDE003596,Private,2025-01-29 09:03,2025-01-29 09:54,Chromepet,Chengalpattu Bus Stand,52.88,1,,561.53,UPI,Standard,10.153,0.0
RIDE003597,Private,2025-03-28 19:46,2025-03-28 20:40,Tambaram,SRM University,48.48,1,,491.11,Card,Standard,9.308,0.0
RIDE003598,Carpool,2025-03-12 22:20,2025-03-12 23:02,Chromepet,Chengalpattu Town,42.98,2,1.7,318.5,Wallet,Shared,6.017,2.235
RIDE003599,Carpool,2025-04-12 04:34,2025-04-12 05:34,Anna Nagar,Chengalpattu Bus Stand,57.23,4,3.4,355.11,Wallet,Shared,8.012,2.976
RIDE003600,Carpool,2025-02-28 15:24,2025-02-28 15:58,Guindy,Chengalpattu Bus Stand,32.78,3,2.5,211.71,Cash,Shared,4.589,1.705
RIDE003601,Private,2025-01-28 16:24,2025-01-28 17:20,OMR Sholinganallur,Singaperumal Koil,58.56,1,,613.43,Wallet,Standard,11.244,0.0
RIDE003602,Private,2025-04-13 13:27,2025-04-13 14:07,Pallavaram,Chengalpattu Bus Stand,39.54,1,,411.97,UPI,Standard,7.592,0.0
RIDE003603,Private,2025-02-04 20:09,2025-02-04 20:50,Anna Nagar,Mahindra City,39.06,1,,424.43,Wallet,Standard,7.5,0.0
RIDE003604,Private,2025-02-12 15:08,2025-02-12 16:16,Perungudi,SRM University,57.86,1,,545.03,Card,Standard,11.109,0.0
RIDE003605,Carpool,2025-03-24 02:49,2025-03-24 03:43,Mylapore,Mahindra City,58.86,2,1.7,425.18,UPI,Shared,8.24,3.061
RIDE003606,Private,2025-04-12 02:30,2025-04-12 03:35,T Nagar,Mahindra City,57.33,1,,534.07,Wallet,Standard,11.007,0.0
RIDE003607,Private,2025-01-19 14:40,2025-01-19 15:34,Perungudi,Chengalpattu Bus Stand,45.21,1,,409.16,UPI,Standard,8.68,0.0
RIDE003608,Private,2025-03-04 19:23,2025-03-04 20:25,Pallavaram,Chengalpattu Town,58.9,1,,635.46,Cash,Standard,11.309,0.0
RIDE003609,Private,2025-02-06 23:40,2025-02-07 00:32,Mylapore,Chengalpattu Bus Stand,52.89,1,,496.8,Card,Standard,10.155,0.0
RIDE003610,Private,2025-04-03 15:43,2025-04-03 16:16,Guindy,Mahindra City,36.06,1,,358.54,Card,Standard,6.924,0.0
RIDE003611,Private,2025-01-13 18:52,2025-01-13 19:51,Anna Nagar,Mahindra City,60.02,1,,598.08,Wallet,Standard,11.524,0.0
RIDE003612,Carpool,2025-04-19 00:33,2025-04-19 01:38,T Nagar,Mahindra City,62.13,2,1.4,378.85,Card,Shared,8.698,3.231
RIDE003613,Private,2025-01-28 06:02,2025-01-28 07:16,Tambaram,Chengalpattu Bus Stand,62.72,1,,696.66,Card,Standard,12.042,0.0
RIDE003614,Private,2025-03-18 09:08,2025-03-18 10:01,T Nagar,Mahindra City,47.29,1,,458.15,Card,Standard,9.08,0.0
RIDE003615,Carpool,2025-03-27 22:55,2025-03-28 00:09,Chromepet,Singaperumal Koil,61.88,4,3.9,413.97,UPI,Shared,8.663,3.218
RIDE003616,Carpool,2025-02-02 15:24,2025-02-02 16:23,OMR Sholinganallur,Chengalpattu Bus Stand,55.07,2,1.7,382.18,Wallet,Shared,7.71,2.863
RIDE003617,Carpool,2025-04-12 02:11,2025-04-12 02:49,T Nagar,Chengalpattu Bus Stand,35.71,4,3.7,221.84,UPI,Shared,4.999,1.857
RIDE003618,Private,2025-02-09 01:56,2025-02-09 02:45,Mylapore,Mahindra City,54.56,1,,585.55,Card,Standard,10.476,0.0
RIDE003619,Private,2025-02-01 21:30,2025-02-01 22:08,Tambaram,Chengalpattu Bus Stand,42.32,1,,388.69,Card,Standard,8.125,0.0
RIDE003620,Carpool,2025-01-16 22:05,2025-01-16 23:03,OMR Sholinganallur,Singaperumal Koil,63.66,4,4.0,420.48,Card,Shared,8.912,3.311
RIDE003621,Carpool,2025-01-22 10:02,2025-01-22 10:46,Tambaram,Singaperumal Koil,42.43,4,3.5,258.38,Cash,Shared,5.94,2.207
RIDE003622,Carpool,2025-02-03 22:38,2025-02-03 23:31,Adyar,Chengalpattu Town,43.67,2,2.0,284.06,Card,Shared,6.114,2.271
RIDE003623,Carpool,2025-01-06 09:35,2025-01-06 10:45,Perungudi,Chengalpattu Town,57.71,2,1.7,393.48,UPI,Shared,8.079,3.001
RIDE003624,Carpool,2025-02-28 19:51,2025-02-28 20:51,Chromepet,Singaperumal Koil,61.72,4,3.6,433.88,Card,Shared,8.641,3.209
RIDE003625,Private,2025-04-01 13:39,2025-04-01 14:33,Adyar,Chengalpattu Bus Stand,52.57,1,,475.27,Card,Standard,10.093,0.0
RIDE003626,Carpool,2025-04-30 02:24,2025-04-30 03:09,Anna Nagar,Mahindra City,38.68,3,2.5,291.85,Wallet,Shared,5.415,2.012
RIDE003627,Carpool,2025-03-05 04:28,2025-03-05 05:14,Anna Nagar,Singaperumal Koil,37.81,4,3.5,270.82,Card,Shared,5.293,1.967
RIDE003628,Private,2025-04-28 02:26,2025-04-28 03:15,Anna Nagar,SRM University,52.18,1,,563.82,Card,Standard,10.019,0.0
RIDE003629,Private,2025-05-01 00:42,2025-05-01 01:34,Guindy,Mahindra City,42.49,1,,457.91,UPI,Standard,8.158,0.0
RIDE003630,Carpool,2025-03-18 08:25,2025-03-18 09:09,Chromepet,Singaperumal Koil,48.76,4,3.5,320.07,Wallet,Shared,6.826,2.536
RIDE003631,Private,2025-03-25 06:53,2025-03-25 07:46,Tambaram,SRM University,49.43,1,,524.8,Cash,Standard,9.491,0.0
RIDE003632,Private,2025-03-20 07:34,2025-03-20 08:24,Adyar,Mahindra City,55.33,1,,597.76,Wallet,Standard,10.623,0.0
RIDE003633,Carpool,2025-04-29 21:11,2025-04-29 22:18,Tambaram,SRM University,61.44,4,3.5,423.68,Card,Shared,8.602,3.194
RIDE003634,Private,2025-04-04 05:05,2025-04-04 05:48,OMR Sholinganallur,Chengalpattu Bus Stand,46.99,1,,483.96,Card,Standard,9.022,0.0
RIDE003635,Carpool,2025-02-02 01:03,2025-02-02 02:03,Adyar,Singaperumal Koil,55.81,4,4.0,413.7,Card,Shared,7.813,2.903
RIDE003636,Carpool,2025-04-22 04:17,2025-04-22 05:11,Tambaram,Singaperumal Koil,51.32,3,2.5,336.58,Wallet,Shared,7.185,2.668
RIDE003637,Private,2025-04-11 06:12,2025-04-11 07:23,Guindy,Chengalpattu Bus Stand,58.61,1,,549.96,Wallet,Standard,11.253,0.0
RIDE003638,Carpool,2025-03-27 19:16,2025-03-27 20:02,Anna Nagar,SRM University,38.75,2,1.8,238.64,Wallet,Shared,5.425,2.015
RIDE003639,Private,2025-03-18 15:11,2025-03-18 15:47,Pallavaram,Chengalpattu Bus Stand,32.68,1,,329.7,Cash,Standard,6.275,0.0
RIDE003640,Private,2025-04-04 18:30,2025-04-04 19:09,Chromepet,Chengalpattu Bus Stand,31.58,1,,333.72,Cash,Standard,6.063,0.0
RIDE003641,Private,2025-04-02 17:02,2025-04-02 17:47,Perungudi,Singaperumal Koil,49.44,1,,493.41,Card,Standard,9.492,0.0
RIDE003642,Private,2025-01-08 04:37,2025-01-08 05:18,Anna Nagar,Chengalpattu Bus Stand,43.58,1,,491.11,Cash,Standard,8.367,0.0
RIDE003643,Carpool,2025-03-11 04:32,2025-03-11 05:43,OMR Sholinganallur,SRM University,61.81,3,2.6,403.73,Card,Shared,8.653,3.215
RIDE003644,Carpool,2025-02-19 04:00,2025-02-19 04:36,OMR Sholinganallur,Singaperumal Koil,38.5,3,2.6,293.51,Cash,Shared,5.39,2.002
RIDE003645,Carpool,2025-01-15 09:37,2025-01-15 10:21,Adyar,Singaperumal Koil,45.96,2,2.0,287.99,UPI,Shared,6.434,2.39
RIDE003646,Carpool,2025-04-24 03:20,2025-04-24 03:57,Adyar,Chengalpattu Bus Stand,32.19,2,1.8,240.51,UPI,Shared,4.507,1.673
RIDE003647,Carpool,2025-02-18 10:46,2025-02-18 11:20,Mylapore,Mahindra City,32.84,2,1.8,235.05,Card,Shared,4.598,1.707
RIDE003648,Private,2025-02-19 03:39,2025-02-19 04:28,Guindy,Chengalpattu Bus Stand,39.67,1,,367.34,Cash,Standard,7.617,0.0
RIDE003649,Private,2025-02-08 10:02,2025-02-08 10:40,Adyar,Chengalpattu Bus Stand,34.53,1,,371.86,Cash,Standard,6.63,0.0
RIDE003650,Private,2025-01-17 03:27,2025-01-17 04:22,Tambaram,Singaperumal Koil,53.62,1,,554.54,Wallet,Standard,10.295,0.0
RIDE003651,Private,2025-01-01 06:59,2025-01-01 07:51,Pallavaram,Chengalpattu Bus Stand,43.24,1,,438.37,Card,Standard,8.302,0.0
RIDE003652,Private,2025-03-12 17:46,2025-03-12 18:40,Pallavaram,Mahindra City,46.29,1,,445.2,Wallet,Standard,8.888,0.0
RIDE003653,Carpool,2025-03-20 23:11,2025-03-21 00:01,Perungudi,Chengalpattu Bus Stand,45.61,4,3.6,277.2,Card,Shared,6.385,2.372
RIDE003654,Carpool,2025-03-12 23:40,2025-03-13 00:22,Guindy,Singaperumal Koil,42.56,3,2.9,300.34,Cash,Shared,5.958,2.214
RIDE003655,Carpool,2025-03-17 14:08,2025-03-17 14:56,T Nagar,SRM University,44.57,3,2.5,336.91,Card,Shared,6.24,2.317
RIDE003656,Carpool,2025-02-03 02:58,2025-02-03 03:42,OMR Sholinganallur,Mahindra City,43.73,4,3.9,293.6,UPI,Shared,6.122,2.274
RIDE003657,Private,2025-04-01 00:20,2025-04-01 01:05,T Nagar,Chengalpattu Bus Stand,49.52,1,,547.26,UPI,Standard,9.508,0.0
RIDE003658,Private,2025-02-03 14:03,2025-02-03 15:10,Pallavaram,Mahindra City,54.08,1,,544.88,Card,Standard,10.383,0.0
RIDE003659,Private,2025-02-09 15:24,2025-02-09 16:27,Guindy,Singaperumal Koil,60.95,1,,630.42,Wallet,Standard,11.702,0.0
RIDE003660,Private,2025-01-18 23:09,2025-01-19 00:09,Mylapore,Chengalpattu Town,52.8,1,,511.22,Wallet,Standard,10.138,0.0
RIDE003661,Carpool,2025-02-06 10:30,2025-02-06 11:29,T Nagar,Chengalpattu Bus Stand,53.29,2,1.8,331.13,Wallet,Shared,7.461,2.771
RIDE003662,Private,2025-02-09 04:19,2025-02-09 05:03,Tambaram,Singaperumal Koil,40.27,1,,448.06,Wallet,Standard,7.732,0.0
RIDE003663,Carpool,2025-01-13 08:39,2025-01-13 09:18,Guindy,Singaperumal Koil,37.94,4,3.8,286.38,Card,Shared,5.312,1.972
RIDE003664,Carpool,2025-02-01 10:30,2025-02-01 11:13,Perungudi,Chengalpattu Bus Stand,37.68,4,3.8,284.03,Cash,Shared,5.275,1.96
RIDE003665,Private,2025-04-20 16:21,2025-04-20 17:01,T Nagar,Chengalpattu Bus Stand,44.33,1,,400.88,Wallet,Standard,8.511,0.0
RIDE003666,Private,2025-03-08 16:34,2025-03-08 17:16,Anna Nagar,Chengalpattu Town,40.69,1,,393.25,Wallet,Standard,7.812,0.0
RIDE003667,Private,2025-01-14 11:27,2025-01-14 12:30,Perungudi,SRM University,55.52,1,,575.56,Wallet,Standard,10.66,0.0
RIDE003668,Private,2025-04-21 20:49,2025-04-21 21:33,Velachery,Chengalpattu Town,37.05,1,,353.6,Card,Standard,7.114,0.0
RIDE003669,Private,2025-03-20 14:52,2025-03-20 16:01,Guindy,Chengalpattu Bus Stand,64.41,1,,608.3,Cash,Standard,12.367,0.0
RIDE003670,Carpool,2025-03-12 21:59,2025-03-12 23:10,Mylapore,Chengalpattu Town,60.15,4,3.7,413.88,Cash,Shared,8.421,3.128
RIDE003671,Private,2025-01-07 05:20,2025-01-07 06:16,OMR Sholinganallur,Chengalpattu Town,51.21,1,,565.5,UPI,Standard,9.832,0.0
RIDE003672,Private,2025-01-04 01:38,2025-01-04 02:10,OMR Sholinganallur,Mahindra City,30.78,1,,343.73,Card,Standard,5.91,0.0
RIDE003673,Carpool,2025-04-05 08:10,2025-04-05 09:09,T Nagar,Chengalpattu Town,47.48,4,3.6,296.16,Wallet,Shared,6.647,2.469
RIDE003674,Carpool,2025-02-26 18:49,2025-02-26 19:25,OMR Sholinganallur,SRM University,32.94,2,1.6,228.25,Cash,Shared,4.612,1.712
RIDE003675,Private,2025-03-02 16:44,2025-03-02 17:35,OMR Sholinganallur,Mahindra City,43.87,1,,494.97,Cash,Standard,8.423,0.0
RIDE003676,Private,2025-03-03 22:06,2025-03-03 22:46,OMR Sholinganallur,SRM University,41.47,1,,450.22,Card,Standard,7.962,0.0
RIDE003677,Carpool,2025-03-31 00:39,2025-03-31 01:23,Anna Nagar,Mahindra City,35.94,4,3.5,247.71,UPI,Shared,5.032,1.868
RIDE003678,Private,2025-02-21 00:02,2025-02-21 00:36,Velachery,SRM University,32.2,1,,308.32,Wallet,Standard,6.182,0.0
RIDE003679,Carpool,2025-04-29 18:58,2025-04-29 19:42,Chromepet,SRM University,42.84,3,2.4,330.19,Cash,Shared,5.998,2.227
RIDE003680,Carpool,2025-01-04 23:29,2025-01-05 00:11,Perungudi,Chengalpattu Bus Stand,37.38,4,3.6,288.47,UPI,Shared,5.233,1.944
RIDE003681,Carpool,2025-03-17 21:23,2025-03-17 22:14,Chromepet,Chengalpattu Town,55.6,4,3.8,420.04,Wallet,Shared,7.784,2.891
RIDE003682,Carpool,2025-02-05 04:24,2025-02-05 05:11,Anna Nagar,Singaperumal Koil,46.96,2,1.8,365.69,Card,Shared,6.574,2.442
RIDE003683,Private,2025-01-09 01:42,2025-01-09 02:38,Velachery,Chengalpattu Town,47.82,1,,516.38,Wallet,Standard,9.181,0.0
RIDE003684,Carpool,2025-03-12 00:01,2025-03-12 00:44,Anna Nagar,Chengalpattu Bus Stand,36.61,4,3.4,243.47,Wallet,Shared,5.125,1.904
RIDE003685,Carpool,2025-01-06 12:07,2025-01-06 13:00,T Nagar,Mahindra City,53.4,2,1.6,351.22,Card,Shared,7.476,2.777
RIDE003686,Carpool,2025-01-21 07:37,2025-01-21 08:21,Pallavaram,Chengalpattu Bus Stand,48.96,2,1.6,380.84,Cash,Shared,6.854,2.546
RIDE003687,Private,2025-04-29 23:28,2025-04-29 23:57,Mylapore,Chengalpattu Town,30.54,1,,294.89,Wallet,Standard,5.864,0.0
RIDE003688,Carpool,2025-03-01 13:17,2025-03-01 14:14,OMR Sholinganallur,Chengalpattu Bus Stand,47.77,4,3.8,359.54,UPI,Shared,6.688,2.484
RIDE003689,Private,2025-03-23 05:37,2025-03-23 06:19,Tambaram,Mahindra City,37.6,1,,420.54,Card,Standard,7.219,0.0
RIDE003690,Carpool,2025-01-20 00:26,2025-01-20 01:18,Pallavaram,Chengalpattu Town,53.61,2,1.9,323.65,Cash,Shared,7.505,2.788
RIDE003691,Carpool,2025-02-12 13:02,2025-02-12 13:57,Velachery,SRM University,60.09,3,2.9,438.44,UPI,Shared,8.413,3.124
RIDE003692,Private,2025-02-11 12:34,2025-02-11 13:27,Mylapore,SRM University,43.65,1,,398.56,Cash,Standard,8.381,0.0
RIDE003693,Carpool,2025-04-04 08:40,2025-04-04 09:40,Pallavaram,Chengalpattu Town,61.96,3,2.7,404.18,Cash,Shared,8.674,3.222
RIDE003694,Carpool,2025-04-14 01:14,2025-04-14 01:43,Guindy,Mahindra City,32.28,3,2.9,203.51,UPI,Shared,4.519,1.679
RIDE003695,Private,2025-03-19 19:26,2025-03-19 20:30,T Nagar,Chengalpattu Town,53.56,1,,548.9,Card,Standard,10.284,0.0
RIDE003696,Private,2025-03-23 04:26,2025-03-23 05:25,Adyar,Mahindra City,52.0,1,,516.14,Cash,Standard,9.984,0.0
RIDE003697,Private,2025-03-12 07:33,2025-03-12 08:22,Adyar,Singaperumal Koil,45.48,1,,502.61,UPI,Standard,8.732,0.0
RIDE003698,Private,2025-03-08 11:45,2025-03-08 12:56,Guindy,SRM University,63.59,1,,618.06,Wallet,Standard,12.209,0.0
RIDE003699,Private,2025-02-01 20:37,2025-02-01 21:34,Guindy,Chengalpattu Bus Stand,60.11,1,,584.68,Wallet,Standard,11.541,0.0
RIDE003700,Carpool,2025-02-28 09:54,2025-02-28 10:25,OMR Sholinganallur,SRM University,30.52,3,2.7,222.57,Card,Shared,4.273,1.587
RIDE003701,Private,2025-03-04 07:03,2025-03-04 08:11,Velachery,SRM University,55.44,1,,546.15,Cash,Standard,10.644,0.0
RIDE003702,Carpool,2025-02-11 16:15,2025-02-11 16:52,Adyar,SRM University,39.64,3,2.8,289.69,UPI,Shared,5.55,2.061
RIDE003703,Private,2025-01-05 17:24,2025-01-05 18:19,Adyar,Chengalpattu Town,45.2,1,,491.93,Cash,Standard,8.678,0.0
RIDE003704,Private,2025-02-01 06:42,2025-02-01 07:29,Adyar,Chengalpattu Town,41.71,1,,457.12,UPI,Standard,8.008,0.0
RIDE003705,Carpool,2025-04-15 21:58,2025-04-15 22:53,Chromepet,Mahindra City,46.07,2,1.8,335.45,Cash,Shared,6.45,2.395
RIDE003706,Private,2025-01-13 10:20,2025-01-13 11:07,OMR Sholinganallur,Mahindra City,39.03,1,,358.06,Cash,Standard,7.494,0.0
RIDE003707,Carpool,2025-04-02 08:48,2025-04-02 09:27,Guindy,Chengalpattu Town,35.58,4,3.7,267.54,Wallet,Shared,4.981,1.85
RIDE003708,Carpool,2025-02-14 22:06,2025-02-14 22:39,OMR Sholinganallur,Chengalpattu Town,32.29,4,4.0,236.85,UPI,Shared,4.521,1.679
RIDE003709,Private,2025-03-26 22:12,2025-03-26 23:01,Guindy,Mahindra City,49.55,1,,507.99,Card,Standard,9.514,0.0
RIDE003710,Carpool,2025-03-07 09:24,2025-03-07 10:03,Perungudi,Chengalpattu Bus Stand,38.09,3,2.9,232.37,Card,Shared,5.333,1.98
RIDE003711,Carpool,2025-04-29 16:05,2025-04-29 16:49,Anna Nagar,Chengalpattu Bus Stand,40.35,4,3.4,266.19,Cash,Shared,5.649,2.098
RIDE003712,Carpool,2025-04-16 19:54,2025-04-16 21:00,Perungudi,Chengalpattu Town,61.39,4,3.9,410.77,Cash,Shared,8.595,3.192
RIDE003713,Carpool,2025-04-28 04:45,2025-04-28 05:22,Perungudi,Chengalpattu Bus Stand,37.25,3,2.6,267.26,Cash,Shared,5.215,1.937
RIDE003714,Private,2025-04-05 14:57,2025-04-05 16:00,Perungudi,Chengalpattu Bus Stand,57.48,1,,556.56,UPI,Standard,11.036,0.0
RIDE003715,Private,2025-01-02 15:34,2025-01-02 16:03,Velachery,Chengalpattu Bus Stand,31.1,1,,353.64,UPI,Standard,5.971,0.0
RIDE003716,Carpool,2025-02-24 08:52,2025-02-24 09:32,Tambaram,Mahindra City,37.74,4,3.9,285.68,UPI,Shared,5.284,1.962
RIDE003717,Carpool,2025-01-11 08:03,2025-01-11 08:50,Chromepet,Chengalpattu Town,43.42,2,1.8,322.98,Card,Shared,6.079,2.258
RIDE003718,Private,2025-02-28 08:43,2025-02-28 09:34,Adyar,Chengalpattu Town,48.86,1,,526.82,Cash,Standard,9.381,0.0
RIDE003719,Carpool,2025-04-24 03:52,2025-04-24 04:29,Anna Nagar,SRM University,36.67,3,2.6,241.75,UPI,Shared,5.134,1.907
RIDE003720,Private,2025-03-24 13:30,2025-03-24 14:40,Velachery,Mahindra City,58.63,1,,607.91,Cash,Standard,11.257,0.0
RIDE003721,Private,2025-04-29 05:15,2025-04-29 05:50,Adyar,Chengalpattu Town,31.8,1,,343.89,Cash,Standard,6.106,0.0
RIDE003722,Private,2025-01-11 00:19,2025-01-11 00:58,Pallavaram,SRM University,31.94,1,,344.49,UPI,Standard,6.132,0.0
RIDE003723,Carpool,2025-04-09 20:38,2025-04-09 21:16,Tambaram,Chengalpattu Bus Stand,35.77,4,3.5,266.54,Cash,Shared,5.008,1.86
RIDE003724,Carpool,2025-02-06 18:28,2025-02-06 19:05,Guindy,Mahindra City,30.29,4,3.9,200.13,Card,Shared,4.241,1.575
RIDE003725,Carpool,2025-04-05 16:39,2025-04-05 17:17,Pallavaram,Chengalpattu Bus Stand,33.61,3,2.8,244.48,Card,Shared,4.705,1.748
RIDE003726,Carpool,2025-04-20 02:03,2025-04-20 02:36,Mylapore,SRM University,30.28,4,3.5,226.03,Wallet,Shared,4.239,1.575
RIDE003727,Carpool,2025-01-25 13:09,2025-01-25 13:48,Mylapore,Chengalpattu Town,41.09,2,1.6,268.17,UPI,Shared,5.753,2.136
RIDE003728,Private,2025-01-30 11:50,2025-01-30 12:42,Velachery,SRM University,56.46,1,,521.07,Wallet,Standard,10.84,0.0
RIDE003729,Private,2025-01-10 21:23,2025-01-10 21:56,Adyar,Singaperumal Koil,32.49,1,,305.36,Card,Standard,6.238,0.0
RIDE003730,Carpool,2025-01-08 14:20,2025-01-08 15:18,Mylapore,SRM University,53.44,3,2.9,392.69,UPI,Shared,7.482,2.778
RIDE003731,Carpool,2025-03-12 04:10,2025-03-12 04:56,Pallavaram,Singaperumal Koil,39.24,3,2.4,249.63,Wallet,Shared,5.494,2.04
RIDE003732,Carpool,2025-01-23 04:11,2025-01-23 04:49,Adyar,Chengalpattu Bus Stand,35.78,2,1.6,258.4,UPI,Shared,5.009,1.861
RIDE003733,Private,2025-02-28 12:32,2025-02-28 13:25,Tambaram,Chengalpattu Town,44.56,1,,449.73,UPI,Standard,8.556,0.0
RIDE003734,Carpool,2025-02-16 00:14,2025-02-16 00:53,T Nagar,Mahindra City,37.97,3,2.4,264.91,Wallet,Shared,5.316,1.974
RIDE003735,Private,2025-01-10 23:46,2025-01-11 00:31,Anna Nagar,Chengalpattu Bus Stand,50.32,1,,567.93,UPI,Standard,9.661,0.0
RIDE003736,Private,2025-04-16 12:01,2025-04-16 12:39,Adyar,Chengalpattu Town,32.31,1,,343.92,UPI,Standard,6.204,0.0
RIDE003737,Carpool,2025-02-28 20:51,2025-02-28 21:59,Chromepet,Singaperumal Koil,57.04,4,3.6,399.93,Wallet,Shared,7.986,2.966
RIDE003738,Private,2025-04-21 05:52,2025-04-21 06:54,Chromepet,Singaperumal Koil,57.15,1,,560.41,Cash,Standard,10.973,0.0
RIDE003739,Private,2025-01-02 09:07,2025-01-02 10:03,Guindy,SRM University,46.64,1,,430.23,Cash,Standard,8.955,0.0
RIDE003740,Carpool,2025-01-10 21:34,2025-01-10 22:40,Anna Nagar,Chengalpattu Town,61.99,2,1.8,430.5,Card,Shared,8.679,3.223
RIDE003741,Private,2025-02-01 19:32,2025-02-01 20:20,Perungudi,Mahindra City,46.53,1,,531.5,Wallet,Standard,8.934,0.0
RIDE003742,Carpool,2025-04-05 15:58,2025-04-05 16:39,Guindy,Singaperumal Koil,43.69,3,2.9,311.92,Cash,Shared,6.117,2.271
RIDE003743,Private,2025-03-01 20:29,2025-03-01 21:23,Chromepet,Mahindra City,47.33,1,,447.84,UPI,Standard,9.087,0.0
RIDE003744,Private,2025-04-02 01:34,2025-04-02 02:16,Chromepet,Chengalpattu Town,38.53,1,,369.03,UPI,Standard,7.398,0.0
RIDE003745,Carpool,2025-02-01 04:59,2025-02-01 05:46,Chromepet,Singaperumal Koil,50.98,2,1.8,376.17,Wallet,Shared,7.137,2.651
RIDE003746,Carpool,2025-04-25 21:47,2025-04-25 22:56,Pallavaram,Chengalpattu Bus Stand,58.95,3,2.8,404.39,UPI,Shared,8.253,3.065
RIDE003747,Private,2025-01-27 16:32,2025-01-27 17:38,T Nagar,SRM University,56.57,1,,583.38,Wallet,Standard,10.861,0.0
RIDE003748,Private,2025-04-10 03:49,2025-04-10 04:55,Chromepet,Chengalpattu Town,57.41,1,,590.32,Wallet,Standard,11.023,0.0
RIDE003749,Carpool,2025-03-17 11:19,2025-03-17 11:48,Anna Nagar,Chengalpattu Town,33.18,2,1.6,223.16,Card,Shared,4.645,1.726
RIDE003750,Carpool,2025-03-10 09:47,2025-03-10 10:38,Perungudi,Singaperumal Koil,54.72,3,2.9,348.41,Card,Shared,7.661,2.845
RIDE003751,Private,2025-03-03 02:14,2025-03-03 02:59,T Nagar,SRM University,43.37,1,,493.93,Wallet,Standard,8.327,0.0
RIDE003752,Carpool,2025-04-15 02:10,2025-04-15 02:48,Adyar,Singaperumal Koil,41.32,4,3.6,281.59,UPI,Shared,5.785,2.148
RIDE003753,Private,2025-01-17 16:14,2025-01-17 16:56,Tambaram,SRM University,44.66,1,,467.68,Card,Standard,8.575,0.0
RIDE003754,Private,2025-03-30 13:58,2025-03-30 14:36,Pallavaram,Mahindra City,35.48,1,,362.58,Cash,Standard,6.812,0.0
RIDE003755,Carpool,2025-02-02 11:12,2025-02-02 11:50,Tambaram,Singaperumal Koil,37.51,3,2.7,291.01,UPI,Shared,5.251,1.951
RIDE003756,Carpool,2025-04-18 07:00,2025-04-18 07:37,Pallavaram,Singaperumal Koil,33.42,3,2.5,257.82,Card,Shared,4.679,1.738
RIDE003757,Carpool,2025-01-05 23:33,2025-01-06 00:14,T Nagar,Mahindra City,36.07,2,1.6,275.84,Card,Shared,5.05,1.875
RIDE003758,Private,2025-01-18 19:29,2025-01-18 20:09,OMR Sholinganallur,Singaperumal Koil,43.48,1,,425.97,Cash,Standard,8.348,0.0
RIDE003759,Carpool,2025-01-03 21:07,2025-01-03 21:54,Anna Nagar,Chengalpattu Town,51.85,3,2.8,384.77,Cash,Shared,7.259,2.696
RIDE003760,Private,2025-03-01 10:11,2025-03-01 11:14,Perungudi,Singaperumal Koil,57.57,1,,574.46,Wallet,Standard,11.053,0.0
RIDE003761,Private,2025-03-09 06:47,2025-03-09 07:34,Velachery,Chengalpattu Bus Stand,41.43,1,,425.84,Cash,Standard,7.955,0.0
RIDE003762,Private,2025-02-19 11:07,2025-02-19 12:00,Pallavaram,Chengalpattu Bus Stand,48.23,1,,459.11,Card,Standard,9.26,0.0
RIDE003763,Carpool,2025-01-20 04:48,2025-01-20 05:59,Chromepet,Chengalpattu Bus Stand,58.37,2,1.4,359.37,Card,Shared,8.172,3.035
RIDE003764,Private,2025-03-24 01:18,2025-03-24 02:11,Pallavaram,Chengalpattu Bus Stand,47.75,1,,512.64,Cash,Standard,9.168,0.0
RIDE003765,Carpool,2025-03-07 07:38,2025-03-07 08:23,Velachery,Chengalpattu Town,47.62,4,3.5,343.09,Wallet,Shared,6.667,2.476
RIDE003766,Private,2025-01-20 04:06,2025-01-20 04:54,Pallavaram,Mahindra City,46.07,1,,436.13,Card,Standard,8.845,0.0
RIDE003767,Private,2025-04-01 19:21,2025-04-01 20:08,Chromepet,SRM University,41.33,1,,454.83,Card,Standard,7.935,0.0
RIDE003768,Carpool,2025-03-13 19:45,2025-03-13 20:30,Chromepet,Mahindra City,45.45,2,1.8,339.78,Card,Shared,6.363,2.363
RIDE003769,Carpool,2025-04-01 13:28,2025-04-01 14:35,Pallavaram,Singaperumal Koil,59.61,4,3.5,361.56,Wallet,Shared,8.345,3.1
RIDE003770,Carpool,2025-04-09 16:20,2025-04-09 16:59,Anna Nagar,SRM University,34.46,3,2.6,234.11,Cash,Shared,4.824,1.792
RIDE003771,Private,2025-04-26 08:31,2025-04-26 09:15,Anna Nagar,Mahindra City,37.77,1,,387.7,Wallet,Standard,7.252,0.0
RIDE003772,Private,2025-04-09 01:30,2025-04-09 02:37,Anna Nagar,Mahindra City,55.81,1,,508.76,Cash,Standard,10.716,0.0
RIDE003773,Private,2025-02-27 11:40,2025-02-27 12:53,OMR Sholinganallur,Chengalpattu Town,63.4,1,,651.17,Cash,Standard,12.173,0.0
RIDE003774,Carpool,2025-02-20 21:30,2025-02-20 22:34,T Nagar,SRM University,59.2,2,1.8,356.66,Card,Shared,8.288,3.078
RIDE003775,Private,2025-02-06 08:08,2025-02-06 08:56,Adyar,SRM University,46.49,1,,456.35,UPI,Standard,8.926,0.0
RIDE003776,Carpool,2025-01-22 05:50,2025-01-22 06:46,Adyar,Mahindra City,55.92,3,2.5,385.01,Wallet,Shared,7.829,2.908
RIDE003777,Private,2025-03-15 20:36,2025-03-15 21:40,Anna Nagar,Chengalpattu Bus Stand,56.1,1,,532.55,Card,Standard,10.771,0.0
RIDE003778,Carpool,2025-04-18 12:20,2025-04-18 12:58,Anna Nagar,SRM University,39.61,3,2.6,248.98,UPI,Shared,5.545,2.06
RIDE003779,Carpool,2025-03-07 07:37,2025-03-07 08:24,Perungudi,Mahindra City,41.33,4,3.7,311.76,Card,Shared,5.786,2.149
RIDE003780,Private,2025-02-14 03:22,2025-02-14 04:04,Adyar,Singaperumal Koil,43.36,1,,463.05,Cash,Standard,8.325,0.0
RIDE003781,Private,2025-04-21 17:56,2025-04-21 18:50,Anna Nagar,Chengalpattu Bus Stand,49.83,1,,494.1,Cash,Standard,9.567,0.0
RIDE003782,Private,2025-02-15 10:12,2025-02-15 11:25,T Nagar,Chengalpattu Town,64.48,1,,649.73,Cash,Standard,12.38,0.0
RIDE003783,Private,2025-02-08 10:21,2025-02-08 11:19,Tambaram,Mahindra City,54.21,1,,513.29,Cash,Standard,10.408,0.0
RIDE003784,Carpool,2025-04-10 21:18,2025-04-10 22:09,Tambaram,Chengalpattu Bus Stand,44.51,3,2.9,324.57,Card,Shared,6.231,2.315
RIDE003785,Carpool,2025-01-26 11:11,2025-01-26 12:24,Velachery,Chengalpattu Town,63.61,4,3.6,416.49,Wallet,Shared,8.905,3.308
RIDE003786,Carpool,2025-03-07 22:22,2025-03-07 23:08,Guindy,SRM University,49.33,2,1.7,299.7,Cash,Shared,6.906,2.565
RIDE003787,Private,2025-02-04 12:05,2025-02-04 12:39,Perungudi,Mahindra City,33.43,1,,340.67,Wallet,Standard,6.419,0.0
RIDE003788,Carpool,2025-03-09 19:02,2025-03-09 20:09,Perungudi,Mahindra City,60.25,2,1.9,419.73,Cash,Shared,8.435,3.133
RIDE003789,Private,2025-02-04 00:38,2025-02-04 01:13,Adyar,Singaperumal Koil,35.7,1,,361.21,Wallet,Standard,6.854,0.0
RIDE003790,Carpool,2025-03-07 23:26,2025-03-08 00:39,T Nagar,SRM University,60.57,4,3.9,381.83,Wallet,Shared,8.48,3.149
RIDE003791,Carpool,2025-04-13 05:02,2025-04-13 05:49,Pallavaram,Chengalpattu Bus Stand,51.44,2,1.5,399.34,UPI,Shared,7.202,2.674
RIDE003792,Private,2025-03-24 09:47,2025-03-24 10:50,Anna Nagar,Mahindra City,62.83,1,,637.11,Cash,Standard,12.063,0.0
RIDE003793,Private,2025-01-05 14:49,2025-01-05 15:33,T Nagar,Singaperumal Koil,39.14,1,,429.64,Card,Standard,7.515,0.0
RIDE003794,Private,2025-04-01 15:53,2025-04-01 16:26,OMR Sholinganallur,Chengalpattu Bus Stand,30.9,1,,321.29,UPI,Standard,5.933,0.0
RIDE003795,Carpool,2025-04-18 12:03,2025-04-18 12:50,Tambaram,SRM University,50.24,4,3.8,329.62,Cash,Shared,7.034,2.612
RIDE003796,Private,2025-03-31 16:02,2025-03-31 16:47,Pallavaram,Chengalpattu Town,42.05,1,,456.96,UPI,Standard,8.074,0.0
RIDE003797,Carpool,2025-01-25 15:13,2025-01-25 16:16,Velachery,Mahindra City,54.37,3,2.6,351.04,UPI,Shared,7.612,2.827
RIDE003798,Private,2025-02-25 06:03,2025-02-25 06:47,T Nagar,Chengalpattu Town,48.02,1,,479.93,Cash,Standard,9.22,0.0
RIDE003799,Private,2025-04-01 04:39,2025-04-01 05:48,Guindy,SRM University,62.63,1,,659.16,Wallet,Standard,12.025,0.0
RIDE003800,Private,2025-01-11 06:43,2025-01-11 07:27,Pallavaram,Chengalpattu Town,42.53,1,,408.73,Cash,Standard,8.166,0.0
RIDE003801,Private,2025-03-27 17:17,2025-03-27 18:05,Velachery,Chengalpattu Bus Stand,41.14,1,,412.92,Cash,Standard,7.899,0.0
RIDE003802,Carpool,2025-03-07 02:00,2025-03-07 02:49,Adyar,Chengalpattu Town,50.87,4,3.9,309.36,Wallet,Shared,7.122,2.645
RIDE003803,Carpool,2025-03-09 13:27,2025-03-09 14:30,Velachery,SRM University,58.82,3,2.8,443.9,Wallet,Shared,8.235,3.058
RIDE003804,Carpool,2025-01-18 20:16,2025-01-18 21:09,Chromepet,Chengalpattu Town,48.71,2,1.8,350.02,Card,Shared,6.819,2.533
RIDE003805,Private,2025-02-19 12:33,2025-02-19 13:37,Chromepet,Singaperumal Koil,57.22,1,,519.86,UPI,Standard,10.986,0.0
RIDE003806,Carpool,2025-02-06 19:55,2025-02-06 20:50,Tambaram,SRM University,52.89,2,1.6,318.53,Card,Shared,7.405,2.75
RIDE003807,Private,2025-03-02 11:54,2025-03-02 12:58,Adyar,SRM University,63.15,1,,642.99,Cash,Standard,12.125,0.0
RIDE003808,Carpool,2025-03-22 00:56,2025-03-22 01:58,Tambaram,Chengalpattu Bus Stand,50.42,3,2.5,350.38,Cash,Shared,7.059,2.622
RIDE003809,Carpool,2025-04-08 01:08,2025-04-08 02:14,Guindy,Chengalpattu Bus Stand,55.84,4,3.7,410.12,Wallet,Shared,7.818,2.903
RIDE003810,Carpool,2025-04-03 14:59,2025-04-03 15:40,Chromepet,Mahindra City,34.76,3,3.0,250.69,UPI,Shared,4.866,1.808
RIDE003811,Carpool,2025-02-17 10:46,2025-02-17 11:17,Velachery,Chengalpattu Bus Stand,32.16,3,2.5,197.26,UPI,Shared,4.502,1.673
RIDE003812,Private,2025-02-04 12:45,2025-02-04 13:42,Chromepet,SRM University,60.34,1,,602.95,Cash,Standard,11.585,0.0
RIDE003813,Private,2025-02-14 17:04,2025-02-14 18:02,T Nagar,Chengalpattu Bus Stand,59.48,1,,547.29,Cash,Standard,11.42,0.0
RIDE003814,Private,2025-03-14 13:40,2025-03-14 14:35,Perungudi,Chengalpattu Town,53.51,1,,491.79,Card,Standard,10.274,0.0
RIDE003815,Private,2025-03-02 01:06,2025-03-02 01:37,T Nagar,Chengalpattu Bus Stand,34.44,1,,310.42,Card,Standard,6.612,0.0
RIDE003816,Carpool,2025-03-09 13:18,2025-03-09 13:47,OMR Sholinganallur,Mahindra City,30.2,2,1.5,220.11,UPI,Shared,4.228,1.57
RIDE003817,Private,2025-02-09 09:44,2025-02-09 10:37,T Nagar,SRM University,55.86,1,,624.15,Cash,Standard,10.725,0.0
RIDE003818,Carpool,2025-01-03 20:04,2025-01-03 20:55,Perungudi,Chengalpattu Town,50.93,2,1.8,350.53,Wallet,Shared,7.13,2.649
RIDE003819,Private,2025-01-03 05:18,2025-01-03 06:23,Mylapore,Chengalpattu Bus Stand,53.03,1,,566.89,Cash,Standard,10.182,0.0
RIDE003820,Private,2025-03-11 22:05,2025-03-11 22:45,Anna Nagar,Singaperumal Koil,32.66,1,,365.64,UPI,Standard,6.271,0.0
RIDE003821,Private,2025-03-23 05:41,2025-03-23 06:19,T Nagar,SRM University,36.1,1,,325.39,UPI,Standard,6.931,0.0
RIDE003822,Carpool,2025-01-08 00:18,2025-01-08 01:05,Anna Nagar,Chengalpattu Bus Stand,42.75,2,1.5,284.73,Card,Shared,5.985,2.223
RIDE003823,Private,2025-03-17 10:06,2025-03-17 10:53,Tambaram,SRM University,49.47,1,,538.18,Card,Standard,9.498,0.0
RIDE003824,Carpool,2025-01-15 04:12,2025-01-15 05:03,Anna Nagar,Singaperumal Koil,43.14,4,3.9,302.82,UPI,Shared,6.04,2.243
RIDE003825,Private,2025-03-15 10:56,2025-03-15 11:42,Velachery,Chengalpattu Bus Stand,45.28,1,,419.51,Wallet,Standard,8.694,0.0
RIDE003826,Private,2025-04-13 06:14,2025-04-13 07:21,Guindy,Singaperumal Koil,57.9,1,,652.52,Wallet,Standard,11.117,0.0
RIDE003827,Carpool,2025-03-20 02:08,2025-03-20 02:52,Tambaram,Chengalpattu Town,43.67,3,2.7,304.01,Wallet,Shared,6.114,2.271
RIDE003828,Carpool,2025-01-14 21:09,2025-01-14 21:58,T Nagar,Chengalpattu Town,54.34,4,3.5,397.02,Cash,Shared,7.608,2.825
RIDE003829,Carpool,2025-03-02 05:00,2025-03-02 05:43,Tambaram,Chengalpattu Bus Stand,44.85,4,3.6,284.23,Wallet,Shared,6.279,2.332
RIDE003830,Private,2025-01-12 07:12,2025-01-12 07:54,Chromepet,SRM University,44.66,1,,471.55,Card,Standard,8.575,0.0
RIDE003831,Carpool,2025-02-17 06:32,2025-02-17 07:17,Pallavaram,Singaperumal Koil,44.55,2,1.6,309.29,Wallet,Shared,6.237,2.317
RIDE003832,Private,2025-02-14 17:48,2025-02-14 18:54,Pallavaram,Mahindra City,58.17,1,,567.32,Card,Standard,11.169,0.0
RIDE003833,Carpool,2025-03-03 11:11,2025-03-03 12:27,Tambaram,Mahindra City,64.89,2,2.0,394.02,Wallet,Shared,9.085,3.374
RIDE003834,Carpool,2025-03-15 03:57,2025-03-15 04:34,Mylapore,SRM University,32.7,4,3.6,241.01,UPI,Shared,4.578,1.7
RIDE003835,Carpool,2025-03-27 08:37,2025-03-27 09:08,Mylapore,Chengalpattu Town,31.1,2,1.4,235.45,Cash,Shared,4.354,1.617
RIDE003836,Carpool,2025-02-13 14:01,2025-02-13 14:36,Velachery,Chengalpattu Town,31.98,3,2.7,226.21,Card,Shared,4.477,1.663
RIDE003837,Carpool,2025-01-11 10:09,2025-01-11 10:59,Velachery,SRM University,47.88,2,1.7,294.2,Card,Shared,6.703,2.49
RIDE003838,Carpool,2025-04-25 04:43,2025-04-25 05:30,Mylapore,Singaperumal Koil,40.38,2,1.8,264.2,UPI,Shared,5.653,2.1
RIDE003839,Carpool,2025-01-26 02:58,2025-01-26 03:56,OMR Sholinganallur,SRM University,47.18,2,2.0,330.94,Wallet,Shared,6.605,2.454
RIDE003840,Carpool,2025-02-26 03:37,2025-02-26 04:41,Adyar,Chengalpattu Bus Stand,56.08,3,2.9,386.43,Wallet,Shared,7.851,2.916
RIDE003841,Private,2025-04-04 03:06,2025-04-04 03:56,Guindy,SRM University,43.2,1,,436.18,Card,Standard,8.294,0.0
RIDE003842,Carpool,2025-03-14 11:57,2025-03-14 12:35,Pallavaram,Chengalpattu Town,35.75,2,1.8,229.4,Wallet,Shared,5.005,1.859
RIDE003843,Private,2025-01-03 07:10,2025-01-03 08:13,Anna Nagar,Chengalpattu Town,61.44,1,,600.25,UPI,Standard,11.796,0.0
RIDE003844,Private,2025-04-13 07:38,2025-04-13 08:09,Chromepet,Singaperumal Koil,33.3,1,,330.56,Wallet,Standard,6.394,0.0
RIDE003845,Private,2025-01-24 12:20,2025-01-24 13:18,Tambaram,SRM University,54.54,1,,543.01,Cash,Standard,10.472,0.0
RIDE003846,Private,2025-03-18 09:21,2025-03-18 10:18,Mylapore,Singaperumal Koil,61.52,1,,582.63,Wallet,Standard,11.812,0.0
RIDE003847,Private,2025-04-20 17:46,2025-04-20 18:39,Guindy,Chengalpattu Town,57.0,1,,529.97,UPI,Standard,10.944,0.0
RIDE003848,Carpool,2025-01-28 02:00,2025-01-28 03:00,Perungudi,Chengalpattu Bus Stand,55.22,4,3.7,353.89,UPI,Shared,7.731,2.871
RIDE003849,Carpool,2025-01-06 18:08,2025-01-06 18:48,T Nagar,SRM University,38.68,2,1.6,242.58,UPI,Shared,5.415,2.012
RIDE003850,Private,2025-03-21 06:33,2025-03-21 07:44,Guindy,Chengalpattu Town,61.32,1,,574.43,Cash,Standard,11.773,0.0
RIDE003851,Carpool,2025-03-18 14:19,2025-03-18 15:10,OMR Sholinganallur,Chengalpattu Town,52.85,3,2.9,326.07,Wallet,Shared,7.399,2.748
RIDE003852,Private,2025-02-19 08:49,2025-02-19 09:53,Adyar,Chengalpattu Bus Stand,61.06,1,,552.55,Wallet,Standard,11.724,0.0
RIDE003853,Carpool,2025-01-20 20:38,2025-01-20 21:11,Tambaram,Chengalpattu Town,32.6,4,3.9,197.59,UPI,Shared,4.564,1.695
RIDE003854,Carpool,2025-03-15 14:55,2025-03-15 16:06,Perungudi,SRM University,62.97,4,3.5,465.8,Wallet,Shared,8.816,3.274
RIDE003855,Carpool,2025-03-31 13:50,2025-03-31 14:36,Adyar,Singaperumal Koil,37.98,4,3.5,287.64,Cash,Shared,5.317,1.975
RIDE003856,Private,2025-02-08 20:18,2025-02-08 21:03,Perungudi,Chengalpattu Bus Stand,43.29,1,,484.92,UPI,Standard,8.312,0.0
RIDE003857,Carpool,2025-02-16 18:30,2025-02-16 19:04,Chromepet,Chengalpattu Town,35.93,4,3.9,250.07,Wallet,Shared,5.03,1.869
RIDE003858,Private,2025-01-15 16:42,2025-01-15 17:17,Guindy,Chengalpattu Bus Stand,32.15,1,,361.68,Card,Standard,6.173,0.0
RIDE003859,Carpool,2025-02-23 13:37,2025-02-23 14:47,Adyar,Chengalpattu Town,63.31,4,3.7,383.56,Wallet,Shared,8.863,3.293
RIDE003860,Carpool,2025-01-26 00:15,2025-01-26 01:06,OMR Sholinganallur,Chengalpattu Bus Stand,55.43,2,1.6,401.8,Wallet,Shared,7.76,2.883
RIDE003861,Carpool,2025-03-05 20:37,2025-03-05 21:15,Chromepet,SRM University,35.46,3,3.0,220.87,Cash,Shared,4.964,1.844
RIDE003862,Carpool,2025-01-03 23:53,2025-01-04 00:49,Guindy,Chengalpattu Town,59.18,3,2.7,425.18,UPI,Shared,8.285,3.078
RIDE003863,Carpool,2025-03-22 14:47,2025-03-22 15:57,Guindy,Mahindra City,64.14,2,1.7,409.58,Cash,Shared,8.98,3.335
RIDE003864,Private,2025-02-15 06:59,2025-02-15 08:14,Mylapore,SRM University,63.52,1,,709.69,UPI,Standard,12.196,0.0
RIDE003865,Private,2025-04-14 18:43,2025-04-14 19:23,Adyar,Mahindra City,32.94,1,,377.45,Cash,Standard,6.324,0.0
RIDE003866,Carpool,2025-02-11 13:45,2025-02-11 14:29,Anna Nagar,Singaperumal Koil,42.02,2,1.7,277.58,Wallet,Shared,5.883,2.185
RIDE003867,Carpool,2025-04-26 08:49,2025-04-26 09:39,Guindy,Chengalpattu Bus Stand,51.68,3,2.9,338.21,Wallet,Shared,7.235,2.688
RIDE003868,Private,2025-04-30 08:11,2025-04-30 09:01,Adyar,Mahindra City,55.08,1,,585.16,Wallet,Standard,10.575,0.0
RIDE003869,Carpool,2025-01-19 22:17,2025-01-19 23:08,Adyar,Mahindra City,49.2,4,3.5,313.89,Cash,Shared,6.888,2.558
RIDE003870,Carpool,2025-02-11 07:36,2025-02-11 08:35,Mylapore,Chengalpattu Bus Stand,55.46,4,3.8,352.39,Card,Shared,7.764,2.884
RIDE003871,Private,2025-04-12 13:55,2025-04-12 14:51,Tambaram,Chengalpattu Town,45.99,1,,524.29,UPI,Standard,8.83,0.0
RIDE003872,Carpool,2025-03-28 15:06,2025-03-28 16:06,Pallavaram,Singaperumal Koil,63.16,3,2.7,439.82,Wallet,Shared,8.842,3.285
RIDE003873,Private,2025-02-18 10:30,2025-02-18 11:29,Velachery,Chengalpattu Bus Stand,61.08,1,,607.64,Wallet,Standard,11.727,0.0
RIDE003874,Private,2025-04-12 18:33,2025-04-12 19:22,Pallavaram,SRM University,40.31,1,,457.84,Wallet,Standard,7.74,0.0
RIDE003875,Carpool,2025-03-29 07:23,2025-03-29 07:58,OMR Sholinganallur,Singaperumal Koil,30.65,4,3.4,231.33,Wallet,Shared,4.291,1.594
RIDE003876,Carpool,2025-04-04 16:26,2025-04-04 17:17,Anna Nagar,Singaperumal Koil,42.9,4,3.6,282.19,Wallet,Shared,6.006,2.231
RIDE003877,Carpool,2025-03-04 00:44,2025-03-04 01:22,Adyar,Mahindra City,31.5,2,1.9,218.39,Wallet,Shared,4.41,1.638
RIDE003878,Carpool,2025-03-02 15:51,2025-03-02 16:31,Pallavaram,Singaperumal Koil,35.17,3,3.0,267.27,Wallet,Shared,4.924,1.829
RIDE003879,Private,2025-04-23 20:20,2025-04-23 21:18,Mylapore,Chengalpattu Bus Stand,61.71,1,,630.33,UPI,Standard,11.848,0.0
RIDE003880,Carpool,2025-04-15 17:31,2025-04-15 18:29,Adyar,Singaperumal Koil,57.08,2,1.7,405.51,Card,Shared,7.991,2.968
RIDE003881,Private,2025-04-16 10:58,2025-04-16 12:10,OMR Sholinganallur,Chengalpattu Bus Stand,59.54,1,,674.79,Card,Standard,11.432,0.0
RIDE003882,Carpool,2025-03-01 16:54,2025-03-01 17:44,Pallavaram,Chengalpattu Town,51.49,4,3.9,395.73,Card,Shared,7.209,2.677
RIDE003883,Carpool,2025-03-26 20:04,2025-03-26 20:50,Velachery,Chengalpattu Town,43.26,4,4.0,293.69,Card,Shared,6.056,2.25
RIDE003884,Private,2025-01-08 13:14,2025-01-08 13:54,Velachery,Mahindra City,41.79,1,,426.54,Card,Standard,8.024,0.0
RIDE003885,Private,2025-03-26 10:31,2025-03-26 11:29,OMR Sholinganallur,Chengalpattu Town,52.72,1,,552.62,Card,Standard,10.122,0.0
RIDE003886,Private,2025-02-20 18:52,2025-02-20 19:53,T Nagar,Chengalpattu Bus Stand,52.78,1,,535.58,UPI,Standard,10.134,0.0
RIDE003887,Carpool,2025-01-06 21:07,2025-01-06 22:18,Pallavaram,Chengalpattu Town,60.08,3,2.9,394.67,Card,Shared,8.411,3.124
RIDE003888,Private,2025-03-05 23:55,2025-03-06 00:33,OMR Sholinganallur,SRM University,36.84,1,,352.78,Wallet,Standard,7.073,0.0
RIDE003889,Private,2025-01-30 17:37,2025-01-30 18:20,Chromepet,Chengalpattu Bus Stand,37.61,1,,373.12,Cash,Standard,7.221,0.0
RIDE003890,Private,2025-04-14 08:56,2025-04-14 09:30,T Nagar,Chengalpattu Bus Stand,30.5,1,,337.02,UPI,Standard,5.856,0.0
RIDE003891,Private,2025-03-07 18:14,2025-03-07 19:06,Adyar,Chengalpattu Bus Stand,48.07,1,,483.42,UPI,Standard,9.229,0.0
RIDE003892,Private,2025-02-02 06:12,2025-02-02 06:44,Mylapore,Singaperumal Koil,32.52,1,,341.2,Cash,Standard,6.244,0.0
RIDE003893,Carpool,2025-03-11 09:57,2025-03-11 11:06,OMR Sholinganallur,Chengalpattu Town,62.61,3,2.5,385.05,Wallet,Shared,8.765,3.256
RIDE003894,Carpool,2025-04-13 12:27,2025-04-13 13:26,Adyar,Singaperumal Koil,52.92,3,2.6,399.43,Cash,Shared,7.409,2.752
RIDE003895,Carpool,2025-01-06 21:58,2025-01-06 22:55,Anna Nagar,Singaperumal Koil,50.54,2,1.9,344.77,UPI,Shared,7.076,2.628
RIDE003896,Carpool,2025-03-12 23:20,2025-03-13 00:00,Adyar,Singaperumal Koil,44.0,2,2.0,318.62,UPI,Shared,6.16,2.288
RIDE003897,Carpool,2025-03-29 15:52,2025-03-29 16:25,T Nagar,Chengalpattu Town,33.15,2,1.9,236.21,Cash,Shared,4.641,1.724
RIDE003898,Carpool,2025-02-03 16:18,2025-02-03 16:58,OMR Sholinganallur,SRM University,36.35,2,1.4,237.78,UPI,Shared,5.089,1.89
RIDE003899,Carpool,2025-02-26 16:42,2025-02-26 17:34,Guindy,Singaperumal Koil,46.41,4,3.9,354.42,Cash,Shared,6.497,2.414
RIDE003900,Private,2025-04-17 07:51,2025-04-17 08:43,Velachery,Chengalpattu Bus Stand,54.1,1,,511.26,Card,Standard,10.387,0.0
RIDE003901,Private,2025-02-08 12:55,2025-02-08 13:37,Anna Nagar,SRM University,40.57,1,,409.64,Wallet,Standard,7.789,0.0
RIDE003902,Private,2025-01-24 11:15,2025-01-24 11:57,Tambaram,Mahindra City,38.12,1,,402.09,Cash,Standard,7.319,0.0
RIDE003903,Private,2025-01-25 19:42,2025-01-25 20:44,Anna Nagar,Mahindra City,52.81,1,,507.46,Cash,Standard,10.14,0.0
RIDE003904,Private,2025-02-22 12:26,2025-02-22 13:09,Chromepet,Chengalpattu Town,37.85,1,,414.71,Card,Standard,7.267,0.0
RIDE003905,Private,2025-02-07 09:26,2025-02-07 10:06,Velachery,Mahindra City,36.24,1,,343.61,Cash,Standard,6.958,0.0
RIDE003906,Carpool,2025-02-04 19:45,2025-02-04 20:31,Velachery,Mahindra City,42.45,4,3.5,274.54,Cash,Shared,5.943,2.207
RIDE003907,Private,2025-03-04 03:31,2025-03-04 04:12,Adyar,Singaperumal Koil,41.31,1,,467.18,Card,Standard,7.932,0.0
RIDE003908,Carpool,2025-03-03 01:54,2025-03-03 02:46,Mylapore,Mahindra City,53.17,3,2.6,399.17,Card,Shared,7.444,2.765
RIDE003909,Private,2025-04-02 16:39,2025-04-02 17:30,OMR Sholinganallur,Singaperumal Koil,47.93,1,,529.77,Card,Standard,9.203,0.0
RIDE003910,Private,2025-02-25 17:03,2025-02-25 17:42,Pallavaram,Singaperumal Koil,39.07,1,,388.45,Card,Standard,7.501,0.0
RIDE003911,Carpool,2025-02-05 12:28,2025-02-05 13:33,OMR Sholinganallur,Singaperumal Koil,64.3,4,3.6,473.5,UPI,Shared,9.002,3.344
RIDE003912,Private,2025-04-27 02:08,2025-04-27 03:04,Pallavaram,Chengalpattu Bus Stand,60.07,1,,676.36,Card,Standard,11.533,0.0
RIDE003913,Carpool,2025-03-03 07:53,2025-03-03 08:23,Chromepet,Chengalpattu Bus Stand,31.54,2,1.9,220.01,Wallet,Shared,4.416,1.64
RIDE003914,Carpool,2025-01-30 16:09,2025-01-30 17:11,Velachery,Chengalpattu Bus Stand,62.98,2,1.9,440.96,UPI,Shared,8.817,3.275
RIDE003915,Carpool,2025-01-01 15:08,2025-01-01 15:49,Mylapore,Singaperumal Koil,41.6,2,2.0,254.62,UPI,Shared,5.824,2.163
RIDE003916,Carpool,2025-01-17 19:24,2025-01-17 20:37,Velachery,Singaperumal Koil,61.8,2,1.9,422.01,Card,Shared,8.652,3.214
RIDE003917,Private,2025-02-27 20:52,2025-02-27 21:31,T Nagar,SRM University,34.31,1,,380.46,UPI,Standard,6.588,0.0
RIDE003918,Private,2025-04-25 07:50,2025-04-25 08:25,Pallavaram,Mahindra City,31.89,1,,334.81,Cash,Standard,6.123,0.0
RIDE003919,Private,2025-02-22 01:50,2025-02-22 02:57,Chromepet,Chengalpattu Bus Stand,54.89,1,,497.11,Wallet,Standard,10.539,0.0
RIDE003920,Carpool,2025-04-06 17:12,2025-04-06 17:44,OMR Sholinganallur,SRM University,31.99,3,2.8,220.42,Wallet,Shared,4.479,1.663
RIDE003921,Private,2025-01-22 02:12,2025-01-22 02:45,T Nagar,Chengalpattu Town,32.02,1,,294.27,UPI,Standard,6.148,0.0
RIDE003922,Carpool,2025-04-03 20:14,2025-04-03 21:11,Tambaram,Singaperumal Koil,48.5,3,2.7,320.17,Wallet,Shared,6.79,2.522
RIDE003923,Carpool,2025-01-08 19:27,2025-01-08 20:38,Chromepet,Singaperumal Koil,58.66,4,3.5,365.51,Cash,Shared,8.212,3.051
RIDE003924,Carpool,2025-01-07 11:32,2025-01-07 12:31,OMR Sholinganallur,Mahindra City,63.97,2,2.0,446.55,UPI,Shared,8.956,3.326
RIDE003925,Carpool,2025-03-21 14:37,2025-03-21 15:12,Perungudi,Singaperumal Koil,35.25,2,1.5,274.12,UPI,Shared,4.935,1.833
RIDE003926,Private,2025-01-03 01:48,2025-01-03 02:57,OMR Sholinganallur,Chengalpattu Bus Stand,58.63,1,,669.79,Wallet,Standard,11.257,0.0
RIDE003927,Private,2025-03-16 16:34,2025-03-16 17:17,Guindy,SRM University,47.81,1,,530.27,Wallet,Standard,9.18,0.0
RIDE003928,Private,2025-02-17 08:00,2025-02-17 09:01,Tambaram,SRM University,55.7,1,,526.48,Card,Standard,10.694,0.0
RIDE003929,Private,2025-03-19 12:21,2025-03-19 13:06,Velachery,Chengalpattu Bus Stand,50.23,1,,468.94,Cash,Standard,9.644,0.0
RIDE003930,Private,2025-04-20 09:40,2025-04-20 10:25,Velachery,Chengalpattu Town,43.05,1,,413.87,Wallet,Standard,8.266,0.0
RIDE003931,Private,2025-02-04 06:49,2025-02-04 07:50,Guindy,Chengalpattu Bus Stand,62.29,1,,631.01,Card,Standard,11.96,0.0
RIDE003932,Carpool,2025-02-28 12:26,2025-02-28 13:29,Perungudi,Singaperumal Koil,52.73,2,1.9,350.93,Card,Shared,7.382,2.742
RIDE003933,Carpool,2025-01-12 22:03,2025-01-12 22:53,Guindy,SRM University,45.17,2,1.4,305.32,Wallet,Shared,6.324,2.349
RIDE003934,Private,2025-03-29 14:26,2025-03-29 15:04,Perungudi,Chengalpattu Town,35.02,1,,326.44,UPI,Standard,6.724,0.0
RIDE003935,Private,2025-02-17 10:57,2025-02-17 11:43,Mylapore,SRM University,41.18,1,,391.78,Card,Standard,7.907,0.0
RIDE003936,Carpool,2025-02-14 11:04,2025-02-14 12:10,T Nagar,Chengalpattu Town,55.03,3,2.4,343.51,Wallet,Shared,7.704,2.862
RIDE003937,Carpool,2025-02-26 13:50,2025-02-26 14:33,Perungudi,Chengalpattu Bus Stand,35.99,4,3.7,259.07,Card,Shared,5.039,1.871
RIDE003938,Carpool,2025-01-16 01:02,2025-01-16 01:57,Mylapore,Mahindra City,48.2,4,3.9,358.96,Card,Shared,6.748,2.506
RIDE003939,Carpool,2025-03-06 06:40,2025-03-06 07:39,Pallavaram,Chengalpattu Bus Stand,48.9,4,3.4,309.38,Wallet,Shared,6.846,2.543
RIDE003940,Private,2025-04-25 22:16,2025-04-25 23:16,Anna Nagar,Mahindra City,64.88,1,,649.78,UPI,Standard,12.457,0.0
RIDE003941,Private,2025-04-08 04:11,2025-04-08 05:13,Adyar,Mahindra City,62.74,1,,583.33,Card,Standard,12.046,0.0
RIDE003942,Private,2025-04-16 18:47,2025-04-16 19:40,Chromepet,SRM University,51.44,1,,570.44,Wallet,Standard,9.876,0.0
RIDE003943,Carpool,2025-04-15 23:24,2025-04-16 00:37,Mylapore,Chengalpattu Town,63.22,2,1.7,415.0,Cash,Shared,8.851,3.287
RIDE003944,Carpool,2025-02-09 04:33,2025-02-09 05:35,Perungudi,Chengalpattu Bus Stand,58.84,3,2.8,453.21,UPI,Shared,8.238,3.059
RIDE003945,Private,2025-03-21 17:53,2025-03-21 18:35,Tambaram,Singaperumal Koil,41.98,1,,402.5,UPI,Standard,8.06,0.0
RIDE003946,Private,2025-04-08 17:14,2025-04-08 18:01,OMR Sholinganallur,Mahindra City,47.71,1,,432.65,Cash,Standard,9.16,0.0
RIDE003947,Carpool,2025-03-28 04:30,2025-03-28 05:19,Mylapore,Chengalpattu Bus Stand,49.26,3,2.9,378.29,UPI,Shared,6.896,2.562
RIDE003948,Carpool,2025-03-10 18:48,2025-03-10 19:26,Anna Nagar,Chengalpattu Town,32.38,2,2.0,215.3,Cash,Shared,4.533,1.684
RIDE003949,Carpool,2025-01-25 06:59,2025-01-25 07:49,Chromepet,Singaperumal Koil,41.85,2,1.5,262.84,Wallet,Shared,5.859,2.176
RIDE003950,Private,2025-04-13 20:56,2025-04-13 21:34,Anna Nagar,Mahindra City,39.38,1,,418.38,Wallet,Standard,7.561,0.0
RIDE003951,Private,2025-03-01 17:19,2025-03-01 18:08,Perungudi,Chengalpattu Bus Stand,40.27,1,,383.82,Wallet,Standard,7.732,0.0
RIDE003952,Private,2025-03-14 22:03,2025-03-14 22:44,Anna Nagar,Mahindra City,35.2,1,,344.51,Card,Standard,6.758,0.0
RIDE003953,Carpool,2025-01-08 20:47,2025-01-08 21:41,Velachery,Singaperumal Koil,47.7,4,3.5,365.21,UPI,Shared,6.678,2.48
RIDE003954,Private,2025-04-03 02:48,2025-04-03 03:44,Tambaram,Singaperumal Koil,48.11,1,,486.22,Card,Standard,9.237,0.0
RIDE003955,Carpool,2025-04-16 15:31,2025-04-16 16:27,Chromepet,Chengalpattu Bus Stand,51.79,3,2.7,325.86,UPI,Shared,7.251,2.693
RIDE003956,Private,2025-02-15 18:06,2025-02-15 18:56,Anna Nagar,SRM University,48.52,1,,553.04,Wallet,Standard,9.316,0.0
RIDE003957,Private,2025-01-08 02:30,2025-01-08 03:33,T Nagar,Chengalpattu Bus Stand,58.74,1,,637.19,Wallet,Standard,11.278,0.0
RIDE003958,Carpool,2025-03-31 21:00,2025-03-31 21:28,T Nagar,Mahindra City,30.93,2,1.8,238.05,Cash,Shared,4.33,1.609
RIDE003959,Carpool,2025-04-05 23:05,2025-04-05 23:44,Anna Nagar,Chengalpattu Town,37.68,3,2.7,247.07,Card,Shared,5.275,1.96
RIDE003960,Carpool,2025-02-07 14:45,2025-02-07 15:16,OMR Sholinganallur,Chengalpattu Bus Stand,32.26,2,1.5,206.99,Cash,Shared,4.516,1.678
RIDE003961,Carpool,2025-01-08 01:47,2025-01-08 02:42,Pallavaram,Chengalpattu Town,44.61,4,3.9,268.62,Card,Shared,6.245,2.32
RIDE003962,Private,2025-02-28 09:31,2025-02-28 10:38,Chromepet,SRM University,63.33,1,,622.01,UPI,Standard,12.159,0.0
RIDE003963,Private,2025-02-01 00:09,2025-02-01 00:43,OMR Sholinganallur,Mahindra City,36.31,1,,398.98,Cash,Standard,6.972,0.0
RIDE003964,Private,2025-01-15 23:07,2025-01-15 23:38,T Nagar,Singaperumal Koil,30.03,1,,333.54,Wallet,Standard,5.766,0.0
RIDE003965,Private,2025-04-18 13:24,2025-04-18 14:39,Tambaram,SRM University,62.91,1,,636.03,Cash,Standard,12.079,0.0
RIDE003966,Private,2025-04-27 19:32,2025-04-27 20:13,Velachery,Chengalpattu Town,33.84,1,,358.2,Card,Standard,6.497,0.0
RIDE003967,Private,2025-02-28 12:57,2025-02-28 13:50,Pallavaram,Mahindra City,51.24,1,,531.7,Cash,Standard,9.838,0.0
RIDE003968,Private,2025-01-10 03:10,2025-01-10 03:40,Mylapore,SRM University,34.08,1,,391.47,UPI,Standard,6.543,0.0
RIDE003969,Carpool,2025-04-19 01:45,2025-04-19 02:58,Perungudi,Singaperumal Koil,59.35,3,3.0,428.68,Cash,Shared,8.309,3.086
RIDE003970,Private,2025-03-20 04:46,2025-03-20 05:37,Mylapore,SRM University,42.86,1,,389.71,Cash,Standard,8.229,0.0
RIDE003971,Private,2025-03-23 17:48,2025-03-23 18:33,Pallavaram,Singaperumal Koil,40.25,1,,378.61,Wallet,Standard,7.728,0.0
RIDE003972,Carpool,2025-03-14 19:37,2025-03-14 20:10,Mylapore,SRM University,36.49,3,3.0,240.58,Cash,Shared,5.109,1.897
RIDE003973,Private,2025-03-22 19:51,2025-03-22 20:27,Velachery,Chengalpattu Bus Stand,38.2,1,,415.13,Wallet,Standard,7.334,0.0
RIDE003974,Private,2025-02-17 06:28,2025-02-17 07:18,Anna Nagar,Singaperumal Koil,55.51,1,,513.16,UPI,Standard,10.658,0.0
RIDE003975,Private,2025-03-14 02:56,2025-03-14 04:11,Velachery,Singaperumal Koil,61.17,1,,603.47,Card,Standard,11.745,0.0
RIDE003976,Carpool,2025-01-17 11:37,2025-01-17 12:11,Adyar,Mahindra City,37.51,2,1.7,243.61,Card,Shared,5.251,1.951
RIDE003977,Carpool,2025-04-03 15:50,2025-04-03 16:42,Mylapore,SRM University,50.95,2,1.9,388.53,Card,Shared,7.133,2.649
RIDE003978,Carpool,2025-02-05 21:31,2025-02-05 22:15,Chromepet,Chengalpattu Town,40.94,4,3.7,252.44,UPI,Shared,5.732,2.128
RIDE003979,Private,2025-03-07 12:08,2025-03-07 12:47,Adyar,SRM University,35.01,1,,367.66,Cash,Standard,6.722,0.0
RIDE003980,Carpool,2025-03-22 20:33,2025-03-22 21:14,Guindy,Mahindra City,35.69,3,3.0,263.4,UPI,Shared,4.997,1.855
RIDE003981,Private,2025-04-13 21:42,2025-04-13 22:28,Adyar,Mahindra City,45.59,1,,461.67,UPI,Standard,8.753,0.0
RIDE003982,Carpool,2025-04-01 22:43,2025-04-01 23:33,Chromepet,SRM University,52.74,4,4.0,331.5,UPI,Shared,7.384,2.742
RIDE003983,Private,2025-01-19 06:53,2025-01-19 08:02,Velachery,Singaperumal Koil,56.66,1,,559.62,Cash,Standard,10.879,0.0
RIDE003984,Carpool,2025-02-18 09:58,2025-02-18 11:08,Adyar,Chengalpattu Bus Stand,64.4,3,3.0,461.76,Wallet,Shared,9.016,3.349
RIDE003985,Private,2025-03-08 00:24,2025-03-08 01:07,Pallavaram,Chengalpattu Bus Stand,40.54,1,,439.88,Wallet,Standard,7.784,0.0
RIDE003986,Carpool,2025-04-20 17:43,2025-04-20 18:35,Pallavaram,SRM University,42.3,2,1.7,275.92,Card,Shared,5.922,2.2
RIDE003987,Carpool,2025-03-02 09:25,2025-03-02 10:20,Velachery,Chengalpattu Town,50.22,3,2.8,322.45,UPI,Shared,7.031,2.611
RIDE003988,Carpool,2025-04-11 01:54,2025-04-11 02:55,Tambaram,Chengalpattu Town,64.44,3,2.7,470.88,Wallet,Shared,9.022,3.35
RIDE003989,Carpool,2025-03-29 19:36,2025-03-29 20:35,Velachery,Chengalpattu Bus Stand,49.55,3,2.5,379.83,Cash,Shared,6.937,2.577
RIDE003990,Private,2025-04-05 03:07,2025-04-05 04:11,Chromepet,Singaperumal Koil,59.85,1,,591.09,UPI,Standard,11.491,0.0
RIDE003991,Carpool,2025-04-24 06:26,2025-04-24 07:07,T Nagar,Chengalpattu Town,34.76,4,3.8,265.4,Wallet,Shared,4.866,1.808
RIDE003992,Private,2025-04-08 00:36,2025-04-08 01:28,Chromepet,Chengalpattu Bus Stand,44.48,1,,442.25,Wallet,Standard,8.54,0.0
RIDE003993,Private,2025-04-05 11:09,2025-04-05 12:05,Perungudi,SRM University,62.21,1,,595.57,Wallet,Standard,11.944,0.0
RIDE003994,Carpool,2025-03-20 22:10,2025-03-20 22:56,OMR Sholinganallur,Chengalpattu Town,40.93,3,2.6,299.02,Wallet,Shared,5.73,2.129
RIDE003995,Private,2025-04-05 09:16,2025-04-05 09:49,Guindy,Chengalpattu Town,32.33,1,,329.95,UPI,Standard,6.207,0.0
RIDE003996,Private,2025-03-14 09:02,2025-03-14 09:56,Mylapore,SRM University,49.49,1,,474.07,Wallet,Standard,9.502,0.0
RIDE003997,Carpool,2025-04-26 14:28,2025-04-26 15:06,Mylapore,Singaperumal Koil,30.73,4,4.0,191.63,Cash,Shared,4.302,1.598
RIDE003998,Carpool,2025-02-07 18:36,2025-02-07 19:23,Adyar,Singaperumal Koil,43.35,2,1.7,277.27,Wallet,Shared,6.069,2.254
RIDE003999,Carpool,2025-04-05 15:58,2025-04-05 17:07,Tambaram,Singaperumal Koil,56.78,2,1.9,403.9,Cash,Shared,7.949,2.953
RIDE004000,Carpool,2025-04-25 18:05,2025-04-25 19:07,Anna Nagar,Mahindra City,50.79,4,3.9,359.06,Card,Shared,7.111,2.641
RIDE004001,Private,2025-01-20 23:23,2025-01-21 00:26,Pallavaram,Chengalpattu Bus Stand,55.79,1,,605.41,Cash,Standard,10.712,0.0
RIDE004002,Carpool,2025-03-20 00:26,2025-03-20 01:35,T Nagar,Mahindra City,56.89,4,3.7,359.96,Cash,Shared,7.965,2.958
RIDE004003,Private,2025-04-26 04:02,2025-04-26 04:40,Tambaram,Chengalpattu Bus Stand,32.55,1,,323.04,UPI,Standard,6.25,0.0
RIDE004004,Private,2025-03-30 13:21,2025-03-30 14:19,OMR Sholinganallur,Chengalpattu Bus Stand,50.2,1,,492.32,Card,Standard,9.638,0.0
RIDE004005,Carpool,2025-01-07 00:23,2025-01-07 01:10,Anna Nagar,SRM University,43.95,2,1.9,293.32,Card,Shared,6.153,2.285
RIDE004006,Carpool,2025-01-14 17:06,2025-01-14 18:02,Guindy,Singaperumal Koil,59.11,3,2.4,387.71,Wallet,Shared,8.275,3.074
RIDE004007,Carpool,2025-02-07 08:38,2025-02-07 09:15,OMR Sholinganallur,Mahindra City,30.51,3,2.8,188.06,Cash,Shared,4.271,1.587
RIDE004008,Carpool,2025-04-23 12:11,2025-04-23 12:52,Chromepet,SRM University,40.63,4,3.4,316.6,UPI,Shared,5.688,2.113
RIDE004009,Carpool,2025-04-14 05:28,2025-04-14 06:40,Guindy,Chengalpattu Bus Stand,60.72,4,3.5,404.12,Cash,Shared,8.501,3.157
RIDE004010,Private,2025-03-24 20:39,2025-03-24 21:19,Velachery,Chengalpattu Town,34.68,1,,334.59,Cash,Standard,6.659,0.0
RIDE004011,Private,2025-01-19 08:06,2025-01-19 09:02,T Nagar,Chengalpattu Bus Stand,57.12,1,,523.38,Cash,Standard,10.967,0.0
RIDE004012,Private,2025-04-19 14:14,2025-04-19 15:06,OMR Sholinganallur,SRM University,43.3,1,,437.13,Wallet,Standard,8.314,0.0
RIDE004013,Private,2025-03-28 04:50,2025-03-28 05:24,T Nagar,Chengalpattu Town,34.59,1,,383.82,Wallet,Standard,6.641,0.0
RIDE004014,Private,2025-02-11 10:51,2025-02-11 11:40,Mylapore,Chengalpattu Bus Stand,40.23,1,,412.14,UPI,Standard,7.724,0.0
RIDE004015,Private,2025-03-13 03:08,2025-03-13 04:00,Anna Nagar,Chengalpattu Bus Stand,49.15,1,,534.67,Wallet,Standard,9.437,0.0
RIDE004016,Private,2025-02-23 05:38,2025-02-23 06:16,Anna Nagar,SRM University,32.68,1,,352.17,Wallet,Standard,6.275,0.0
RIDE004017,Carpool,2025-02-18 19:51,2025-02-18 20:32,Velachery,SRM University,39.37,4,3.5,258.34,Wallet,Shared,5.512,2.047
RIDE004018,Private,2025-04-03 13:18,2025-04-03 13:55,Chromepet,Chengalpattu Town,39.36,1,,385.27,Wallet,Standard,7.557,0.0
RIDE004019,Carpool,2025-03-02 22:12,2025-03-02 23:15,Velachery,Singaperumal Koil,51.23,4,3.7,398.91,Wallet,Shared,7.172,2.664
RIDE004020,Private,2025-02-17 12:02,2025-02-17 12:59,OMR Sholinganallur,Chengalpattu Town,58.45,1,,662.38,Cash,Standard,11.222,0.0
RIDE004021,Private,2025-01-11 00:29,2025-01-11 01:15,Anna Nagar,SRM University,40.64,1,,377.69,UPI,Standard,7.803,0.0
RIDE004022,Private,2025-04-01 15:26,2025-04-01 16:15,Perungudi,Chengalpattu Bus Stand,43.53,1,,459.28,Wallet,Standard,8.358,0.0
RIDE004023,Carpool,2025-01-23 09:09,2025-01-23 09:55,OMR Sholinganallur,SRM University,46.34,4,3.6,288.49,Card,Shared,6.488,2.409
RIDE004024,Carpool,2025-04-26 22:45,2025-04-26 23:37,Velachery,Mahindra City,45.36,2,1.7,341.28,Card,Shared,6.35,2.359
RIDE004025,Carpool,2025-03-31 18:22,2025-03-31 18:49,Mylapore,Singaperumal Koil,30.32,3,2.8,227.52,Card,Shared,4.245,1.576
RIDE004026,Private,2025-03-02 10:02,2025-03-02 11:05,Mylapore,Chengalpattu Town,59.92,1,,628.21,UPI,Standard,11.505,0.0
RIDE004027,Carpool,2025-02-06 00:52,2025-02-06 01:21,T Nagar,SRM University,30.11,4,3.8,214.47,Cash,Shared,4.215,1.566
RIDE004028,Carpool,2025-01-08 10:45,2025-01-08 11:34,Guindy,Chengalpattu Bus Stand,44.03,3,2.5,339.13,Card,Shared,6.164,2.29
RIDE004029,Carpool,2025-04-30 08:18,2025-04-30 09:16,Mylapore,Chengalpattu Town,47.15,2,2.0,367.33,Card,Shared,6.601,2.452
RIDE004030,Carpool,2025-02-22 20:54,2025-02-22 21:41,Adyar,Chengalpattu Bus Stand,40.51,2,1.9,290.39,Wallet,Shared,5.671,2.107
RIDE004031,Carpool,2025-03-18 07:50,2025-03-18 08:32,Mylapore,Singaperumal Koil,43.05,3,2.8,286.99,Cash,Shared,6.027,2.239
RIDE004032,Private,2025-01-17 14:24,2025-01-17 15:24,Pallavaram,SRM University,64.94,1,,630.53,UPI,Standard,12.468,0.0
RIDE004033,Private,2025-01-30 18:24,2025-01-30 19:11,Guindy,Singaperumal Koil,45.59,1,,489.1,UPI,Standard,8.753,0.0
RIDE004034,Private,2025-04-06 21:25,2025-04-06 22:25,Anna Nagar,Chengalpattu Town,49.04,1,,543.35,UPI,Standard,9.416,0.0
RIDE004035,Carpool,2025-03-10 21:43,2025-03-10 22:41,Chromepet,Singaperumal Koil,48.44,4,3.6,302.5,Wallet,Shared,6.782,2.518
RIDE004036,Carpool,2025-01-13 17:52,2025-01-13 18:45,Perungudi,Mahindra City,56.6,4,3.4,358.89,Cash,Shared,7.924,2.943
RIDE004037,Private,2025-03-14 02:03,2025-03-14 03:16,OMR Sholinganallur,Chengalpattu Town,62.91,1,,682.16,UPI,Standard,12.079,0.0
RIDE004038,Private,2025-04-04 04:07,2025-04-04 04:46,Adyar,Singaperumal Koil,31.73,1,,344.58,Wallet,Standard,6.092,0.0
RIDE004039,Carpool,2025-03-11 05:15,2025-03-11 06:30,T Nagar,Singaperumal Koil,64.67,3,3.0,468.27,Wallet,Shared,9.054,3.363
RIDE004040,Private,2025-01-20 20:04,2025-01-20 20:39,Velachery,Chengalpattu Bus Stand,32.56,1,,300.48,UPI,Standard,6.252,0.0
RIDE004041,Carpool,2025-01-17 18:49,2025-01-17 19:46,T Nagar,Chengalpattu Town,56.14,4,3.8,427.97,Cash,Shared,7.86,2.919
RIDE004042,Private,2025-01-29 03:32,2025-01-29 04:27,Adyar,Chengalpattu Town,47.51,1,,465.1,Wallet,Standard,9.122,0.0
RIDE004043,Carpool,2025-03-12 04:50,2025-03-12 05:33,Chromepet,SRM University,39.49,3,2.8,284.26,Wallet,Shared,5.529,2.053
RIDE004044,Carpool,2025-02-23 08:59,2025-02-23 09:58,T Nagar,SRM University,64.0,4,3.5,489.41,Wallet,Shared,8.96,3.328
RIDE004045,Private,2025-04-30 05:57,2025-04-30 07:06,Velachery,Chengalpattu Town,64.28,1,,698.51,Card,Standard,12.342,0.0
RIDE004046,Private,2025-04-28 05:50,2025-04-28 06:32,Pallavaram,Singaperumal Koil,40.64,1,,409.27,Wallet,Standard,7.803,0.0
RIDE004047,Carpool,2025-02-08 07:37,2025-02-08 08:36,T Nagar,Singaperumal Koil,49.97,4,4.0,325.71,UPI,Shared,6.996,2.598
RIDE004048,Private,2025-03-02 22:49,2025-03-03 00:06,Guindy,SRM University,62.54,1,,659.29,Card,Standard,12.008,0.0
RIDE004049,Carpool,2025-03-22 08:45,2025-03-22 09:37,Chromepet,Chengalpattu Town,45.32,2,1.9,332.47,UPI,Shared,6.345,2.356
RIDE004050,Carpool,2025-01-23 07:06,2025-01-23 08:11,Perungudi,Chengalpattu Bus Stand,62.63,3,3.0,398.89,Card,Shared,8.768,3.257
RIDE004051,Private,2025-01-03 00:35,2025-01-03 01:24,Perungudi,Chengalpattu Bus Stand,50.66,1,,544.19,Wallet,Standard,9.727,0.0
RIDE004052,Private,2025-03-31 02:48,2025-03-31 04:01,Guindy,SRM University,60.86,1,,596.49,Card,Standard,11.685,0.0
RIDE004053,Private,2025-03-03 11:07,2025-03-03 11:43,Mylapore,Singaperumal Koil,33.37,1,,344.62,Cash,Standard,6.407,0.0
RIDE004054,Carpool,2025-02-16 12:36,2025-02-16 13:25,Perungudi,Chengalpattu Town,53.34,4,3.5,400.93,UPI,Shared,7.468,2.773
RIDE004055,Carpool,2025-04-15 05:34,2025-04-15 06:35,Chromepet,Singaperumal Koil,58.24,4,3.5,351.02,Wallet,Shared,8.154,3.028
RIDE004056,Private,2025-04-21 00:36,2025-04-21 01:22,Chromepet,SRM University,48.29,1,,476.58,UPI,Standard,9.272,0.0
RIDE004057,Private,2025-04-03 16:43,2025-04-03 17:43,Mylapore,Mahindra City,52.9,1,,497.4,Card,Standard,10.157,0.0
RIDE004058,Private,2025-02-08 11:48,2025-02-08 12:48,Pallavaram,SRM University,60.69,1,,657.19,Cash,Standard,11.652,0.0
RIDE004059,Carpool,2025-04-10 22:16,2025-04-10 23:08,Perungudi,Chengalpattu Bus Stand,56.89,4,3.6,351.13,Cash,Shared,7.965,2.958
RIDE004060,Private,2025-03-10 07:30,2025-03-10 08:34,OMR Sholinganallur,Singaperumal Koil,59.67,1,,608.81,Cash,Standard,11.457,0.0
RIDE004061,Carpool,2025-02-26 00:05,2025-02-26 00:46,Adyar,SRM University,40.06,4,3.4,294.04,Card,Shared,5.608,2.084
RIDE004062,Carpool,2025-04-25 22:24,2025-04-25 23:40,Pallavaram,Chengalpattu Bus Stand,62.27,3,2.7,483.16,Card,Shared,8.718,3.238
RIDE004063,Private,2025-01-05 09:39,2025-01-05 10:16,Pallavaram,Singaperumal Koil,34.76,1,,398.53,UPI,Standard,6.674,0.0
RIDE004064,Private,2025-01-30 03:32,2025-01-30 04:10,Anna Nagar,Chengalpattu Bus Stand,42.36,1,,450.35,Wallet,Standard,8.133,0.0
RIDE004065,Private,2025-03-16 21:39,2025-03-16 22:19,OMR Sholinganallur,Singaperumal Koil,39.82,1,,456.77,Card,Standard,7.645,0.0
RIDE004066,Private,2025-01-03 09:30,2025-01-03 10:24,OMR Sholinganallur,Singaperumal Koil,58.56,1,,586.1,UPI,Standard,11.244,0.0
RIDE004067,Carpool,2025-03-06 12:43,2025-03-06 13:32,Perungudi,SRM University,48.17,4,3.6,308.24,Cash,Shared,6.744,2.505
RIDE004068,Carpool,2025-03-06 18:41,2025-03-06 19:40,OMR Sholinganallur,Singaperumal Koil,52.58,2,1.4,352.14,Card,Shared,7.361,2.734
RIDE004069,Carpool,2025-04-03 00:43,2025-04-03 01:13,Perungudi,Mahindra City,30.89,4,3.7,216.38,Wallet,Shared,4.325,1.606
RIDE004070,Private,2025-01-07 18:26,2025-01-07 19:18,T Nagar,Singaperumal Koil,48.92,1,,547.09,Card,Standard,9.393,0.0
RIDE004071,Private,2025-01-13 07:43,2025-01-13 08:20,Pallavaram,Singaperumal Koil,35.29,1,,319.63,Cash,Standard,6.776,0.0
RIDE004072,Carpool,2025-01-26 05:56,2025-01-26 06:32,Mylapore,Chengalpattu Town,30.14,4,3.9,218.23,UPI,Shared,4.22,1.567
RIDE004073,Carpool,2025-03-21 00:41,2025-03-21 01:34,OMR Sholinganallur,Mahindra City,55.37,3,3.0,348.27,Wallet,Shared,7.752,2.879
RIDE004074,Carpool,2025-01-25 11:50,2025-01-25 12:57,T Nagar,Mahindra City,55.44,3,2.4,335.65,UPI,Shared,7.762,2.882
RIDE004075,Private,2025-03-10 12:12,2025-03-10 13:02,Pallavaram,Mahindra City,49.72,1,,499.3,Wallet,Standard,9.546,0.0
RIDE004076,Carpool,2025-03-25 11:52,2025-03-25 12:20,Adyar,SRM University,31.4,2,1.7,194.89,Card,Shared,4.396,1.633
RIDE004077,Carpool,2025-01-25 11:21,2025-01-25 12:00,Guindy,Mahindra City,40.06,4,3.5,295.95,UPI,Shared,5.608,2.084
RIDE004078,Carpool,2025-01-15 07:45,2025-01-15 08:27,T Nagar,Chengalpattu Town,47.39,3,2.9,324.82,Card,Shared,6.635,2.464
RIDE004079,Private,2025-04-13 21:41,2025-04-13 22:29,Chromepet,Chengalpattu Town,43.63,1,,493.65,Cash,Standard,8.377,0.0
RIDE004080,Carpool,2025-04-03 21:25,2025-04-03 22:07,Pallavaram,Singaperumal Koil,39.82,4,3.5,290.22,Cash,Shared,5.575,2.07
RIDE004081,Carpool,2025-03-15 12:22,2025-03-15 13:16,Anna Nagar,Mahindra City,50.99,4,3.6,332.51,Wallet,Shared,7.139,2.651
RIDE004082,Carpool,2025-03-28 18:53,2025-03-28 19:55,Mylapore,Singaperumal Koil,61.79,3,2.7,398.45,UPI,Shared,8.651,3.213
RIDE004083,Carpool,2025-04-01 16:41,2025-04-01 17:30,Mylapore,Chengalpattu Town,45.8,4,3.6,316.69,Cash,Shared,6.412,2.382
RIDE004084,Carpool,2025-04-01 16:00,2025-04-01 17:14,Pallavaram,Singaperumal Koil,61.31,2,1.8,368.14,Cash,Shared,8.583,3.189
RIDE004085,Private,2025-04-20 09:37,2025-04-20 10:36,Velachery,Chengalpattu Bus Stand,60.93,1,,646.44,UPI,Standard,11.699,0.0
RIDE004086,Carpool,2025-01-08 04:57,2025-01-08 05:43,Pallavaram,Mahindra City,37.55,4,3.6,261.32,Card,Shared,5.257,1.953
RIDE004087,Carpool,2025-03-13 13:31,2025-03-13 14:26,Tambaram,Mahindra City,48.57,4,3.5,331.21,UPI,Shared,6.8,2.525
RIDE004088,Private,2025-02-07 17:08,2025-02-07 17:43,Guindy,Chengalpattu Town,34.42,1,,370.53,Wallet,Standard,6.609,0.0
RIDE004089,Carpool,2025-04-27 17:53,2025-04-27 18:49,Tambaram,Singaperumal Koil,51.31,3,2.4,385.14,UPI,Shared,7.183,2.669
RIDE004090,Carpool,2025-04-04 13:47,2025-04-04 14:42,Guindy,Singaperumal Koil,56.88,2,1.5,354.44,Cash,Shared,7.963,2.958
RIDE004091,Private,2025-04-22 23:27,2025-04-23 00:27,Chromepet,Mahindra City,50.74,1,,532.11,Cash,Standard,9.742,0.0
RIDE004092,Private,2025-03-27 12:19,2025-03-27 12:49,T Nagar,Chengalpattu Town,31.63,1,,352.34,Cash,Standard,6.073,0.0
RIDE004093,Carpool,2025-03-10 11:50,2025-03-10 12:51,Adyar,Mahindra City,56.03,3,2.4,390.94,Wallet,Shared,7.844,2.914
RIDE004094,Private,2025-03-11 07:30,2025-03-11 08:00,Guindy,SRM University,32.01,1,,332.55,Wallet,Standard,6.146,0.0
RIDE004095,Private,2025-04-08 14:05,2025-04-08 15:16,OMR Sholinganallur,Chengalpattu Town,59.02,1,,540.47,Cash,Standard,11.332,0.0
RIDE004096,Carpool,2025-04-03 13:03,2025-04-03 14:00,Adyar,SRM University,57.5,2,1.8,433.36,Wallet,Shared,8.05,2.99
RIDE004097,Carpool,2025-04-26 22:51,2025-04-26 23:36,Guindy,Singaperumal Koil,45.91,2,1.8,300.3,UPI,Shared,6.427,2.388
RIDE004098,Private,2025-03-09 14:03,2025-03-09 15:18,OMR Sholinganallur,Chengalpattu Bus Stand,62.84,1,,630.16,UPI,Standard,12.065,0.0
RIDE004099,Carpool,2025-02-20 16:43,2025-02-20 17:26,Mylapore,Mahindra City,36.46,2,1.8,219.96,Wallet,Shared,5.104,1.896
RIDE004100,Private,2025-04-17 16:26,2025-04-17 17:04,Perungudi,Chengalpattu Bus Stand,33.53,1,,323.91,Cash,Standard,6.438,0.0
RIDE004101,Private,2025-02-25 15:08,2025-02-25 16:00,Mylapore,Mahindra City,45.68,1,,503.27,UPI,Standard,8.771,0.0
RIDE004102,Private,2025-02-07 01:34,2025-02-07 02:40,Mylapore,SRM University,56.94,1,,624.98,Card,Standard,10.932,0.0
RIDE004103,Carpool,2025-03-21 22:30,2025-03-21 23:32,Mylapore,Chengalpattu Town,52.13,3,2.8,396.87,Cash,Shared,7.298,2.711
RIDE004104,Private,2025-01-31 02:23,2025-01-31 03:07,Adyar,SRM University,36.75,1,,398.51,Cash,Standard,7.056,0.0
RIDE004105,Private,2025-01-26 21:01,2025-01-26 21:56,Anna Nagar,SRM University,51.56,1,,472.11,Wallet,Standard,9.9,0.0
RIDE004106,Private,2025-04-19 22:23,2025-04-19 23:08,Chromepet,Singaperumal Koil,38.41,1,,411.63,Wallet,Standard,7.375,0.0
RIDE004107,Carpool,2025-02-20 18:20,2025-02-20 19:02,Tambaram,Singaperumal Koil,46.12,2,1.7,354.51,Card,Shared,6.457,2.398
RIDE004108,Private,2025-02-28 06:21,2025-02-28 06:57,T Nagar,Chengalpattu Town,39.23,1,,409.25,Card,Standard,7.532,0.0
RIDE004109,Carpool,2025-03-02 03:15,2025-03-02 04:00,Tambaram,SRM University,46.9,3,3.0,338.75,UPI,Shared,6.566,2.439
RIDE004110,Private,2025-01-10 12:55,2025-01-10 13:29,Velachery,Mahindra City,32.09,1,,290.3,Card,Standard,6.161,0.0
RIDE004111,Private,2025-04-12 19:30,2025-04-12 20:35,Guindy,SRM University,53.45,1,,538.56,UPI,Standard,10.262,0.0
RIDE004112,Carpool,2025-03-31 19:35,2025-03-31 20:42,Mylapore,Chengalpattu Bus Stand,56.2,3,2.6,348.17,Card,Shared,7.868,2.922
RIDE004113,Private,2025-02-20 15:07,2025-02-20 16:16,OMR Sholinganallur,Mahindra City,64.22,1,,730.29,Cash,Standard,12.33,0.0
RIDE004114,Private,2025-04-16 15:26,2025-04-16 16:31,Perungudi,SRM University,52.47,1,,518.16,Card,Standard,10.074,0.0
RIDE004115,Carpool,2025-04-03 19:50,2025-04-03 20:19,Pallavaram,Singaperumal Koil,32.43,3,2.4,249.21,UPI,Shared,4.54,1.687
RIDE004116,Carpool,2025-04-03 04:32,2025-04-03 05:42,Mylapore,Mahindra City,57.32,3,2.5,387.66,Cash,Shared,8.025,2.98
RIDE004117,Private,2025-03-09 20:22,2025-03-09 21:33,Velachery,Singaperumal Koil,62.32,1,,619.67,Card,Standard,11.965,0.0
RIDE004118,Private,2025-03-26 16:04,2025-03-26 17:22,Mylapore,SRM University,64.79,1,,645.58,UPI,Standard,12.44,0.0
RIDE004119,Private,2025-03-29 10:15,2025-03-29 11:06,Chromepet,Singaperumal Koil,51.95,1,,582.78,UPI,Standard,9.974,0.0
RIDE004120,Carpool,2025-01-30 07:50,2025-01-30 08:37,Chromepet,Chengalpattu Bus Stand,39.33,2,1.9,254.84,Wallet,Shared,5.506,2.045
RIDE004121,Private,2025-02-02 06:48,2025-02-02 07:27,Tambaram,Singaperumal Koil,33.64,1,,369.57,Wallet,Standard,6.459,0.0
RIDE004122,Carpool,2025-04-26 15:26,2025-04-26 16:26,OMR Sholinganallur,SRM University,59.11,3,2.6,427.82,UPI,Shared,8.275,3.074
RIDE004123,Carpool,2025-03-08 17:40,2025-03-08 18:26,T Nagar,Chengalpattu Bus Stand,46.94,3,2.7,298.68,Cash,Shared,6.572,2.44
RIDE004124,Private,2025-02-19 13:39,2025-02-19 14:42,Mylapore,Chengalpattu Bus Stand,56.03,1,,611.68,UPI,Standard,10.758,0.0
RIDE004125,Carpool,2025-04-15 04:10,2025-04-15 05:12,Guindy,Chengalpattu Town,51.03,2,1.6,376.0,UPI,Shared,7.144,2.654
RIDE004126,Carpool,2025-01-18 14:10,2025-01-18 15:01,Velachery,SRM University,54.72,2,1.7,365.82,Cash,Shared,7.661,2.845
RIDE004127,Private,2025-03-25 01:57,2025-03-25 03:06,T Nagar,Mahindra City,59.12,1,,646.11,Card,Standard,11.351,0.0
RIDE004128,Private,2025-01-18 19:36,2025-01-18 20:25,Velachery,Singaperumal Koil,50.97,1,,466.6,Wallet,Standard,9.786,0.0
RIDE004129,Private,2025-04-14 04:19,2025-04-14 05:34,OMR Sholinganallur,Mahindra City,61.6,1,,621.68,Card,Standard,11.827,0.0
RIDE004130,Private,2025-03-19 17:20,2025-03-19 18:12,Mylapore,Chengalpattu Town,47.9,1,,434.53,Cash,Standard,9.197,0.0
RIDE004131,Private,2025-04-25 11:48,2025-04-25 12:37,Chromepet,Chengalpattu Bus Stand,47.08,1,,507.56,Cash,Standard,9.039,0.0
RIDE004132,Carpool,2025-03-19 16:23,2025-03-19 16:53,Pallavaram,Mahindra City,33.35,3,2.9,254.11,Cash,Shared,4.669,1.734
RIDE004133,Private,2025-02-13 02:40,2025-02-13 03:25,T Nagar,Singaperumal Koil,48.88,1,,513.72,Card,Standard,9.385,0.0
RIDE004134,Private,2025-03-09 11:30,2025-03-09 12:20,Guindy,Singaperumal Koil,52.69,1,,574.26,Cash,Standard,10.116,0.0
RIDE004135,Carpool,2025-03-02 08:59,2025-03-02 09:42,Pallavaram,Singaperumal Koil,40.39,3,2.7,266.36,Card,Shared,5.655,2.1
RIDE004136,Carpool,2025-02-22 17:42,2025-02-22 18:41,Chromepet,SRM University,59.35,4,3.8,369.96,UPI,Shared,8.309,3.086
RIDE004137,Carpool,2025-01-12 13:31,2025-01-12 14:27,Pallavaram,Mahindra City,48.98,2,1.7,357.76,Wallet,Shared,6.857,2.547
RIDE004138,Carpool,2025-03-09 11:43,2025-03-09 12:44,Tambaram,Chengalpattu Town,62.65,4,3.9,463.77,UPI,Shared,8.771,3.258
RIDE004139,Carpool,2025-01-13 05:41,2025-01-13 06:31,Anna Nagar,SRM University,53.13,3,2.8,355.37,Card,Shared,7.438,2.763
RIDE004140,Carpool,2025-01-09 09:32,2025-01-09 10:24,Mylapore,Chengalpattu Town,53.29,4,3.5,332.82,Card,Shared,7.461,2.771
RIDE004141,Private,2025-02-09 13:11,2025-02-09 14:09,Velachery,Chengalpattu Town,63.38,1,,691.93,Card,Standard,12.169,0.0
RIDE004142,Private,2025-04-28 21:58,2025-04-28 22:58,Pallavaram,Chengalpattu Town,63.91,1,,650.39,Card,Standard,12.271,0.0
RIDE004143,Private,2025-02-23 13:03,2025-02-23 14:04,Guindy,Mahindra City,61.05,1,,700.31,Cash,Standard,11.722,0.0
RIDE004144,Carpool,2025-02-13 00:13,2025-02-13 01:08,Chromepet,Chengalpattu Town,51.18,2,1.8,342.75,Wallet,Shared,7.165,2.662
RIDE004145,Private,2025-02-19 15:14,2025-02-19 16:12,Mylapore,Chengalpattu Town,57.39,1,,544.38,Card,Standard,11.019,0.0
RIDE004146,Carpool,2025-01-27 06:00,2025-01-27 07:06,Chromepet,Singaperumal Koil,62.29,3,2.6,426.66,Wallet,Shared,8.721,3.239
RIDE004147,Private,2025-04-20 20:48,2025-04-20 21:25,T Nagar,Chengalpattu Bus Stand,38.51,1,,393.53,Cash,Standard,7.394,0.0
RIDE004148,Private,2025-04-19 11:28,2025-04-19 12:13,T Nagar,Chengalpattu Bus Stand,40.63,1,,418.19,Wallet,Standard,7.801,0.0
RIDE004149,Carpool,2025-01-30 14:17,2025-01-30 15:05,Velachery,Chengalpattu Bus Stand,47.66,4,3.8,326.27,Cash,Shared,6.672,2.479
RIDE004150,Carpool,2025-04-18 13:58,2025-04-18 15:11,Perungudi,Singaperumal Koil,58.78,2,1.7,379.81,Wallet,Shared,8.229,3.057
RIDE004151,Private,2025-03-29 06:52,2025-03-29 07:37,T Nagar,Chengalpattu Bus Stand,48.85,1,,532.3,Card,Standard,9.379,0.0
RIDE004152,Carpool,2025-04-13 22:47,2025-04-13 23:32,T Nagar,Mahindra City,49.62,2,1.6,324.05,UPI,Shared,6.947,2.58
RIDE004153,Carpool,2025-01-04 19:55,2025-01-04 20:31,Chromepet,Chengalpattu Bus Stand,35.42,3,2.7,249.15,Wallet,Shared,4.959,1.842
RIDE004154,Carpool,2025-03-08 17:55,2025-03-08 18:38,Perungudi,Singaperumal Koil,43.78,2,1.6,273.75,Wallet,Shared,6.129,2.277
RIDE004155,Carpool,2025-02-21 02:42,2025-02-21 03:16,Velachery,SRM University,33.65,4,3.9,213.86,Cash,Shared,4.711,1.75
RIDE004156,Private,2025-01-23 04:32,2025-01-23 05:28,Perungudi,Singaperumal Koil,48.2,1,,473.92,Cash,Standard,9.254,0.0
RIDE004157,Private,2025-02-18 22:53,2025-02-18 23:55,Anna Nagar,Chengalpattu Town,63.15,1,,697.13,Wallet,Standard,12.125,0.0
RIDE004158,Carpool,2025-03-08 11:51,2025-03-08 12:39,Tambaram,Singaperumal Koil,50.27,4,3.7,315.56,Card,Shared,7.038,2.614
RIDE004159,Private,2025-01-07 14:33,2025-01-07 15:16,Perungudi,Mahindra City,39.12,1,,361.69,UPI,Standard,7.511,0.0
RIDE004160,Private,2025-01-23 12:16,2025-01-23 13:07,Perungudi,Singaperumal Koil,47.09,1,,516.94,Card,Standard,9.041,0.0
RIDE004161,Carpool,2025-04-29 01:36,2025-04-29 02:08,Guindy,SRM University,34.33,4,3.7,248.63,UPI,Shared,4.806,1.785
RIDE004162,Private,2025-01-20 22:56,2025-01-21 00:11,Chromepet,SRM University,64.68,1,,691.07,Cash,Standard,12.419,0.0
RIDE004163,Private,2025-01-06 02:19,2025-01-06 03:08,Anna Nagar,Chengalpattu Bus Stand,47.64,1,,496.39,Card,Standard,9.147,0.0
RIDE004164,Private,2025-03-21 22:32,2025-03-21 23:38,Tambaram,Chengalpattu Bus Stand,57.34,1,,601.1,Wallet,Standard,11.009,0.0
RIDE004165,Private,2025-02-23 11:50,2025-02-23 12:37,OMR Sholinganallur,SRM University,49.54,1,,487.71,UPI,Standard,9.512,0.0
RIDE004166,Carpool,2025-03-15 02:40,2025-03-15 03:30,Mylapore,Chengalpattu Town,42.3,4,3.6,296.98,UPI,Shared,5.922,2.2
RIDE004167,Carpool,2025-03-09 18:48,2025-03-09 19:50,Velachery,Chengalpattu Bus Stand,50.68,2,1.6,361.81,Cash,Shared,7.095,2.636
RIDE004168,Private,2025-01-02 10:54,2025-01-02 11:39,Tambaram,SRM University,47.67,1,,533.32,Cash,Standard,9.153,0.0
RIDE004169,Private,2025-04-25 20:01,2025-04-25 21:05,Mylapore,Mahindra City,53.33,1,,590.51,Wallet,Standard,10.239,0.0
RIDE004170,Private,2025-01-08 03:01,2025-01-08 04:08,Tambaram,Chengalpattu Bus Stand,56.69,1,,562.37,Cash,Standard,10.884,0.0
RIDE004171,Carpool,2025-02-18 06:30,2025-02-18 07:17,Perungudi,Chengalpattu Town,41.91,3,2.8,320.48,Card,Shared,5.867,2.18
RIDE004172,Carpool,2025-01-13 17:05,2025-01-13 17:40,Tambaram,SRM University,38.34,4,3.6,239.26,UPI,Shared,5.368,1.993
RIDE004173,Carpool,2025-04-30 12:54,2025-04-30 13:57,T Nagar,Chengalpattu Bus Stand,55.44,2,1.9,407.47,Wallet,Shared,7.762,2.882
RIDE004174,Carpool,2025-01-23 22:24,2025-01-23 23:24,Adyar,Chengalpattu Bus Stand,64.0,2,1.8,497.67,Card,Shared,8.96,3.328
RIDE004175,Private,2025-01-29 03:51,2025-01-29 04:44,Mylapore,Chengalpattu Town,50.18,1,,520.15,Cash,Standard,9.635,0.0
RIDE004176,Private,2025-03-22 16:21,2025-03-22 17:09,T Nagar,SRM University,47.48,1,,533.41,Cash,Standard,9.116,0.0
RIDE004177,Carpool,2025-03-21 00:16,2025-03-21 01:27,Perungudi,Chengalpattu Bus Stand,64.04,2,1.5,431.21,UPI,Shared,8.966,3.33
RIDE004178,Private,2025-03-07 22:11,2025-03-07 23:10,T Nagar,Chengalpattu Bus Stand,55.71,1,,539.59,Cash,Standard,10.696,0.0
RIDE004179,Private,2025-03-27 18:57,2025-03-27 19:46,Tambaram,Singaperumal Koil,54.44,1,,564.09,Cash,Standard,10.452,0.0
RIDE004180,Private,2025-02-07 01:56,2025-02-07 02:49,Tambaram,Chengalpattu Town,58.65,1,,578.2,Cash,Standard,11.261,0.0
RIDE004181,Carpool,2025-04-28 18:41,2025-04-28 19:29,OMR Sholinganallur,Chengalpattu Bus Stand,41.48,2,2.0,311.03,Wallet,Shared,5.807,2.157
RIDE004182,Carpool,2025-03-12 13:07,2025-03-12 13:43,Anna Nagar,Mahindra City,36.42,4,3.9,249.23,Cash,Shared,5.099,1.894
RIDE004183,Carpool,2025-04-30 03:44,2025-04-30 04:52,Guindy,SRM University,55.28,2,1.7,383.8,Cash,Shared,7.739,2.875
RIDE004184,Carpool,2025-03-16 07:01,2025-03-16 08:05,Chromepet,Chengalpattu Bus Stand,55.0,4,3.7,381.34,Wallet,Shared,7.7,2.86
RIDE004185,Private,2025-03-27 17:27,2025-03-27 18:29,Anna Nagar,Singaperumal Koil,50.21,1,,462.87,Cash,Standard,9.64,0.0
RIDE004186,Private,2025-04-02 10:12,2025-04-02 11:20,Pallavaram,Chengalpattu Town,61.11,1,,651.46,Cash,Standard,11.733,0.0
RIDE004187,Private,2025-02-16 13:48,2025-02-16 14:24,OMR Sholinganallur,Mahindra City,32.97,1,,313.27,Card,Standard,6.33,0.0
RIDE004188,Private,2025-01-14 12:56,2025-01-14 13:47,T Nagar,Chengalpattu Bus Stand,53.33,1,,588.07,Cash,Standard,10.239,0.0
RIDE004189,Private,2025-01-13 18:33,2025-01-13 19:26,Chromepet,Singaperumal Koil,43.66,1,,421.75,Wallet,Standard,8.383,0.0
RIDE004190,Carpool,2025-04-11 21:47,2025-04-11 22:22,Tambaram,Chengalpattu Bus Stand,34.29,2,1.9,227.17,Card,Shared,4.801,1.783
RIDE004191,Private,2025-01-16 09:54,2025-01-16 10:36,T Nagar,SRM University,35.37,1,,401.6,UPI,Standard,6.791,0.0
RIDE004192,Private,2025-02-08 06:40,2025-02-08 07:39,Guindy,Chengalpattu Town,54.02,1,,540.06,Card,Standard,10.372,0.0
RIDE004193,Carpool,2025-04-04 20:57,2025-04-04 21:47,T Nagar,Chengalpattu Town,50.82,4,3.9,367.74,Wallet,Shared,7.115,2.642
RIDE004194,Carpool,2025-02-26 18:40,2025-02-26 19:38,Velachery,SRM University,61.14,3,2.8,466.41,Cash,Shared,8.56,3.179
RIDE004195,Private,2025-01-29 02:06,2025-01-29 03:01,Guindy,Chengalpattu Bus Stand,57.1,1,,601.27,UPI,Standard,10.963,0.0
RIDE004196,Private,2025-02-15 09:14,2025-02-15 10:04,Chromepet,SRM University,47.63,1,,501.31,Wallet,Standard,9.145,0.0
RIDE004197,Private,2025-03-29 11:34,2025-03-29 12:17,Tambaram,Chengalpattu Bus Stand,39.09,1,,438.06,Wallet,Standard,7.505,0.0
RIDE004198,Carpool,2025-03-06 03:50,2025-03-06 04:39,Anna Nagar,Chengalpattu Town,46.96,4,3.4,282.57,Card,Shared,6.574,2.442
RIDE004199,Carpool,2025-01-18 08:38,2025-01-18 09:18,Anna Nagar,SRM University,32.85,4,3.8,219.41,Cash,Shared,4.599,1.708
RIDE004200,Carpool,2025-03-28 13:52,2025-03-28 14:36,Pallavaram,Singaperumal Koil,46.09,4,3.5,338.68,Card,Shared,6.453,2.396
RIDE004201,Carpool,2025-01-17 01:15,2025-01-17 02:05,Tambaram,Chengalpattu Town,54.36,4,4.0,375.9,Wallet,Shared,7.61,2.827
RIDE004202,Carpool,2025-04-21 09:42,2025-04-21 10:11,Adyar,Mahindra City,30.21,2,1.6,216.87,Cash,Shared,4.229,1.571
RIDE004203,Private,2025-01-13 08:45,2025-01-13 09:47,Tambaram,Mahindra City,50.86,1,,510.44,Wallet,Standard,9.765,0.0
RIDE004204,Private,2025-02-05 11:51,2025-02-05 12:57,Adyar,Mahindra City,56.81,1,,517.13,Wallet,Standard,10.908,0.0
RIDE004205,Carpool,2025-03-05 04:36,2025-03-05 05:43,Mylapore,Mahindra City,56.92,2,1.8,411.88,Cash,Shared,7.969,2.96
RIDE004206,Private,2025-01-23 10:43,2025-01-23 11:37,Chromepet,Chengalpattu Town,47.29,1,,462.8,Card,Standard,9.08,0.0
RIDE004207,Private,2025-03-19 19:49,2025-03-19 20:58,Pallavaram,SRM University,57.33,1,,647.85,Card,Standard,11.007,0.0
RIDE004208,Carpool,2025-03-10 09:38,2025-03-10 10:23,Pallavaram,Chengalpattu Town,42.52,4,4.0,282.48,Card,Shared,5.953,2.211
RIDE004209,Carpool,2025-04-01 14:49,2025-04-01 15:42,OMR Sholinganallur,Chengalpattu Town,48.6,3,2.7,331.3,Cash,Shared,6.804,2.527
RIDE004210,Carpool,2025-04-24 02:15,2025-04-24 03:05,Guindy,SRM University,42.8,4,3.8,305.99,Card,Shared,5.992,2.226
RIDE004211,Carpool,2025-01-15 19:41,2025-01-15 20:14,OMR Sholinganallur,Mahindra City,33.19,2,1.9,236.79,Wallet,Shared,4.647,1.725
RIDE004212,Private,2025-02-25 15:02,2025-02-25 15:32,OMR Sholinganallur,Chengalpattu Bus Stand,32.8,1,,367.44,Cash,Standard,6.298,0.0
RIDE004213,Carpool,2025-03-07 07:38,2025-03-07 08:34,Anna Nagar,Chengalpattu Bus Stand,47.14,2,1.8,363.24,Wallet,Shared,6.6,2.451
RIDE004214,Carpool,2025-03-21 01:19,2025-03-21 02:12,Pallavaram,Singaperumal Koil,55.77,3,3.0,358.58,Card,Shared,7.808,2.9
RIDE004215,Private,2025-03-01 00:01,2025-03-01 00:38,Tambaram,Chengalpattu Town,37.74,1,,417.26,Card,Standard,7.246,0.0
RIDE004216,Carpool,2025-03-27 07:56,2025-03-27 08:36,Mylapore,Chengalpattu Bus Stand,38.81,2,1.9,272.18,Cash,Shared,5.433,2.019
RIDE004217,Private,2025-03-28 15:09,2025-03-28 15:55,Adyar,SRM University,40.1,1,,372.83,UPI,Standard,7.699,0.0
RIDE004218,Private,2025-01-02 23:43,2025-01-03 00:33,Tambaram,Chengalpattu Town,43.19,1,,422.33,Card,Standard,8.292,0.0
RIDE004219,Private,2025-03-14 13:17,2025-03-14 14:18,Velachery,SRM University,57.45,1,,596.02,Cash,Standard,11.03,0.0
RIDE004220,Carpool,2025-01-26 02:57,2025-01-26 03:49,Anna Nagar,Mahindra City,56.6,2,1.6,344.69,Card,Shared,7.924,2.943
RIDE004221,Private,2025-02-27 16:00,2025-02-27 16:55,Mylapore,SRM University,54.24,1,,549.97,Card,Standard,10.414,0.0
RIDE004222,Carpool,2025-02-23 04:55,2025-02-23 05:47,Tambaram,Singaperumal Koil,42.33,2,1.7,310.45,Card,Shared,5.926,2.201
RIDE004223,Carpool,2025-02-03 06:43,2025-02-03 07:35,Chromepet,Chengalpattu Town,45.56,2,2.0,287.47,Card,Shared,6.378,2.37
RIDE004224,Private,2025-02-08 21:21,2025-02-08 22:02,Anna Nagar,SRM University,36.22,1,,366.24,Card,Standard,6.954,0.0
RIDE004225,Carpool,2025-02-02 07:13,2025-02-02 07:52,Perungudi,Chengalpattu Bus Stand,33.75,4,3.6,250.86,UPI,Shared,4.725,1.755
RIDE004226,Private,2025-02-11 13:44,2025-02-11 15:00,T Nagar,Chengalpattu Town,63.2,1,,685.34,Cash,Standard,12.134,0.0
RIDE004227,Carpool,2025-01-10 18:52,2025-01-10 19:28,Tambaram,Singaperumal Koil,36.08,4,3.4,278.42,Cash,Shared,5.051,1.876
RIDE004228,Private,2025-03-04 17:08,2025-03-04 18:05,Anna Nagar,SRM University,61.38,1,,560.98,UPI,Standard,11.785,0.0
RIDE004229,Private,2025-02-17 17:14,2025-02-17 18:08,Perungudi,Singaperumal Koil,51.68,1,,502.69,Cash,Standard,9.923,0.0
RIDE004230,Private,2025-04-21 21:05,2025-04-21 21:40,Adyar,Chengalpattu Town,30.58,1,,289.92,Wallet,Standard,5.871,0.0
RIDE004231,Carpool,2025-03-18 02:28,2025-03-18 03:11,Velachery,Chengalpattu Town,35.22,3,2.5,243.38,UPI,Shared,4.931,1.831
RIDE004232,Private,2025-01-03 14:10,2025-01-03 14:48,Anna Nagar,SRM University,37.47,1,,361.65,Cash,Standard,7.194,0.0
RIDE004233,Carpool,2025-01-25 02:49,2025-01-25 03:36,OMR Sholinganallur,Chengalpattu Town,37.95,3,2.8,278.67,Card,Shared,5.313,1.973
RIDE004234,Carpool,2025-02-20 02:59,2025-02-20 03:50,OMR Sholinganallur,Chengalpattu Bus Stand,41.95,2,1.5,262.76,Wallet,Shared,5.873,2.181
RIDE004235,Private,2025-03-11 04:28,2025-03-11 05:05,Adyar,Mahindra City,36.31,1,,417.24,Cash,Standard,6.972,0.0
RIDE004236,Carpool,2025-02-08 09:32,2025-02-08 10:25,OMR Sholinganallur,Mahindra City,58.07,3,2.4,376.5,UPI,Shared,8.13,3.019
RIDE004237,Private,2025-02-07 04:36,2025-02-07 05:22,Mylapore,SRM University,39.75,1,,448.23,Wallet,Standard,7.632,0.0
RIDE004238,Carpool,2025-04-19 06:58,2025-04-19 08:00,Chromepet,Chengalpattu Town,59.69,4,3.5,412.63,Card,Shared,8.357,3.103
RIDE004239,Private,2025-03-03 01:31,2025-03-03 02:28,Mylapore,Chengalpattu Bus Stand,56.21,1,,540.98,Wallet,Standard,10.792,0.0
RIDE004240,Private,2025-02-20 07:51,2025-02-20 08:44,Pallavaram,Chengalpattu Bus Stand,57.06,1,,646.65,UPI,Standard,10.956,0.0
RIDE004241,Carpool,2025-04-01 21:50,2025-04-01 22:45,Velachery,SRM University,52.99,4,3.5,330.25,Cash,Shared,7.419,2.755
RIDE004242,Private,2025-03-08 00:15,2025-03-08 01:12,OMR Sholinganallur,Mahindra City,52.29,1,,578.31,Cash,Standard,10.04,0.0
RIDE004243,Carpool,2025-04-05 04:47,2025-04-05 05:58,Perungudi,Chengalpattu Town,59.25,4,3.4,371.64,UPI,Shared,8.295,3.081
RIDE004244,Private,2025-02-06 14:09,2025-02-06 14:48,Pallavaram,SRM University,40.65,1,,463.31,UPI,Standard,7.805,0.0
RIDE004245,Carpool,2025-03-21 03:35,2025-03-21 04:03,Chromepet,Chengalpattu Town,30.8,2,1.8,206.17,Card,Shared,4.312,1.602
RIDE004246,Private,2025-03-10 02:51,2025-03-10 03:35,Anna Nagar,Chengalpattu Town,44.5,1,,433.58,UPI,Standard,8.544,0.0
RIDE004247,Private,2025-02-24 19:51,2025-02-24 20:21,Tambaram,SRM University,33.54,1,,352.12,UPI,Standard,6.44,0.0
RIDE004248,Private,2025-04-29 04:31,2025-04-29 05:28,Velachery,Mahindra City,54.67,1,,619.74,UPI,Standard,10.497,0.0
RIDE004249,Private,2025-01-04 15:25,2025-01-04 16:22,Mylapore,Singaperumal Koil,56.7,1,,589.62,Cash,Standard,10.886,0.0
RIDE004250,Carpool,2025-03-19 11:34,2025-03-19 12:12,OMR Sholinganallur,SRM University,41.96,2,1.4,323.79,UPI,Shared,5.874,2.182
RIDE004251,Carpool,2025-04-16 17:43,2025-04-16 18:46,Perungudi,Singaperumal Koil,61.62,2,1.9,468.44,Cash,Shared,8.627,3.204
RIDE004252,Private,2025-01-25 07:04,2025-01-25 07:43,Velachery,Singaperumal Koil,34.47,1,,332.28,UPI,Standard,6.618,0.0
RIDE004253,Private,2025-04-30 17:54,2025-04-30 18:48,T Nagar,Mahindra City,49.21,1,,539.53,UPI,Standard,9.448,0.0
RIDE004254,Private,2025-04-20 08:59,2025-04-20 09:43,Velachery,Chengalpattu Town,38.62,1,,397.22,Wallet,Standard,7.415,0.0
RIDE004255,Private,2025-01-29 18:34,2025-01-29 19:22,Guindy,SRM University,49.38,1,,533.77,UPI,Standard,9.481,0.0
RIDE004256,Private,2025-03-15 06:54,2025-03-15 07:52,Perungudi,Chengalpattu Town,64.87,1,,726.98,Cash,Standard,12.455,0.0
RIDE004257,Private,2025-04-22 18:13,2025-04-22 19:01,Velachery,Mahindra City,41.86,1,,393.69,UPI,Standard,8.037,0.0
RIDE004258,Carpool,2025-03-12 20:34,2025-03-12 21:42,T Nagar,Mahindra City,59.47,3,2.6,408.58,Cash,Shared,8.326,3.092
RIDE004259,Carpool,2025-03-20 20:20,2025-03-20 21:08,Velachery,Chengalpattu Bus Stand,39.54,2,1.8,308.4,Cash,Shared,5.536,2.056
RIDE004260,Carpool,2025-01-05 05:39,2025-01-05 06:41,Velachery,Chengalpattu Bus Stand,62.31,3,2.8,430.05,Wallet,Shared,8.723,3.241
RIDE004261,Private,2025-01-15 08:34,2025-01-15 09:43,Anna Nagar,SRM University,58.26,1,,557.33,UPI,Standard,11.186,0.0
RIDE004262,Carpool,2025-01-15 05:44,2025-01-15 07:01,Tambaram,Chengalpattu Bus Stand,62.33,3,2.7,408.53,Card,Shared,8.726,3.241
RIDE004263,Carpool,2025-04-05 03:02,2025-04-05 03:31,Pallavaram,Chengalpattu Town,31.2,3,2.5,215.78,Card,Shared,4.368,1.622
RIDE004264,Private,2025-01-27 23:44,2025-01-28 00:39,Chromepet,Chengalpattu Bus Stand,44.2,1,,438.6,UPI,Standard,8.486,0.0
RIDE004265,Private,2025-04-17 02:37,2025-04-17 03:35,OMR Sholinganallur,SRM University,61.0,1,,615.98,Cash,Standard,11.712,0.0
RIDE004266,Carpool,2025-01-10 20:36,2025-01-10 21:19,OMR Sholinganallur,SRM University,36.84,3,2.5,246.38,UPI,Shared,5.158,1.915
RIDE004267,Private,2025-03-20 10:46,2025-03-20 11:34,Perungudi,SRM University,51.42,1,,492.11,Cash,Standard,9.873,0.0
RIDE004268,Carpool,2025-03-02 09:28,2025-03-02 10:25,OMR Sholinganallur,Mahindra City,51.23,2,2.0,318.61,Cash,Shared,7.172,2.664
RIDE004269,Private,2025-04-03 12:07,2025-04-03 12:46,OMR Sholinganallur,Chengalpattu Town,39.75,1,,427.73,Cash,Standard,7.632,0.0
RIDE004270,Private,2025-01-02 10:04,2025-01-02 10:58,Tambaram,Chengalpattu Bus Stand,43.99,1,,409.8,UPI,Standard,8.446,0.0
RIDE004271,Private,2025-02-19 15:44,2025-02-19 16:23,Mylapore,Chengalpattu Bus Stand,40.46,1,,455.31,Cash,Standard,7.768,0.0
RIDE004272,Carpool,2025-04-25 16:43,2025-04-25 17:21,Guindy,SRM University,35.02,2,1.4,215.36,Card,Shared,4.903,1.821
RIDE004273,Carpool,2025-04-06 12:34,2025-04-06 13:30,Perungudi,Chengalpattu Town,55.91,2,1.4,414.12,Card,Shared,7.827,2.908
RIDE004274,Private,2025-03-16 00:24,2025-03-16 01:15,Anna Nagar,SRM University,54.63,1,,592.25,Wallet,Standard,10.489,0.0
RIDE004275,Carpool,2025-03-31 20:28,2025-03-31 21:32,Velachery,Mahindra City,63.3,4,3.7,480.43,Cash,Shared,8.862,3.292
RIDE004276,Private,2025-02-08 18:10,2025-02-08 18:54,Velachery,Chengalpattu Bus Stand,36.37,1,,366.1,Card,Standard,6.983,0.0
RIDE004277,Carpool,2025-03-07 07:27,2025-03-07 07:55,Pallavaram,Chengalpattu Town,30.54,4,3.7,205.48,Cash,Shared,4.276,1.588
RIDE004278,Private,2025-04-30 08:57,2025-04-30 10:08,Adyar,Mahindra City,58.14,1,,657.23,Card,Standard,11.163,0.0
RIDE004279,Private,2025-03-11 18:23,2025-03-11 19:30,Tambaram,SRM University,58.08,1,,528.66,Card,Standard,11.151,0.0
RIDE004280,Carpool,2025-04-03 21:30,2025-04-03 22:18,Mylapore,SRM University,48.86,2,1.5,351.07,Card,Shared,6.84,2.541
RIDE004281,Private,2025-03-06 07:15,2025-03-06 08:25,Anna Nagar,Chengalpattu Bus Stand,58.89,1,,541.52,Wallet,Standard,11.307,0.0
RIDE004282,Private,2025-03-15 22:03,2025-03-15 23:04,Mylapore,SRM University,64.9,1,,625.23,UPI,Standard,12.461,0.0
RIDE004283,Carpool,2025-01-14 18:10,2025-01-14 18:57,Anna Nagar,Chengalpattu Bus Stand,41.92,2,1.9,285.51,UPI,Shared,5.869,2.18
RIDE004284,Carpool,2025-01-16 02:02,2025-01-16 02:39,Adyar,Singaperumal Koil,32.44,2,1.6,206.65,Wallet,Shared,4.542,1.686
RIDE004285,Carpool,2025-01-19 08:12,2025-01-19 09:15,Tambaram,Singaperumal Koil,57.76,3,2.6,445.85,UPI,Shared,8.086,3.004
RIDE004286,Private,2025-01-27 04:44,2025-01-27 05:46,Tambaram,SRM University,60.22,1,,566.26,Card,Standard,11.562,0.0
RIDE004287,Private,2025-04-13 00:25,2025-04-13 01:10,Tambaram,Chengalpattu Town,46.84,1,,506.06,Wallet,Standard,8.993,0.0
RIDE004288,Carpool,2025-04-09 00:14,2025-04-09 01:07,Adyar,Chengalpattu Town,53.57,3,2.8,338.42,Cash,Shared,7.5,2.785
RIDE004289,Carpool,2025-03-11 05:24,2025-03-11 06:17,Tambaram,Chengalpattu Bus Stand,56.19,3,2.9,407.28,UPI,Shared,7.867,2.921
RIDE004290,Carpool,2025-01-20 23:05,2025-01-20 23:55,T Nagar,Chengalpattu Bus Stand,55.34,2,1.8,382.18,Wallet,Shared,7.748,2.877
RIDE004291,Carpool,2025-03-24 19:12,2025-03-24 20:11,Mylapore,Chengalpattu Town,56.5,3,2.9,422.05,Wallet,Shared,7.91,2.938
RIDE004292,Private,2025-01-19 07:21,2025-01-19 07:59,Mylapore,SRM University,32.08,1,,367.19,Cash,Standard,6.159,0.0
RIDE004293,Carpool,2025-01-28 02:59,2025-01-28 04:05,Mylapore,Chengalpattu Town,64.21,3,2.4,464.75,Cash,Shared,8.989,3.339
RIDE004294,Carpool,2025-02-21 06:08,2025-02-21 07:05,Velachery,Mahindra City,55.22,2,1.5,346.01,UPI,Shared,7.731,2.871
RIDE004295,Private,2025-04-01 20:43,2025-04-01 21:21,T Nagar,Chengalpattu Bus Stand,31.78,1,,330.53,Cash,Standard,6.102,0.0
RIDE004296,Carpool,2025-01-16 20:33,2025-01-16 21:33,Chromepet,Singaperumal Koil,52.45,3,2.5,336.58,Cash,Shared,7.343,2.727
RIDE004297,Private,2025-02-05 17:09,2025-02-05 18:03,Tambaram,Chengalpattu Town,52.15,1,,532.48,UPI,Standard,10.013,0.0
RIDE004298,Carpool,2025-01-04 15:38,2025-01-04 16:47,Perungudi,SRM University,59.01,2,1.6,388.59,Cash,Shared,8.261,3.069
RIDE004299,Private,2025-01-28 05:25,2025-01-28 06:02,Chromepet,Chengalpattu Town,40.8,1,,394.82,Wallet,Standard,7.834,0.0
RIDE004300,Private,2025-04-22 06:27,2025-04-22 07:12,OMR Sholinganallur,Chengalpattu Bus Stand,48.2,1,,499.56,Wallet,Standard,9.254,0.0
RIDE004301,Carpool,2025-01-09 18:16,2025-01-09 19:28,Velachery,Chengalpattu Bus Stand,58.9,4,4.0,406.83,UPI,Shared,8.246,3.063
RIDE004302,Private,2025-02-23 18:39,2025-02-23 19:28,Anna Nagar,Singaperumal Koil,42.55,1,,444.09,Card,Standard,8.17,0.0
RIDE004303,Carpool,2025-01-22 08:58,2025-01-22 09:51,Pallavaram,SRM University,51.95,4,3.6,374.44,Card,Shared,7.273,2.701
RIDE004304,Private,2025-04-05 22:06,2025-04-05 23:00,Chromepet,Chengalpattu Town,58.99,1,,571.33,Wallet,Standard,11.326,0.0
RIDE004305,Private,2025-04-30 11:22,2025-04-30 12:11,Velachery,Singaperumal Koil,47.94,1,,509.46,Wallet,Standard,9.204,0.0
RIDE004306,Carpool,2025-03-29 18:31,2025-03-29 19:14,Mylapore,Chengalpattu Bus Stand,45.62,2,1.5,349.45,Card,Shared,6.387,2.372
RIDE004307,Carpool,2025-01-10 04:18,2025-01-10 05:08,Mylapore,Singaperumal Koil,54.5,3,2.5,352.57,UPI,Shared,7.63,2.834
RIDE004308,Private,2025-04-25 12:38,2025-04-25 13:30,Anna Nagar,Singaperumal Koil,43.25,1,,448.07,Cash,Standard,8.304,0.0
RIDE004309,Private,2025-01-09 12:32,2025-01-09 13:14,OMR Sholinganallur,Chengalpattu Town,36.83,1,,402.3,UPI,Standard,7.071,0.0
RIDE004310,Carpool,2025-04-19 02:14,2025-04-19 03:02,Guindy,Mahindra City,45.67,2,1.5,299.46,Wallet,Shared,6.394,2.375
RIDE004311,Private,2025-03-28 19:36,2025-03-28 20:17,Guindy,SRM University,45.46,1,,502.59,UPI,Standard,8.728,0.0
RIDE004312,Private,2025-01-09 20:57,2025-01-09 21:34,T Nagar,Mahindra City,31.58,1,,301.83,UPI,Standard,6.063,0.0
RIDE004313,Carpool,2025-01-27 17:13,2025-01-27 18:05,Pallavaram,Singaperumal Koil,52.65,4,4.0,394.92,UPI,Shared,7.371,2.738
RIDE004314,Private,2025-03-20 01:18,2025-03-20 02:31,Perungudi,Chengalpattu Bus Stand,60.79,1,,670.69,Cash,Standard,11.672,0.0
RIDE004315,Private,2025-03-19 07:33,2025-03-19 08:12,Pallavaram,Mahindra City,42.55,1,,415.85,Wallet,Standard,8.17,0.0
RIDE004316,Private,2025-01-25 11:00,2025-01-25 11:33,Adyar,SRM University,32.02,1,,366.86,Cash,Standard,6.148,0.0
RIDE004317,Carpool,2025-03-19 10:39,2025-03-19 11:18,Guindy,Chengalpattu Town,35.77,3,2.9,260.07,Wallet,Shared,5.008,1.86
RIDE004318,Carpool,2025-04-25 05:35,2025-04-25 06:10,Mylapore,Chengalpattu Bus Stand,37.88,4,3.9,269.39,Card,Shared,5.303,1.97
RIDE004319,Private,2025-04-03 17:16,2025-04-03 18:12,Adyar,Chengalpattu Bus Stand,46.85,1,,532.42,Wallet,Standard,8.995,0.0
RIDE004320,Private,2025-01-04 01:21,2025-01-04 02:38,Perungudi,Chengalpattu Town,62.66,1,,566.76,Card,Standard,12.031,0.0
RIDE004321,Private,2025-02-24 09:29,2025-02-24 09:59,OMR Sholinganallur,SRM University,32.99,1,,372.53,Wallet,Standard,6.334,0.0
RIDE004322,Private,2025-01-13 12:00,2025-01-13 12:58,Adyar,SRM University,50.39,1,,573.85,Cash,Standard,9.675,0.0
RIDE004323,Private,2025-04-24 20:32,2025-04-24 21:41,Tambaram,Chengalpattu Bus Stand,64.96,1,,736.85,Cash,Standard,12.472,0.0
RIDE004324,Private,2025-02-25 22:29,2025-02-25 23:48,Mylapore,Singaperumal Koil,64.85,1,,709.87,UPI,Standard,12.451,0.0
RIDE004325,Carpool,2025-04-05 09:24,2025-04-05 10:11,OMR Sholinganallur,Mahindra City,46.34,2,1.4,330.66,Cash,Shared,6.488,2.409
RIDE004326,Private,2025-01-23 18:57,2025-01-23 19:37,Velachery,Singaperumal Koil,44.01,1,,471.72,Card,Standard,8.45,0.0
RIDE004327,Carpool,2025-03-22 15:23,2025-03-22 16:29,Tambaram,Mahindra City,62.86,2,1.7,390.63,UPI,Shared,8.8,3.269
RIDE004328,Carpool,2025-03-14 05:37,2025-03-14 06:31,Tambaram,Chengalpattu Town,52.62,2,1.9,359.52,Wallet,Shared,7.367,2.736
RIDE004329,Carpool,2025-01-06 17:59,2025-01-06 18:42,Chromepet,Singaperumal Koil,45.01,2,1.7,276.52,Cash,Shared,6.301,2.341
RIDE004330,Carpool,2025-04-27 10:16,2025-04-27 10:56,Mylapore,Mahindra City,33.38,2,1.6,244.08,Wallet,Shared,4.673,1.736
RIDE004331,Private,2025-02-17 07:45,2025-02-17 08:38,Mylapore,SRM University,51.16,1,,524.99,UPI,Standard,9.823,0.0
RIDE004332,Carpool,2025-04-14 10:14,2025-04-14 11:15,Guindy,Singaperumal Koil,56.26,2,1.8,384.99,Card,Shared,7.876,2.926
RIDE004333,Carpool,2025-01-22 22:33,2025-01-22 23:16,Tambaram,Chengalpattu Town,44.97,3,2.4,349.36,UPI,Shared,6.296,2.338
RIDE004334,Private,2025-03-27 03:03,2025-03-27 04:18,Velachery,SRM University,64.7,1,,640.8,Wallet,Standard,12.422,0.0
RIDE004335,Carpool,2025-01-03 18:38,2025-01-03 19:18,OMR Sholinganallur,SRM University,43.56,2,1.6,276.93,Wallet,Shared,6.098,2.266
RIDE004336,Carpool,2025-04-10 20:45,2025-04-10 21:40,Velachery,Mahindra City,57.76,2,1.4,393.33,Cash,Shared,8.086,3.004
RIDE004337,Private,2025-03-19 13:17,2025-03-19 14:17,Chromepet,Mahindra City,56.53,1,,649.37,UPI,Standard,10.854,0.0
RIDE004338,Private,2025-02-11 17:11,2025-02-11 18:15,Anna Nagar,Chengalpattu Bus Stand,60.53,1,,555.75,Card,Standard,11.622,0.0
RIDE004339,Carpool,2025-02-25 13:48,2025-02-25 14:53,Mylapore,Chengalpattu Bus Stand,59.43,4,3.5,383.49,Card,Shared,8.32,3.091
RIDE004340,Private,2025-01-25 01:58,2025-01-25 02:36,Mylapore,Chengalpattu Town,35.26,1,,354.37,Card,Standard,6.77,0.0
RIDE004341,Carpool,2025-02-03 09:12,2025-02-03 10:08,Tambaram,Mahindra City,52.08,2,1.4,378.95,UPI,Shared,7.291,2.708
RIDE004342,Carpool,2025-01-06 01:09,2025-01-06 02:21,Chromepet,SRM University,61.55,2,1.9,423.26,UPI,Shared,8.617,3.201
RIDE004343,Carpool,2025-02-18 19:14,2025-02-18 20:00,Adyar,Singaperumal Koil,38.08,4,3.8,249.09,Cash,Shared,5.331,1.98
RIDE004344,Carpool,2025-04-25 10:05,2025-04-25 10:56,Tambaram,SRM University,49.73,3,2.7,328.1,Wallet,Shared,6.962,2.586
RIDE004345,Private,2025-04-03 09:37,2025-04-03 10:17,Guindy,Singaperumal Koil,36.1,1,,353.91,UPI,Standard,6.931,0.0
RIDE004346,Private,2025-01-28 22:44,2025-01-28 23:47,Anna Nagar,Chengalpattu Bus Stand,60.61,1,,643.2,UPI,Standard,11.637,0.0
RIDE004347,Carpool,2025-03-03 14:11,2025-03-03 14:50,T Nagar,Singaperumal Koil,38.19,2,1.8,285.59,Cash,Shared,5.347,1.985
RIDE004348,Carpool,2025-03-25 02:52,2025-03-25 03:59,Guindy,Singaperumal Koil,59.45,2,1.4,391.67,Wallet,Shared,8.323,3.091
RIDE004349,Private,2025-01-17 09:53,2025-01-17 10:52,Mylapore,Chengalpattu Bus Stand,54.12,1,,545.55,Cash,Standard,10.391,0.0
RIDE004350,Carpool,2025-02-21 05:03,2025-02-21 06:05,Perungudi,Mahindra City,50.01,4,3.4,336.42,Cash,Shared,7.001,2.601
RIDE004351,Carpool,2025-04-02 02:31,2025-04-02 03:44,Chromepet,SRM University,63.86,3,2.9,387.75,Cash,Shared,8.94,3.321
RIDE004352,Private,2025-03-26 20:05,2025-03-26 20:47,Guindy,SRM University,34.99,1,,321.56,Wallet,Standard,6.718,0.0
RIDE004353,Private,2025-04-15 03:41,2025-04-15 04:47,Chromepet,Mahindra City,64.57,1,,657.59,UPI,Standard,12.397,0.0
RIDE004354,Private,2025-01-24 14:41,2025-01-24 15:27,Velachery,Singaperumal Koil,50.84,1,,529.58,Cash,Standard,9.761,0.0
RIDE004355,Carpool,2025-02-16 14:32,2025-02-16 15:22,Adyar,Mahindra City,52.55,3,2.5,399.96,Cash,Shared,7.357,2.733
RIDE004356,Private,2025-03-28 00:22,2025-03-28 00:59,Chromepet,SRM University,39.08,1,,432.63,Wallet,Standard,7.503,0.0
RIDE004357,Carpool,2025-04-13 04:17,2025-04-13 04:53,Chromepet,Chengalpattu Town,30.91,3,2.8,212.56,Wallet,Shared,4.327,1.608
RIDE004358,Private,2025-02-13 19:00,2025-02-13 19:55,OMR Sholinganallur,Mahindra City,58.41,1,,654.72,Card,Standard,11.215,0.0
RIDE004359,Private,2025-02-19 12:12,2025-02-19 12:49,Velachery,Chengalpattu Town,37.91,1,,384.15,Cash,Standard,7.279,0.0
RIDE004360,Carpool,2025-02-16 02:44,2025-02-16 03:50,Anna Nagar,SRM University,63.38,4,3.8,427.27,Cash,Shared,8.873,3.296
RIDE004361,Carpool,2025-01-12 02:11,2025-01-12 02:42,Perungudi,Mahindra City,32.12,3,2.8,221.44,Cash,Shared,4.497,1.67
RIDE004362,Carpool,2025-01-12 11:23,2025-01-12 12:34,Mylapore,Chengalpattu Bus Stand,58.83,4,3.8,448.59,Card,Shared,8.236,3.059
RIDE004363,Private,2025-03-29 12:27,2025-03-29 13:03,Tambaram,Chengalpattu Bus Stand,35.77,1,,399.17,Cash,Standard,6.868,0.0
RIDE004364,Private,2025-01-24 23:26,2025-01-25 00:13,Anna Nagar,Mahindra City,44.57,1,,505.74,Card,Standard,8.557,0.0
RIDE004365,Private,2025-04-03 13:55,2025-04-03 14:54,Adyar,Chengalpattu Bus Stand,62.47,1,,601.82,UPI,Standard,11.994,0.0
RIDE004366,Private,2025-01-24 12:57,2025-01-24 13:55,Adyar,Singaperumal Koil,57.59,1,,637.82,Cash,Standard,11.057,0.0
RIDE004367,Carpool,2025-04-06 07:28,2025-04-06 08:27,Perungudi,Singaperumal Koil,48.85,4,3.5,324.28,Cash,Shared,6.839,2.54
RIDE004368,Carpool,2025-01-18 09:40,2025-01-18 10:35,Chromepet,SRM University,56.51,4,3.5,352.98,Card,Shared,7.911,2.939
RIDE004369,Carpool,2025-04-10 12:27,2025-04-10 13:04,Anna Nagar,Singaperumal Koil,42.04,3,2.5,307.65,Wallet,Shared,5.886,2.186
RIDE004370,Private,2025-03-30 02:50,2025-03-30 03:31,Mylapore,Mahindra City,37.92,1,,358.7,Wallet,Standard,7.281,0.0
RIDE004371,Carpool,2025-01-25 20:47,2025-01-25 21:25,Mylapore,SRM University,31.73,3,2.4,243.91,Wallet,Shared,4.442,1.65
RIDE004372,Carpool,2025-02-04 13:02,2025-02-04 13:38,OMR Sholinganallur,Chengalpattu Town,37.16,3,2.6,242.62,UPI,Shared,5.202,1.933
RIDE004373,Private,2025-04-26 18:02,2025-04-26 18:37,Tambaram,Singaperumal Koil,33.53,1,,355.68,UPI,Standard,6.438,0.0
RIDE004374,Private,2025-01-26 23:43,2025-01-27 00:40,Chromepet,Chengalpattu Town,48.29,1,,516.09,Cash,Standard,9.272,0.0
RIDE004375,Carpool,2025-03-23 23:57,2025-03-24 00:46,Chromepet,Mahindra City,47.2,4,3.7,288.7,Cash,Shared,6.608,2.454
RIDE004376,Carpool,2025-03-12 09:06,2025-03-12 09:38,Anna Nagar,Mahindra City,32.09,3,2.8,216.05,Cash,Shared,4.493,1.668
RIDE004377,Private,2025-01-03 01:38,2025-01-03 02:22,Perungudi,Chengalpattu Bus Stand,47.18,1,,455.71,Wallet,Standard,9.059,0.0
RIDE004378,Private,2025-01-06 17:33,2025-01-06 18:15,Tambaram,Mahindra City,37.71,1,,399.59,Cash,Standard,7.24,0.0
RIDE004379,Private,2025-01-21 20:59,2025-01-21 21:31,Guindy,Chengalpattu Town,34.38,1,,360.7,Wallet,Standard,6.601,0.0
RIDE004380,Carpool,2025-02-03 14:39,2025-02-03 15:24,Chromepet,Chengalpattu Bus Stand,39.92,2,1.7,276.0,UPI,Shared,5.589,2.076
RIDE004381,Carpool,2025-04-12 13:02,2025-04-12 14:03,OMR Sholinganallur,Mahindra City,55.64,2,2.0,424.61,Cash,Shared,7.79,2.893
RIDE004382,Carpool,2025-01-14 21:59,2025-01-14 22:57,Pallavaram,Singaperumal Koil,54.46,4,3.6,374.86,Cash,Shared,7.624,2.832
RIDE004383,Private,2025-05-01 00:28,2025-05-01 00:59,Perungudi,Mahindra City,35.48,1,,340.1,Cash,Standard,6.812,0.0
RIDE004384,Private,2025-01-15 12:48,2025-01-15 13:29,Pallavaram,Mahindra City,35.09,1,,401.3,UPI,Standard,6.737,0.0
RIDE004385,Carpool,2025-04-09 13:17,2025-04-09 13:52,Adyar,Singaperumal Koil,38.95,3,2.7,280.63,Wallet,Shared,5.453,2.025
RIDE004386,Private,2025-01-09 07:38,2025-01-09 08:15,Mylapore,SRM University,32.15,1,,331.55,Card,Standard,6.173,0.0
RIDE004387,Private,2025-03-14 17:19,2025-03-14 18:26,Pallavaram,Chengalpattu Town,60.62,1,,595.73,UPI,Standard,11.639,0.0
RIDE004388,Private,2025-03-03 17:48,2025-03-03 18:53,Mylapore,SRM University,62.82,1,,585.25,Cash,Standard,12.061,0.0
RIDE004389,Carpool,2025-04-10 08:58,2025-04-10 09:38,Velachery,SRM University,34.53,3,2.8,236.65,Card,Shared,4.834,1.796
RIDE004390,Private,2025-04-08 23:52,2025-04-09 00:35,Guindy,Singaperumal Koil,47.7,1,,519.84,Cash,Standard,9.158,0.0
RIDE004391,Carpool,2025-04-28 23:00,2025-04-28 23:39,Guindy,Singaperumal Koil,34.05,2,1.7,246.78,UPI,Shared,4.767,1.771
RIDE004392,Private,2025-01-16 22:01,2025-01-16 23:12,Guindy,SRM University,58.67,1,,536.19,Wallet,Standard,11.265,0.0
RIDE004393,Private,2025-01-05 16:35,2025-01-05 17:45,Pallavaram,Chengalpattu Bus Stand,56.97,1,,592.22,UPI,Standard,10.938,0.0
RIDE004394,Private,2025-01-04 09:24,2025-01-04 10:12,Anna Nagar,SRM University,40.68,1,,444.42,Card,Standard,7.811,0.0
RIDE004395,Carpool,2025-04-18 11:20,2025-04-18 12:26,Velachery,Chengalpattu Bus Stand,58.62,4,3.8,379.3,Wallet,Shared,8.207,3.048
RIDE004396,Carpool,2025-02-08 05:13,2025-02-08 06:06,Perungudi,Singaperumal Koil,56.09,3,2.6,381.96,UPI,Shared,7.853,2.916
RIDE004397,Private,2025-03-09 04:25,2025-03-09 05:08,T Nagar,Chengalpattu Town,36.25,1,,411.24,Card,Standard,6.96,0.0
RIDE004398,Carpool,2025-01-12 01:10,2025-01-12 01:55,T Nagar,Mahindra City,47.85,3,2.9,305.99,Wallet,Shared,6.699,2.488
RIDE004399,Private,2025-02-14 12:17,2025-02-14 13:27,Anna Nagar,Chengalpattu Town,64.72,1,,722.85,UPI,Standard,12.426,0.0
RIDE004400,Carpool,2025-01-14 14:13,2025-01-14 15:18,Velachery,SRM University,59.82,3,2.5,399.62,Wallet,Shared,8.375,3.11
RIDE004401,Carpool,2025-03-28 18:04,2025-03-28 19:05,Tambaram,Chengalpattu Town,56.41,2,1.8,436.22,Cash,Shared,7.897,2.934
RIDE004402,Carpool,2025-04-28 06:55,2025-04-28 07:35,T Nagar,SRM University,34.06,2,1.9,227.85,UPI,Shared,4.768,1.772
RIDE004403,Carpool,2025-04-30 05:05,2025-04-30 06:03,Mylapore,Mahindra City,64.06,4,3.7,461.11,Cash,Shared,8.968,3.332
RIDE004404,Carpool,2025-03-30 16:31,2025-03-30 17:29,OMR Sholinganallur,Chengalpattu Bus Stand,54.2,2,1.5,333.64,Card,Shared,7.588,2.818
RIDE004405,Private,2025-02-20 02:46,2025-02-20 03:39,Adyar,SRM University,44.21,1,,407.23,Card,Standard,8.488,0.0
RIDE004406,Carpool,2025-02-16 17:24,2025-02-16 18:20,Anna Nagar,Singaperumal Koil,57.76,2,1.8,388.35,Cash,Shared,8.086,3.004
RIDE004407,Private,2025-01-31 16:04,2025-01-31 16:47,Tambaram,Chengalpattu Bus Stand,46.77,1,,481.71,Card,Standard,8.98,0.0
RIDE004408,Private,2025-03-22 04:27,2025-03-22 05:21,Adyar,Singaperumal Koil,55.81,1,,535.71,Card,Standard,10.716,0.0
RIDE004409,Carpool,2025-01-17 02:39,2025-01-17 03:32,Adyar,Chengalpattu Bus Stand,48.15,2,1.6,342.84,Cash,Shared,6.741,2.504
RIDE004410,Carpool,2025-04-05 05:33,2025-04-05 06:46,Anna Nagar,SRM University,58.57,2,1.6,411.99,Wallet,Shared,8.2,3.045
RIDE004411,Private,2025-01-12 20:08,2025-01-12 20:43,Pallavaram,Mahindra City,34.64,1,,391.95,Wallet,Standard,6.651,0.0
RIDE004412,Carpool,2025-01-10 06:48,2025-01-10 07:41,Velachery,Singaperumal Koil,53.33,3,2.6,410.31,UPI,Shared,7.466,2.773
RIDE004413,Private,2025-04-15 01:10,2025-04-15 02:00,Adyar,Singaperumal Koil,52.92,1,,600.75,Wallet,Standard,10.161,0.0
RIDE004414,Carpool,2025-03-31 05:36,2025-03-31 06:28,Guindy,Chengalpattu Town,52.41,3,2.5,325.52,Card,Shared,7.337,2.726
RIDE004415,Carpool,2025-01-10 11:41,2025-01-10 12:15,Adyar,Chengalpattu Town,38.18,4,3.6,252.85,Cash,Shared,5.345,1.986
RIDE004416,Carpool,2025-03-27 15:46,2025-03-27 16:51,Adyar,SRM University,63.54,3,2.5,421.32,Cash,Shared,8.896,3.304
RIDE004417,Private,2025-01-09 22:27,2025-01-09 23:22,Perungudi,Chengalpattu Town,55.56,1,,528.97,Cash,Standard,10.668,0.0
RIDE004418,Carpool,2025-03-16 00:34,2025-03-16 01:14,T Nagar,Mahindra City,32.9,3,2.6,199.36,UPI,Shared,4.606,1.711
RIDE004419,Carpool,2025-04-11 20:42,2025-04-11 21:30,Tambaram,Chengalpattu Bus Stand,48.65,2,1.7,324.64,Card,Shared,6.811,2.53
RIDE004420,Carpool,2025-01-16 10:37,2025-01-16 11:28,T Nagar,Singaperumal Koil,44.24,2,1.5,310.69,UPI,Shared,6.194,2.3
RIDE004421,Carpool,2025-04-29 12:14,2025-04-29 12:52,Anna Nagar,SRM University,33.31,4,3.8,229.95,Wallet,Shared,4.663,1.733
RIDE004422,Carpool,2025-01-18 16:41,2025-01-18 17:55,Mylapore,Chengalpattu Bus Stand,60.39,3,2.6,365.17,UPI,Shared,8.455,3.14
RIDE004423,Carpool,2025-04-19 07:28,2025-04-19 08:37,OMR Sholinganallur,SRM University,57.18,4,3.7,399.81,Cash,Shared,8.005,2.974
RIDE004424,Private,2025-02-09 23:54,2025-02-10 00:50,Mylapore,Singaperumal Koil,61.33,1,,575.61,Wallet,Standard,11.775,0.0
RIDE004425,Carpool,2025-01-08 05:33,2025-01-08 06:33,T Nagar,Chengalpattu Bus Stand,64.27,2,1.8,419.37,Card,Shared,8.998,3.342
RIDE004426,Carpool,2025-04-27 09:13,2025-04-27 10:13,T Nagar,Mahindra City,57.5,4,3.5,402.48,UPI,Shared,8.05,2.99
RIDE004427,Private,2025-04-24 23:27,2025-04-25 00:42,OMR Sholinganallur,Mahindra City,61.24,1,,676.13,Card,Standard,11.758,0.0
RIDE004428,Private,2025-04-06 06:30,2025-04-06 07:06,OMR Sholinganallur,Chengalpattu Bus Stand,34.31,1,,340.46,Wallet,Standard,6.588,0.0
RIDE004429,Carpool,2025-04-25 23:01,2025-04-25 23:51,Chromepet,Chengalpattu Town,52.79,4,3.5,337.4,Wallet,Shared,7.391,2.745
RIDE004430,Carpool,2025-04-14 08:33,2025-04-14 09:20,T Nagar,Chengalpattu Bus Stand,47.22,2,1.9,305.39,Card,Shared,6.611,2.455
RIDE004431,Carpool,2025-02-05 17:19,2025-02-05 18:13,Pallavaram,Singaperumal Koil,48.83,4,4.0,336.51,Card,Shared,6.836,2.539
RIDE004432,Carpool,2025-03-03 00:39,2025-03-03 01:28,Adyar,Chengalpattu Town,44.52,3,2.5,274.75,Wallet,Shared,6.233,2.315
RIDE004433,Carpool,2025-01-09 02:30,2025-01-09 03:11,Guindy,Mahindra City,43.44,4,3.5,272.53,Wallet,Shared,6.082,2.258
RIDE004434,Carpool,2025-03-01 15:33,2025-03-01 16:15,Adyar,Mahindra City,36.58,3,2.4,256.27,UPI,Shared,5.121,1.902
RIDE004435,Private,2025-01-05 07:25,2025-01-05 08:31,Mylapore,SRM University,55.86,1,,590.59,Card,Standard,10.725,0.0
RIDE004436,Carpool,2025-03-09 04:51,2025-03-09 05:22,Chromepet,Chengalpattu Town,33.19,4,3.8,220.75,Card,Shared,4.647,1.725
RIDE004437,Private,2025-01-21 18:39,2025-01-21 19:31,Chromepet,Chengalpattu Town,46.47,1,,474.54,Cash,Standard,8.922,0.0
RIDE004438,Carpool,2025-03-27 11:36,2025-03-27 12:08,Velachery,Chengalpattu Bus Stand,33.48,3,2.9,249.15,UPI,Shared,4.687,1.741
RIDE004439,Private,2025-04-22 08:39,2025-04-22 09:54,Perungudi,Chengalpattu Town,61.79,1,,669.43,UPI,Standard,11.864,0.0
RIDE004440,Private,2025-04-04 00:45,2025-04-04 01:30,Mylapore,Mahindra City,50.3,1,,574.19,Wallet,Standard,9.658,0.0
RIDE004441,Private,2025-02-16 23:50,2025-02-17 00:38,Mylapore,Mahindra City,48.13,1,,462.31,UPI,Standard,9.241,0.0
RIDE004442,Private,2025-03-02 05:15,2025-03-02 06:15,Tambaram,Chengalpattu Town,54.35,1,,498.58,Wallet,Standard,10.435,0.0
RIDE004443,Private,2025-01-10 18:20,2025-01-10 19:13,Tambaram,Singaperumal Koil,52.65,1,,566.38,Wallet,Standard,10.109,0.0
RIDE004444,Private,2025-03-09 03:04,2025-03-09 03:40,Anna Nagar,Singaperumal Koil,33.1,1,,380.63,Wallet,Standard,6.355,0.0
RIDE004445,Carpool,2025-04-26 09:08,2025-04-26 10:09,Pallavaram,SRM University,58.65,4,3.9,363.11,UPI,Shared,8.211,3.05
RIDE004446,Private,2025-03-14 19:14,2025-03-14 20:13,OMR Sholinganallur,Mahindra City,62.27,1,,675.93,Cash,Standard,11.956,0.0
RIDE004447,Private,2025-01-23 07:47,2025-01-23 08:37,Mylapore,Singaperumal Koil,50.97,1,,536.39,Cash,Standard,9.786,0.0
RIDE004448,Private,2025-01-23 02:50,2025-01-23 03:38,Anna Nagar,Mahindra City,41.63,1,,435.85,Cash,Standard,7.993,0.0
RIDE004449,Private,2025-01-02 01:43,2025-01-02 02:28,Adyar,SRM University,49.26,1,,538.94,Wallet,Standard,9.458,0.0
RIDE004450,Carpool,2025-01-29 22:41,2025-01-29 23:33,Guindy,Singaperumal Koil,47.52,3,2.9,335.57,UPI,Shared,6.653,2.471
RIDE004451,Carpool,2025-03-19 03:11,2025-03-19 03:56,Tambaram,Chengalpattu Town,36.57,4,3.6,268.05,Card,Shared,5.12,1.901
RIDE004452,Private,2025-02-21 10:44,2025-02-21 11:55,Mylapore,Chengalpattu Bus Stand,62.97,1,,685.14,Card,Standard,12.09,0.0
RIDE004453,Private,2025-01-06 22:07,2025-01-06 22:49,Pallavaram,SRM University,35.26,1,,384.21,Cash,Standard,6.77,0.0
RIDE004454,Carpool,2025-01-07 14:25,2025-01-07 15:12,Velachery,Chengalpattu Bus Stand,38.56,4,3.7,265.95,Card,Shared,5.398,2.006
RIDE004455,Carpool,2025-01-03 08:38,2025-01-03 09:26,Pallavaram,Mahindra City,41.63,4,3.8,320.01,Cash,Shared,5.828,2.165
RIDE004456,Private,2025-01-18 16:19,2025-01-18 17:23,Guindy,Mahindra City,63.64,1,,575.6,Cash,Standard,12.219,0.0
RIDE004457,Private,2025-03-27 20:42,2025-03-27 21:47,Velachery,Chengalpattu Bus Stand,58.71,1,,671.55,Wallet,Standard,11.272,0.0
RIDE004458,Private,2025-02-18 00:19,2025-02-18 01:24,Velachery,Mahindra City,61.87,1,,596.92,UPI,Standard,11.879,0.0
RIDE004459,Carpool,2025-04-08 15:47,2025-04-08 17:03,OMR Sholinganallur,Chengalpattu Town,63.89,4,3.9,457.71,UPI,Shared,8.945,3.322
RIDE004460,Private,2025-02-18 13:23,2025-02-18 14:36,Chromepet,Chengalpattu Bus Stand,63.99,1,,733.52,Card,Standard,12.286,0.0
RIDE004461,Private,2025-01-22 18:16,2025-01-22 18:50,OMR Sholinganallur,SRM University,31.87,1,,332.37,Wallet,Standard,6.119,0.0
RIDE004462,Carpool,2025-03-08 06:12,2025-03-08 06:53,Guindy,Chengalpattu Town,36.08,4,3.5,250.55,UPI,Shared,5.051,1.876
RIDE004463,Private,2025-02-01 06:30,2025-02-01 07:27,Anna Nagar,Chengalpattu Bus Stand,61.12,1,,702.16,Cash,Standard,11.735,0.0
RIDE004464,Private,2025-04-18 21:31,2025-04-18 22:27,Tambaram,Chengalpattu Bus Stand,53.3,1,,559.33,Wallet,Standard,10.234,0.0
RIDE004465,Carpool,2025-02-10 21:15,2025-02-10 21:58,Mylapore,Singaperumal Koil,46.03,4,3.5,329.8,Cash,Shared,6.444,2.394
RIDE004466,Carpool,2025-03-10 20:29,2025-03-10 21:08,Anna Nagar,Chengalpattu Town,35.55,2,1.5,228.16,UPI,Shared,4.977,1.849
RIDE004467,Private,2025-03-02 22:51,2025-03-02 23:39,Mylapore,Mahindra City,52.65,1,,546.02,Wallet,Standard,10.109,0.0
RIDE004468,Carpool,2025-04-02 13:35,2025-04-02 14:50,Velachery,SRM University,62.65,3,2.7,486.69,Card,Shared,8.771,3.258
RIDE004469,Carpool,2025-02-08 11:49,2025-02-08 12:56,Pallavaram,Chengalpattu Bus Stand,61.4,3,2.8,407.62,Cash,Shared,8.596,3.193
RIDE004470,Carpool,2025-02-26 14:20,2025-02-26 14:58,Tambaram,Chengalpattu Town,36.0,2,1.8,264.02,UPI,Shared,5.04,1.872
RIDE004471,Carpool,2025-03-25 07:18,2025-03-25 07:54,Chromepet,SRM University,33.65,4,3.5,260.44,Card,Shared,4.711,1.75
RIDE004472,Carpool,2025-04-01 17:41,2025-04-01 18:39,Adyar,Chengalpattu Town,60.71,2,2.0,397.42,Wallet,Shared,8.499,3.157
RIDE004473,Private,2025-01-19 10:04,2025-01-19 10:59,Pallavaram,Singaperumal Koil,61.08,1,,651.16,UPI,Standard,11.727,0.0
RIDE004474,Private,2025-02-05 12:09,2025-02-05 12:51,Chromepet,SRM University,34.53,1,,313.09,Wallet,Standard,6.63,0.0
RIDE004475,Private,2025-01-17 04:33,2025-01-17 05:16,OMR Sholinganallur,SRM University,48.19,1,,453.47,Card,Standard,9.252,0.0
RIDE004476,Private,2025-01-05 07:11,2025-01-05 08:21,Chromepet,Chengalpattu Bus Stand,64.58,1,,601.05,Wallet,Standard,12.399,0.0
RIDE004477,Carpool,2025-01-21 16:03,2025-01-21 17:05,OMR Sholinganallur,Chengalpattu Town,59.55,4,3.7,420.97,Cash,Shared,8.337,3.097
RIDE004478,Private,2025-01-13 00:07,2025-01-13 01:15,Velachery,Mahindra City,56.08,1,,590.66,Wallet,Standard,10.767,0.0
RIDE004479,Carpool,2025-03-13 02:17,2025-03-13 02:51,OMR Sholinganallur,SRM University,38.48,3,2.6,240.55,Cash,Shared,5.387,2.001
RIDE004480,Private,2025-03-01 08:29,2025-03-01 09:08,Tambaram,Chengalpattu Bus Stand,35.51,1,,399.92,Wallet,Standard,6.818,0.0
RIDE004481,Private,2025-03-30 00:55,2025-03-30 01:25,Guindy,Chengalpattu Town,32.5,1,,352.79,Cash,Standard,6.24,0.0
RIDE004482,Carpool,2025-04-19 12:18,2025-04-19 13:01,OMR Sholinganallur,SRM University,40.86,3,2.6,265.41,Card,Shared,5.72,2.125
RIDE004483,Private,2025-02-05 21:53,2025-02-05 22:35,Velachery,SRM University,35.85,1,,370.86,UPI,Standard,6.883,0.0
RIDE004484,Carpool,2025-02-27 14:34,2025-02-27 15:33,Velachery,Mahindra City,55.81,3,2.6,356.25,UPI,Shared,7.813,2.903
RIDE004485,Private,2025-03-30 08:15,2025-03-30 09:24,Tambaram,SRM University,60.54,1,,650.16,Wallet,Standard,11.624,0.0
RIDE004486,Private,2025-04-30 07:45,2025-04-30 08:27,Chromepet,SRM University,37.09,1,,389.69,Wallet,Standard,7.121,0.0
RIDE004487,Carpool,2025-01-28 11:24,2025-01-28 11:59,Velachery,Singaperumal Koil,34.27,3,2.9,221.68,Cash,Shared,4.798,1.782
RIDE004488,Carpool,2025-02-07 00:01,2025-02-07 00:41,Velachery,Chengalpattu Bus Stand,35.9,3,2.5,263.78,Wallet,Shared,5.026,1.867
RIDE004489,Private,2025-02-20 18:10,2025-02-20 18:45,Tambaram,Chengalpattu Bus Stand,32.54,1,,306.71,Card,Standard,6.248,0.0
RIDE004490,Private,2025-01-09 00:19,2025-01-09 00:56,Pallavaram,Chengalpattu Bus Stand,40.74,1,,453.23,Wallet,Standard,7.822,0.0
RIDE004491,Private,2025-01-17 06:53,2025-01-17 07:24,Velachery,Mahindra City,32.56,1,,337.57,Cash,Standard,6.252,0.0
RIDE004492,Carpool,2025-01-01 10:13,2025-01-01 10:57,Mylapore,Mahindra City,38.48,2,2.0,259.05,Wallet,Shared,5.387,2.001
RIDE004493,Private,2025-04-01 16:06,2025-04-01 17:11,Guindy,Chengalpattu Bus Stand,63.77,1,,607.92,Wallet,Standard,12.244,0.0
RIDE004494,Carpool,2025-01-17 17:44,2025-01-17 18:55,Guindy,SRM University,63.23,2,1.6,413.82,Card,Shared,8.852,3.288
RIDE004495,Carpool,2025-01-20 15:38,2025-01-20 16:31,Guindy,Mahindra City,52.26,4,3.7,314.39,Card,Shared,7.316,2.718
RIDE004496,Carpool,2025-02-02 07:35,2025-02-02 08:13,Pallavaram,Mahindra City,35.35,4,3.5,216.98,Card,Shared,4.949,1.838
RIDE004497,Carpool,2025-02-10 00:13,2025-02-10 00:56,Velachery,SRM University,37.72,2,2.0,232.4,UPI,Shared,5.281,1.961
RIDE004498,Carpool,2025-03-08 03:45,2025-03-08 04:45,T Nagar,Chengalpattu Town,59.54,3,2.9,383.38,Card,Shared,8.336,3.096
RIDE004499,Private,2025-03-30 03:24,2025-03-30 04:25,Chromepet,Chengalpattu Town,53.02,1,,566.53,UPI,Standard,10.18,0.0
RIDE004500,Carpool,2025-02-07 00:29,2025-02-07 01:26,Velachery,Singaperumal Koil,48.38,4,3.8,341.87,Wallet,Shared,6.773,2.516
RIDE004501,Private,2025-03-28 09:23,2025-03-28 10:00,Adyar,Chengalpattu Bus Stand,32.73,1,,332.17,Card,Standard,6.284,0.0
RIDE004502,Private,2025-04-03 03:19,2025-04-03 04:04,Adyar,SRM University,37.28,1,,368.04,Cash,Standard,7.158,0.0
RIDE004503,Carpool,2025-01-29 18:08,2025-01-29 19:06,Perungudi,Singaperumal Koil,64.26,2,1.6,434.81,Cash,Shared,8.996,3.342
RIDE004504,Private,2025-02-04 20:53,2025-02-04 21:45,Guindy,Singaperumal Koil,43.02,1,,428.98,Cash,Standard,8.26,0.0
RIDE004505,Private,2025-01-29 00:03,2025-01-29 00:57,Chromepet,Chengalpattu Bus Stand,57.03,1,,616.34,Card,Standard,10.95,0.0
RIDE004506,Private,2025-02-28 22:16,2025-02-28 22:54,Chromepet,SRM University,37.99,1,,415.13,Card,Standard,7.294,0.0
RIDE004507,Carpool,2025-03-25 00:31,2025-03-25 01:27,OMR Sholinganallur,SRM University,47.54,3,2.6,325.67,Card,Shared,6.656,2.472
RIDE004508,Private,2025-03-10 19:36,2025-03-10 20:32,Adyar,Chengalpattu Bus Stand,50.16,1,,492.66,Card,Standard,9.631,0.0
RIDE004509,Private,2025-02-27 23:22,2025-02-27 23:59,T Nagar,Singaperumal Koil,38.04,1,,375.26,Card,Standard,7.304,0.0
RIDE004510,Private,2025-04-05 09:08,2025-04-05 10:03,Mylapore,Mahindra City,48.77,1,,502.06,UPI,Standard,9.364,0.0
RIDE004511,Carpool,2025-04-12 17:38,2025-04-12 18:24,Perungudi,Chengalpattu Bus Stand,51.06,4,3.9,369.71,UPI,Shared,7.148,2.656
RIDE004512,Private,2025-02-15 22:28,2025-02-15 23:05,Tambaram,Chengalpattu Bus Stand,33.54,1,,335.56,Wallet,Standard,6.44,0.0
RIDE004513,Private,2025-04-14 00:06,2025-04-14 00:54,OMR Sholinganallur,Mahindra City,50.87,1,,517.8,Cash,Standard,9.767,0.0
RIDE004514,Private,2025-03-12 11:56,2025-03-12 12:49,T Nagar,Chengalpattu Bus Stand,58.02,1,,553.57,Card,Standard,11.14,0.0
RIDE004515,Private,2025-01-09 14:23,2025-01-09 14:59,Pallavaram,Chengalpattu Town,31.71,1,,306.38,Wallet,Standard,6.088,0.0
RIDE004516,Carpool,2025-01-19 11:45,2025-01-19 12:50,Perungudi,Mahindra City,64.3,2,1.9,441.68,Card,Shared,9.002,3.344
RIDE004517,Private,2025-01-13 09:00,2025-01-13 10:03,T Nagar,Singaperumal Koil,60.28,1,,599.21,UPI,Standard,11.574,0.0
RIDE004518,Carpool,2025-01-08 05:23,2025-01-08 06:10,Velachery,Singaperumal Koil,50.22,4,3.7,390.3,Cash,Shared,7.031,2.611
RIDE004519,Private,2025-02-12 19:59,2025-02-12 20:51,Tambaram,Chengalpattu Bus Stand,51.6,1,,574.27,Cash,Standard,9.907,0.0
RIDE004520,Carpool,2025-01-10 12:48,2025-01-10 13:30,Anna Nagar,Singaperumal Koil,44.93,3,2.6,284.8,Cash,Shared,6.29,2.337
RIDE004521,Carpool,2025-04-21 21:16,2025-04-21 22:07,Velachery,Chengalpattu Bus Stand,43.74,2,1.6,297.69,Wallet,Shared,6.124,2.274
RIDE004522,Private,2025-02-20 08:04,2025-02-20 09:04,Chromepet,Chengalpattu Bus Stand,62.71,1,,637.68,Wallet,Standard,12.04,0.0
RIDE004523,Carpool,2025-02-28 20:16,2025-02-28 21:04,Guindy,Chengalpattu Bus Stand,45.93,4,3.8,302.96,Cash,Shared,6.43,2.389
RIDE004524,Carpool,2025-02-08 17:11,2025-02-08 18:04,Velachery,SRM University,52.52,3,2.7,364.03,Cash,Shared,7.353,2.731
RIDE004525,Private,2025-04-17 00:34,2025-04-17 01:05,Velachery,SRM University,30.57,1,,342.61,Card,Standard,5.869,0.0
RIDE004526,Private,2025-03-09 11:52,2025-03-09 12:25,Guindy,SRM University,31.76,1,,338.95,Cash,Standard,6.098,0.0
RIDE004527,Carpool,2025-01-14 10:52,2025-01-14 11:40,OMR Sholinganallur,Chengalpattu Bus Stand,44.45,3,2.8,334.25,UPI,Shared,6.223,2.311
RIDE004528,Carpool,2025-02-03 00:15,2025-02-03 01:07,Chromepet,Mahindra City,45.66,2,1.9,288.58,UPI,Shared,6.392,2.375
RIDE004529,Carpool,2025-01-31 15:16,2025-01-31 16:10,T Nagar,Chengalpattu Town,55.67,4,3.6,426.29,Wallet,Shared,7.794,2.895
RIDE004530,Private,2025-04-08 03:50,2025-04-08 04:42,Mylapore,SRM University,56.74,1,,577.59,UPI,Standard,10.894,0.0
RIDE004531,Private,2025-04-12 12:09,2025-04-12 12:48,Mylapore,SRM University,39.01,1,,421.18,UPI,Standard,7.49,0.0
RIDE004532,Private,2025-03-09 07:01,2025-03-09 07:33,Guindy,Chengalpattu Bus Stand,33.4,1,,363.91,Wallet,Standard,6.413,0.0
RIDE004533,Carpool,2025-01-30 21:28,2025-01-30 22:21,Perungudi,Chengalpattu Bus Stand,51.78,4,3.6,397.16,Card,Shared,7.249,2.693
RIDE004534,Private,2025-01-15 01:48,2025-01-15 02:18,Guindy,Mahindra City,32.13,1,,337.44,Wallet,Standard,6.169,0.0
RIDE004535,Private,2025-02-27 07:36,2025-02-27 08:18,Anna Nagar,SRM University,45.42,1,,515.74,Wallet,Standard,8.721,0.0
RIDE004536,Carpool,2025-03-05 05:08,2025-03-05 05:53,Tambaram,Singaperumal Koil,40.45,2,1.6,281.54,Card,Shared,5.663,2.103
RIDE004537,Carpool,2025-02-22 02:54,2025-02-22 03:57,Perungudi,Chengalpattu Bus Stand,54.87,2,1.5,330.33,Cash,Shared,7.682,2.853
RIDE004538,Private,2025-04-27 17:30,2025-04-27 18:01,Mylapore,Chengalpattu Bus Stand,30.31,1,,273.9,Cash,Standard,5.82,0.0
RIDE004539,Private,2025-02-07 01:50,2025-02-07 02:31,Velachery,Chengalpattu Town,37.0,1,,386.55,Wallet,Standard,7.104,0.0
RIDE004540,Carpool,2025-03-08 19:16,2025-03-08 20:18,Chromepet,Mahindra City,63.87,2,1.4,491.94,Cash,Shared,8.942,3.321
RIDE004541,Carpool,2025-04-11 10:32,2025-04-11 11:31,T Nagar,Mahindra City,62.16,4,3.4,440.43,Wallet,Shared,8.702,3.233
RIDE004542,Carpool,2025-04-01 17:58,2025-04-01 18:52,Tambaram,Chengalpattu Town,48.3,2,1.4,343.85,Wallet,Shared,6.762,2.512
RIDE004543,Carpool,2025-01-01 16:12,2025-01-01 17:00,Velachery,Mahindra City,44.28,2,1.5,292.46,Card,Shared,6.199,2.303
RIDE004544,Private,2025-01-25 23:19,2025-01-26 00:12,Mylapore,Chengalpattu Bus Stand,51.76,1,,497.13,Wallet,Standard,9.938,0.0
RIDE004545,Private,2025-01-19 02:29,2025-01-19 03:10,T Nagar,Chengalpattu Town,40.85,1,,442.14,Cash,Standard,7.843,0.0
RIDE004546,Carpool,2025-01-18 07:45,2025-01-18 08:52,Perungudi,Singaperumal Koil,56.1,3,2.8,375.6,Cash,Shared,7.854,2.917
RIDE004547,Private,2025-01-18 06:37,2025-01-18 07:09,OMR Sholinganallur,Chengalpattu Bus Stand,30.01,1,,327.97,Wallet,Standard,5.762,0.0
RIDE004548,Carpool,2025-01-05 17:28,2025-01-05 18:22,Mylapore,Chengalpattu Town,50.25,3,2.7,382.05,Cash,Shared,7.035,2.613
RIDE004549,Carpool,2025-01-19 22:24,2025-01-19 23:27,Perungudi,Singaperumal Koil,55.52,3,2.9,380.81,Card,Shared,7.773,2.887
RIDE004550,Private,2025-03-12 07:44,2025-03-12 08:17,Adyar,Mahindra City,35.7,1,,345.99,UPI,Standard,6.854,0.0
RIDE004551,Carpool,2025-03-05 21:02,2025-03-05 22:08,T Nagar,Chengalpattu Town,55.04,2,1.5,364.93,Wallet,Shared,7.706,2.862
RIDE004552,Carpool,2025-01-13 23:25,2025-01-14 00:10,Chromepet,SRM University,39.82,4,3.8,274.04,Wallet,Shared,5.575,2.07
RIDE004553,Carpool,2025-03-09 16:07,2025-03-09 17:18,Chromepet,SRM University,57.7,3,2.8,447.78,Cash,Shared,8.078,3.0
RIDE004554,Carpool,2025-04-23 23:09,2025-04-24 00:10,OMR Sholinganallur,SRM University,58.28,3,2.8,363.0,Card,Shared,8.159,3.031
RIDE004555,Private,2025-01-05 12:25,2025-01-05 13:18,Pallavaram,Chengalpattu Bus Stand,54.82,1,,587.05,UPI,Standard,10.525,0.0
RIDE004556,Private,2025-04-10 20:45,2025-04-10 21:40,Perungudi,Chengalpattu Town,45.39,1,,431.64,UPI,Standard,8.715,0.0
RIDE004557,Carpool,2025-02-13 05:56,2025-02-13 06:32,Pallavaram,Chengalpattu Bus Stand,36.3,2,1.6,255.66,Cash,Shared,5.082,1.888
RIDE004558,Carpool,2025-02-16 07:05,2025-02-16 07:43,Perungudi,Mahindra City,31.79,4,3.6,205.31,Wallet,Shared,4.451,1.653
RIDE004559,Private,2025-03-05 08:13,2025-03-05 09:07,Tambaram,Chengalpattu Bus Stand,51.92,1,,565.24,UPI,Standard,9.969,0.0
RIDE004560,Carpool,2025-04-08 10:51,2025-04-08 11:21,Adyar,Mahindra City,31.7,3,2.8,207.6,Card,Shared,4.438,1.648
RIDE004561,Private,2025-01-14 12:18,2025-01-14 12:54,Guindy,Chengalpattu Bus Stand,32.49,1,,325.35,Card,Standard,6.238,0.0
RIDE004562,Private,2025-03-08 20:13,2025-03-08 20:51,Perungudi,Mahindra City,36.18,1,,329.23,UPI,Standard,6.947,0.0
RIDE004563,Private,2025-01-28 03:13,2025-01-28 04:04,Mylapore,Mahindra City,53.52,1,,484.12,Wallet,Standard,10.276,0.0
RIDE004564,Private,2025-02-03 18:44,2025-02-03 19:43,Guindy,SRM University,54.96,1,,609.63,Card,Standard,10.552,0.0
RIDE004565,Private,2025-04-30 23:16,2025-05-01 00:26,OMR Sholinganallur,Chengalpattu Bus Stand,61.23,1,,653.53,UPI,Standard,11.756,0.0
RIDE004566,Carpool,2025-01-24 19:55,2025-01-24 20:31,Tambaram,Chengalpattu Town,33.79,4,3.9,218.94,Card,Shared,4.731,1.757
RIDE004567,Carpool,2025-01-08 11:51,2025-01-08 12:40,Adyar,Chengalpattu Town,40.89,4,3.4,317.26,UPI,Shared,5.725,2.126
RIDE004568,Private,2025-02-19 11:18,2025-02-19 12:01,Mylapore,Singaperumal Koil,36.01,1,,345.73,Card,Standard,6.914,0.0
RIDE004569,Carpool,2025-02-17 00:19,2025-02-17 01:24,Guindy,Chengalpattu Town,55.69,2,1.7,381.5,Wallet,Shared,7.797,2.895
RIDE004570,Carpool,2025-04-08 17:36,2025-04-08 18:20,Mylapore,Chengalpattu Bus Stand,47.99,4,4.0,293.71,UPI,Shared,6.719,2.495
RIDE004571,Carpool,2025-04-04 02:55,2025-04-04 03:26,T Nagar,Singaperumal Koil,32.92,4,3.5,203.06,Cash,Shared,4.609,1.712
RIDE004572,Carpool,2025-03-19 21:46,2025-03-19 22:28,Tambaram,Singaperumal Koil,40.86,3,2.8,259.6,UPI,Shared,5.72,2.125
RIDE004573,Carpool,2025-02-06 19:53,2025-02-06 20:57,T Nagar,Singaperumal Koil,52.23,4,3.7,327.79,Card,Shared,7.312,2.716
RIDE004574,Private,2025-04-13 03:43,2025-04-13 04:40,Chromepet,Mahindra City,49.87,1,,549.22,Wallet,Standard,9.575,0.0
RIDE004575,Carpool,2025-03-24 08:49,2025-03-24 09:26,Chromepet,Singaperumal Koil,34.39,3,3.0,210.47,UPI,Shared,4.815,1.788
RIDE004576,Private,2025-04-11 01:12,2025-04-11 02:06,Guindy,Mahindra City,44.13,1,,437.79,Cash,Standard,8.473,0.0
RIDE004577,Private,2025-04-13 12:23,2025-04-13 13:05,Pallavaram,Mahindra City,40.42,1,,436.94,UPI,Standard,7.761,0.0
RIDE004578,Private,2025-02-11 09:37,2025-02-11 10:14,Velachery,Mahindra City,35.64,1,,391.65,UPI,Standard,6.843,0.0
RIDE004579,Carpool,2025-03-15 18:09,2025-03-15 18:39,T Nagar,Singaperumal Koil,33.45,3,2.7,230.56,UPI,Shared,4.683,1.739
RIDE004580,Carpool,2025-02-24 02:04,2025-02-24 03:05,Tambaram,Singaperumal Koil,53.68,4,3.7,336.98,Wallet,Shared,7.515,2.792
RIDE004581,Private,2025-04-02 12:50,2025-04-02 13:37,Anna Nagar,Chengalpattu Bus Stand,39.56,1,,416.5,Card,Standard,7.596,0.0
RIDE004582,Carpool,2025-01-15 20:42,2025-01-15 21:46,Guindy,Chengalpattu Town,52.46,3,2.8,397.5,Wallet,Shared,7.344,2.728
RIDE004583,Carpool,2025-04-10 18:14,2025-04-10 19:30,Guindy,Singaperumal Koil,64.19,3,2.7,467.1,Wallet,Shared,8.987,3.337
RIDE004584,Carpool,2025-03-23 08:24,2025-03-23 08:59,Velachery,Mahindra City,33.69,3,2.6,208.54,Cash,Shared,4.717,1.751
RIDE004585,Carpool,2025-04-18 11:40,2025-04-18 12:21,Mylapore,Chengalpattu Bus Stand,36.41,2,1.5,239.92,Cash,Shared,5.097,1.894
RIDE004586,Private,2025-04-11 19:56,2025-04-11 20:35,Guindy,Mahindra City,42.31,1,,483.54,UPI,Standard,8.124,0.0
RIDE004587,Carpool,2025-01-06 15:37,2025-01-06 16:36,Tambaram,Chengalpattu Bus Stand,51.27,3,2.8,351.6,Cash,Shared,7.178,2.666
RIDE004588,Carpool,2025-01-24 05:32,2025-01-24 06:31,T Nagar,Chengalpattu Town,60.76,4,3.9,422.66,UPI,Shared,8.506,3.16
RIDE004589,Private,2025-03-30 22:06,2025-03-30 23:04,Guindy,Mahindra City,50.05,1,,531.46,Wallet,Standard,9.61,0.0
RIDE004590,Carpool,2025-03-08 01:46,2025-03-08 02:43,Mylapore,Singaperumal Koil,57.55,4,3.6,407.87,UPI,Shared,8.057,2.993
RIDE004591,Private,2025-03-12 09:39,2025-03-12 10:21,Velachery,SRM University,47.21,1,,534.55,Wallet,Standard,9.064,0.0
RIDE004592,Carpool,2025-02-14 19:35,2025-02-14 20:29,Pallavaram,Chengalpattu Bus Stand,52.87,4,3.9,388.18,Cash,Shared,7.402,2.749
RIDE004593,Private,2025-02-28 10:20,2025-02-28 11:02,Mylapore,Chengalpattu Town,44.1,1,,436.51,Card,Standard,8.467,0.0
RIDE004594,Private,2025-03-15 06:50,2025-03-15 07:51,Chromepet,SRM University,63.78,1,,578.17,UPI,Standard,12.246,0.0
RIDE004595,Private,2025-03-18 22:12,2025-03-18 23:03,Velachery,Chengalpattu Town,49.2,1,,506.72,UPI,Standard,9.446,0.0
RIDE004596,Private,2025-04-27 09:55,2025-04-27 10:52,Perungudi,Chengalpattu Town,48.32,1,,522.97,Card,Standard,9.277,0.0
RIDE004597,Carpool,2025-01-23 22:45,2025-01-23 23:41,Tambaram,Chengalpattu Bus Stand,51.41,3,2.4,322.96,Cash,Shared,7.197,2.674
RIDE004598,Private,2025-03-23 22:57,2025-03-23 23:42,T Nagar,Singaperumal Koil,48.39,1,,472.85,Cash,Standard,9.291,0.0
RIDE004599,Carpool,2025-02-25 23:04,2025-02-26 00:21,Mylapore,Singaperumal Koil,62.24,3,2.8,441.2,Card,Shared,8.714,3.236
RIDE004600,Private,2025-02-03 14:38,2025-02-03 15:35,Adyar,Chengalpattu Bus Stand,56.65,1,,615.08,Card,Standard,10.877,0.0
RIDE004601,Private,2025-03-07 19:02,2025-03-07 20:03,Perungudi,Singaperumal Koil,54.57,1,,611.81,UPI,Standard,10.477,0.0
RIDE004602,Private,2025-03-14 15:48,2025-03-14 16:50,Mylapore,Singaperumal Koil,53.28,1,,537.63,Cash,Standard,10.23,0.0
RIDE004603,Carpool,2025-04-20 10:30,2025-04-20 11:08,Velachery,Chengalpattu Bus Stand,32.8,2,1.4,248.65,UPI,Shared,4.592,1.706
RIDE004604,Carpool,2025-02-08 17:11,2025-02-08 17:53,Velachery,Chengalpattu Bus Stand,45.61,4,3.8,297.11,UPI,Shared,6.385,2.372
RIDE004605,Private,2025-02-02 23:45,2025-02-03 00:48,Perungudi,Mahindra City,51.45,1,,484.86,UPI,Standard,9.878,0.0
RIDE004606,Private,2025-01-08 07:50,2025-01-08 08:32,Adyar,Singaperumal Koil,36.88,1,,351.18,Wallet,Standard,7.081,0.0
RIDE004607,Carpool,2025-02-07 17:45,2025-02-07 18:29,T Nagar,Chengalpattu Town,48.44,4,3.9,360.07,Cash,Shared,6.782,2.518
RIDE004608,Carpool,2025-01-09 05:07,2025-01-09 05:49,Perungudi,Chengalpattu Bus Stand,43.75,4,3.7,322.05,Cash,Shared,6.125,2.275
RIDE004609,Private,2025-04-05 18:48,2025-04-05 19:34,Perungudi,Chengalpattu Town,51.28,1,,545.42,Wallet,Standard,9.846,0.0
RIDE004610,Carpool,2025-01-14 20:15,2025-01-14 21:18,Adyar,Chengalpattu Bus Stand,55.91,2,1.6,374.27,Wallet,Shared,7.827,2.908
RIDE004611,Private,2025-01-07 13:08,2025-01-07 14:03,Chromepet,Mahindra City,52.3,1,,507.07,Card,Standard,10.042,0.0
RIDE004612,Carpool,2025-04-19 21:36,2025-04-19 22:43,OMR Sholinganallur,SRM University,64.82,3,2.6,429.42,UPI,Shared,9.075,3.37
RIDE004613,Carpool,2025-04-06 07:55,2025-04-06 08:43,Pallavaram,Chengalpattu Bus Stand,47.65,2,1.7,322.99,Wallet,Shared,6.671,2.478
RIDE004614,Private,2025-01-15 02:50,2025-01-15 04:05,Anna Nagar,Singaperumal Koil,62.46,1,,587.23,UPI,Standard,11.992,0.0
RIDE004615,Carpool,2025-02-20 03:16,2025-02-20 04:18,T Nagar,SRM University,57.35,2,1.8,391.0,Wallet,Shared,8.029,2.982
RIDE004616,Carpool,2025-02-16 09:19,2025-02-16 10:20,Chromepet,SRM University,55.56,3,2.4,420.89,UPI,Shared,7.778,2.89
RIDE004617,Private,2025-04-27 00:01,2025-04-27 01:11,OMR Sholinganallur,Singaperumal Koil,58.21,1,,634.99,Cash,Standard,11.176,0.0
RIDE004618,Private,2025-02-09 07:16,2025-02-09 07:59,Pallavaram,Chengalpattu Town,43.37,1,,461.05,Card,Standard,8.327,0.0
RIDE004619,Private,2025-02-03 06:17,2025-02-03 07:08,Anna Nagar,Singaperumal Koil,51.38,1,,484.49,Card,Standard,9.865,0.0
RIDE004620,Private,2025-02-05 13:17,2025-02-05 13:51,T Nagar,Mahindra City,34.68,1,,371.15,UPI,Standard,6.659,0.0
RIDE004621,Private,2025-02-23 22:34,2025-02-23 23:19,Anna Nagar,Mahindra City,40.32,1,,407.37,Wallet,Standard,7.741,0.0
RIDE004622,Private,2025-03-31 12:56,2025-03-31 13:59,T Nagar,Singaperumal Koil,62.05,1,,578.57,Card,Standard,11.914,0.0
RIDE004623,Carpool,2025-02-28 22:30,2025-02-28 23:21,Chromepet,Chengalpattu Town,51.01,3,2.7,394.32,Wallet,Shared,7.141,2.653
RIDE004624,Private,2025-02-22 10:15,2025-02-22 10:47,Pallavaram,Chengalpattu Town,31.98,1,,339.34,Cash,Standard,6.14,0.0
RIDE004625,Private,2025-03-21 04:19,2025-03-21 05:21,OMR Sholinganallur,Chengalpattu Bus Stand,60.08,1,,582.76,Wallet,Standard,11.535,0.0
RIDE004626,Carpool,2025-01-26 06:46,2025-01-26 08:00,Adyar,SRM University,63.17,3,2.7,427.6,Card,Shared,8.844,3.285
RIDE004627,Private,2025-01-15 18:29,2025-01-15 19:35,Guindy,Mahindra City,54.76,1,,547.17,Wallet,Standard,10.514,0.0
RIDE004628,Carpool,2025-02-12 21:29,2025-02-12 22:40,Guindy,Mahindra City,62.75,2,1.8,466.74,UPI,Shared,8.785,3.263
RIDE004629,Carpool,2025-03-04 09:34,2025-03-04 10:43,Chromepet,SRM University,57.84,3,2.8,366.4,Cash,Shared,8.098,3.007
RIDE004630,Carpool,2025-04-25 08:05,2025-04-25 08:47,Adyar,SRM University,41.44,3,2.8,303.61,UPI,Shared,5.802,2.154
RIDE004631,Carpool,2025-03-25 18:31,2025-03-25 19:24,Adyar,Mahindra City,58.87,3,2.9,382.48,Cash,Shared,8.242,3.061
RIDE004632,Private,2025-02-09 11:39,2025-02-09 12:18,T Nagar,Mahindra City,37.45,1,,362.07,Card,Standard,7.19,0.0
RIDE004633,Private,2025-01-29 13:27,2025-01-29 14:02,Adyar,SRM University,33.95,1,,312.47,Cash,Standard,6.518,0.0
RIDE004634,Carpool,2025-01-23 15:52,2025-01-23 16:28,Anna Nagar,SRM University,33.57,2,1.8,228.42,Wallet,Shared,4.7,1.745
RIDE004635,Carpool,2025-04-30 12:13,2025-04-30 13:07,Adyar,SRM University,45.82,3,2.8,276.79,Wallet,Shared,6.415,2.382
RIDE004636,Private,2025-03-21 08:16,2025-03-21 09:16,Mylapore,Singaperumal Koil,53.8,1,,521.72,Cash,Standard,10.33,0.0
RIDE004637,Carpool,2025-04-06 01:44,2025-04-06 02:30,Tambaram,SRM University,48.61,4,3.8,303.19,Card,Shared,6.805,2.528
RIDE004638,Carpool,2025-03-10 17:21,2025-03-10 18:01,Guindy,Chengalpattu Bus Stand,36.74,4,3.8,221.62,Card,Shared,5.144,1.91
RIDE004639,Private,2025-01-20 08:26,2025-01-20 09:35,Chromepet,Mahindra City,57.02,1,,617.49,Cash,Standard,10.948,0.0
RIDE004640,Carpool,2025-04-20 02:13,2025-04-20 03:16,Guindy,Singaperumal Koil,56.89,4,3.5,410.94,Cash,Shared,7.965,2.958
RIDE004641,Carpool,2025-01-26 19:54,2025-01-26 20:31,Velachery,SRM University,34.78,3,3.0,266.33,Card,Shared,4.869,1.809
RIDE004642,Private,2025-01-13 14:39,2025-01-13 15:38,OMR Sholinganallur,Mahindra City,49.33,1,,522.92,Card,Standard,9.471,0.0
RIDE004643,Carpool,2025-03-04 17:03,2025-03-04 17:50,Pallavaram,Singaperumal Koil,44.11,4,4.0,311.64,Wallet,Shared,6.175,2.294
RIDE004644,Private,2025-01-19 09:34,2025-01-19 10:31,OMR Sholinganallur,SRM University,57.42,1,,569.23,UPI,Standard,11.025,0.0
RIDE004645,Private,2025-03-17 16:11,2025-03-17 16:42,Guindy,Chengalpattu Bus Stand,34.19,1,,391.92,Card,Standard,6.564,0.0
RIDE004646,Carpool,2025-03-24 01:43,2025-03-24 02:19,OMR Sholinganallur,Mahindra City,30.21,4,3.5,217.85,Card,Shared,4.229,1.571
RIDE004647,Private,2025-04-29 14:45,2025-04-29 15:30,T Nagar,Mahindra City,44.35,1,,441.69,Wallet,Standard,8.515,0.0
RIDE004648,Carpool,2025-01-21 10:13,2025-01-21 11:20,Anna Nagar,Mahindra City,55.48,3,2.7,404.56,UPI,Shared,7.767,2.885
RIDE004649,Carpool,2025-03-15 01:05,2025-03-15 02:22,Adyar,Mahindra City,62.75,2,1.9,386.53,UPI,Shared,8.785,3.263
RIDE004650,Carpool,2025-01-01 20:25,2025-01-01 21:24,Perungudi,Chengalpattu Bus Stand,58.65,3,2.7,427.08,Cash,Shared,8.211,3.05
RIDE004651,Carpool,2025-01-06 21:05,2025-01-06 21:38,Mylapore,Singaperumal Koil,35.85,4,3.6,240.81,Cash,Shared,5.019,1.864
RIDE004652,Carpool,2025-03-11 22:44,2025-03-11 23:40,Adyar,Chengalpattu Town,51.38,4,3.6,321.72,Card,Shared,7.193,2.672
RIDE004653,Private,2025-04-14 11:34,2025-04-14 12:14,T Nagar,SRM University,36.95,1,,341.89,Wallet,Standard,7.094,0.0
RIDE004654,Private,2025-01-21 14:46,2025-01-21 15:46,Chromepet,Chengalpattu Bus Stand,58.92,1,,629.02,Card,Standard,11.313,0.0
RIDE004655,Carpool,2025-02-13 23:15,2025-02-14 00:09,Tambaram,Singaperumal Koil,59.32,2,1.6,443.2,Wallet,Shared,8.305,3.084
RIDE004656,Carpool,2025-02-14 01:24,2025-02-14 02:05,T Nagar,Singaperumal Koil,42.06,3,2.8,253.75,Card,Shared,5.888,2.188
RIDE004657,Private,2025-03-30 03:39,2025-03-30 04:23,OMR Sholinganallur,Singaperumal Koil,47.21,1,,468.19,UPI,Standard,9.064,0.0
RIDE004658,Private,2025-04-04 19:22,2025-04-04 20:31,Adyar,SRM University,57.43,1,,593.89,Card,Standard,11.027,0.0
RIDE004659,Carpool,2025-04-06 19:22,2025-04-06 20:14,T Nagar,Mahindra City,43.86,3,2.8,319.87,Cash,Shared,6.14,2.281
RIDE004660,Carpool,2025-02-16 16:35,2025-02-16 17:12,Mylapore,Chengalpattu Town,35.19,2,1.5,228.97,UPI,Shared,4.927,1.829
RIDE004661,Carpool,2025-02-22 17:25,2025-02-22 18:16,Chromepet,Chengalpattu Town,55.66,3,2.6,379.77,Cash,Shared,7.792,2.895
RIDE004662,Carpool,2025-04-11 21:14,2025-04-11 22:11,OMR Sholinganallur,SRM University,57.56,4,3.9,357.39,UPI,Shared,8.058,2.994
RIDE004663,Carpool,2025-02-08 12:35,2025-02-08 13:16,Adyar,Mahindra City,33.75,2,1.4,233.6,UPI,Shared,4.725,1.755
RIDE004664,Private,2025-04-26 21:13,2025-04-26 21:56,Chromepet,Mahindra City,43.54,1,,395.06,UPI,Standard,8.36,0.0
RIDE004665,Private,2025-03-19 20:28,2025-03-19 21:20,Tambaram,Mahindra City,49.04,1,,529.97,Wallet,Standard,9.416,0.0
RIDE004666,Carpool,2025-03-04 08:46,2025-03-04 09:28,Guindy,Chengalpattu Bus Stand,39.68,4,3.8,272.23,Card,Shared,5.555,2.064
RIDE004667,Private,2025-04-27 09:59,2025-04-27 10:44,Mylapore,SRM University,41.03,1,,441.25,Wallet,Standard,7.878,0.0
RIDE004668,Carpool,2025-02-13 00:01,2025-02-13 00:59,Pallavaram,Singaperumal Koil,58.41,2,2.0,369.9,Wallet,Shared,8.177,3.038
RIDE004669,Carpool,2025-01-01 16:15,2025-01-01 17:26,Chromepet,Singaperumal Koil,61.48,4,3.7,371.55,Card,Shared,8.607,3.197
RIDE004670,Carpool,2025-03-03 17:55,2025-03-03 18:47,Pallavaram,SRM University,55.74,4,3.7,354.64,UPI,Shared,7.804,2.898
RIDE004671,Carpool,2025-03-31 02:00,2025-03-31 02:36,Perungudi,SRM University,39.15,2,1.8,286.69,Wallet,Shared,5.481,2.036
RIDE004672,Private,2025-02-20 09:05,2025-02-20 09:42,Pallavaram,Singaperumal Koil,34.36,1,,383.61,Card,Standard,6.597,0.0
RIDE004673,Carpool,2025-04-30 02:22,2025-04-30 03:26,Guindy,Singaperumal Koil,52.35,3,2.6,355.01,Card,Shared,7.329,2.722
RIDE004674,Private,2025-01-20 21:08,2025-01-20 21:51,Mylapore,SRM University,35.72,1,,363.63,Card,Standard,6.858,0.0
RIDE004675,Carpool,2025-03-09 22:04,2025-03-09 23:14,Anna Nagar,Chengalpattu Bus Stand,61.68,4,3.6,457.97,Wallet,Shared,8.635,3.208
RIDE004676,Private,2025-04-29 16:12,2025-04-29 17:25,Velachery,Singaperumal Koil,59.23,1,,620.72,UPI,Standard,11.372,0.0
RIDE004677,Private,2025-01-22 15:16,2025-01-22 15:46,Guindy,SRM University,33.38,1,,377.12,Cash,Standard,6.409,0.0
RIDE004678,Private,2025-04-09 10:48,2025-04-09 11:30,Guindy,Chengalpattu Town,43.09,1,,425.52,Cash,Standard,8.273,0.0
RIDE004679,Private,2025-03-29 23:10,2025-03-30 00:01,Velachery,SRM University,44.82,1,,424.18,Card,Standard,8.605,0.0
RIDE004680,Carpool,2025-03-29 06:10,2025-03-29 07:23,T Nagar,Singaperumal Koil,61.06,4,3.9,422.32,Cash,Shared,8.548,3.176
RIDE004681,Carpool,2025-02-28 10:25,2025-02-28 10:59,Mylapore,Mahindra City,32.98,3,2.6,210.6,Wallet,Shared,4.617,1.715
RIDE004682,Private,2025-01-30 06:11,2025-01-30 06:58,Mylapore,Chengalpattu Bus Stand,46.64,1,,512.93,Card,Standard,8.955,0.0
RIDE004683,Carpool,2025-05-01 02:26,2025-05-01 03:25,Adyar,SRM University,62.86,2,1.4,385.05,Card,Shared,8.8,3.269
RIDE004684,Carpool,2025-03-13 13:55,2025-03-13 14:50,Tambaram,Chengalpattu Bus Stand,56.21,3,2.7,349.09,UPI,Shared,7.869,2.923
RIDE004685,Carpool,2025-03-30 00:18,2025-03-30 01:16,Velachery,Chengalpattu Town,55.61,2,1.4,369.1,UPI,Shared,7.785,2.892
RIDE004686,Private,2025-04-15 19:04,2025-04-15 19:56,Adyar,Mahindra City,49.51,1,,536.13,Wallet,Standard,9.506,0.0
RIDE004687,Private,2025-03-24 21:14,2025-03-24 22:11,T Nagar,Mahindra City,50.78,1,,561.16,Card,Standard,9.75,0.0
RIDE004688,Private,2025-03-08 05:54,2025-03-08 06:49,Perungudi,Singaperumal Koil,47.61,1,,430.5,Cash,Standard,9.141,0.0
RIDE004689,Carpool,2025-04-11 22:21,2025-04-11 23:05,Mylapore,Mahindra City,38.3,3,2.4,238.39,UPI,Shared,5.362,1.992
RIDE004690,Carpool,2025-04-26 13:17,2025-04-26 14:31,T Nagar,Mahindra City,61.6,2,1.6,422.7,Wallet,Shared,8.624,3.203
RIDE004691,Private,2025-03-30 11:24,2025-03-30 12:27,OMR Sholinganallur,Mahindra City,53.15,1,,530.88,Cash,Standard,10.205,0.0
RIDE004692,Carpool,2025-02-16 03:55,2025-02-16 04:32,Mylapore,Chengalpattu Bus Stand,40.49,3,2.8,283.85,UPI,Shared,5.669,2.105
RIDE004693,Carpool,2025-02-25 04:37,2025-02-25 05:20,T Nagar,SRM University,37.11,3,2.6,281.43,UPI,Shared,5.195,1.93
RIDE004694,Private,2025-04-06 02:17,2025-04-06 03:05,T Nagar,SRM University,39.87,1,,375.61,Wallet,Standard,7.655,0.0
RIDE004695,Private,2025-01-20 11:30,2025-01-20 12:26,Velachery,Mahindra City,55.62,1,,635.21,Card,Standard,10.679,0.0
RIDE004696,Carpool,2025-03-06 23:14,2025-03-07 00:11,Mylapore,Singaperumal Koil,47.54,4,3.8,298.7,Card,Shared,6.656,2.472
RIDE004697,Private,2025-02-23 17:20,2025-02-23 18:14,Guindy,Mahindra City,51.26,1,,496.27,Card,Standard,9.842,0.0
RIDE004698,Carpool,2025-04-18 02:02,2025-04-18 03:06,OMR Sholinganallur,Mahindra City,53.0,2,1.9,384.73,Card,Shared,7.42,2.756
RIDE004699,Carpool,2025-01-29 22:12,2025-01-29 23:04,Velachery,Chengalpattu Bus Stand,47.73,4,3.8,351.74,Card,Shared,6.682,2.482
RIDE004700,Private,2025-02-06 23:15,2025-02-06 23:54,Guindy,Mahindra City,43.33,1,,480.48,Cash,Standard,8.319,0.0
RIDE004701,Private,2025-01-30 14:31,2025-01-30 15:38,Adyar,SRM University,59.15,1,,666.62,Wallet,Standard,11.357,0.0
RIDE004702,Private,2025-04-06 09:12,2025-04-06 10:17,Guindy,Singaperumal Koil,64.83,1,,616.66,Wallet,Standard,12.447,0.0
RIDE004703,Carpool,2025-03-09 14:41,2025-03-09 15:32,Adyar,Chengalpattu Bus Stand,53.47,2,1.5,326.87,UPI,Shared,7.486,2.78
RIDE004704,Carpool,2025-04-05 19:11,2025-04-05 20:04,Guindy,Chengalpattu Town,43.43,2,1.5,267.89,Wallet,Shared,6.08,2.259
RIDE004705,Carpool,2025-02-23 14:30,2025-02-23 15:41,T Nagar,Chengalpattu Bus Stand,60.69,2,2.0,401.52,Wallet,Shared,8.497,3.155
RIDE004706,Carpool,2025-04-01 08:29,2025-04-01 09:12,Chromepet,Singaperumal Koil,46.03,3,2.7,346.81,Cash,Shared,6.444,2.394
RIDE004707,Private,2025-03-28 10:30,2025-03-28 11:27,Mylapore,Chengalpattu Bus Stand,47.41,1,,485.83,Wallet,Standard,9.103,0.0
RIDE004708,Private,2025-04-05 00:57,2025-04-05 01:58,Perungudi,Singaperumal Koil,58.24,1,,558.18,Card,Standard,11.182,0.0
RIDE004709,Carpool,2025-01-14 02:15,2025-01-14 03:01,Adyar,SRM University,43.81,2,1.8,273.29,Card,Shared,6.133,2.279
RIDE004710,Private,2025-02-23 16:13,2025-02-23 17:14,Guindy,Chengalpattu Bus Stand,50.12,1,,537.52,Card,Standard,9.623,0.0
RIDE004711,Private,2025-04-26 08:33,2025-04-26 09:22,Velachery,Chengalpattu Bus Stand,52.55,1,,485.01,Card,Standard,10.09,0.0
RIDE004712,Carpool,2025-04-21 00:24,2025-04-21 01:32,Chromepet,Mahindra City,64.97,4,3.8,429.21,UPI,Shared,9.096,3.378
RIDE004713,Private,2025-03-27 14:26,2025-03-27 15:24,Velachery,Chengalpattu Town,59.4,1,,608.25,Cash,Standard,11.405,0.0
RIDE004714,Private,2025-02-02 08:09,2025-02-02 08:41,Chromepet,Mahindra City,31.92,1,,331.56,Card,Standard,6.129,0.0
RIDE004715,Private,2025-01-08 16:15,2025-01-08 17:21,Mylapore,Mahindra City,64.05,1,,676.5,Wallet,Standard,12.298,0.0
RIDE004716,Private,2025-01-10 01:24,2025-01-10 02:28,Chromepet,Chengalpattu Bus Stand,60.85,1,,552.69,UPI,Standard,11.683,0.0
RIDE004717,Carpool,2025-01-29 18:20,2025-01-29 19:19,T Nagar,Singaperumal Koil,64.05,2,1.4,445.56,Wallet,Shared,8.967,3.331
RIDE004718,Carpool,2025-02-02 03:58,2025-02-02 04:55,Adyar,Chengalpattu Bus Stand,54.37,2,1.4,403.34,Cash,Shared,7.612,2.827
RIDE004719,Carpool,2025-01-28 02:00,2025-01-28 02:49,OMR Sholinganallur,SRM University,52.14,2,1.9,365.74,UPI,Shared,7.3,2.711
RIDE004720,Carpool,2025-02-01 08:48,2025-02-01 09:50,Chromepet,SRM University,54.02,4,3.5,342.25,Cash,Shared,7.563,2.809
RIDE004721,Carpool,2025-03-23 13:28,2025-03-23 14:15,Perungudi,Chengalpattu Bus Stand,40.79,4,3.6,253.26,Card,Shared,5.711,2.121
RIDE004722,Carpool,2025-01-05 17:56,2025-01-05 18:47,Mylapore,Singaperumal Koil,43.26,3,2.9,329.94,Card,Shared,6.056,2.25
RIDE004723,Carpool,2025-04-15 12:06,2025-04-15 12:53,Adyar,Mahindra City,44.84,2,1.7,312.79,UPI,Shared,6.278,2.331
RIDE004724,Carpool,2025-04-06 03:57,2025-04-06 04:56,T Nagar,Singaperumal Koil,47.67,2,1.9,354.29,UPI,Shared,6.674,2.479
RIDE004725,Carpool,2025-04-10 20:28,2025-04-10 21:39,OMR Sholinganallur,Chengalpattu Bus Stand,58.59,3,2.9,452.52,Card,Shared,8.203,3.046
RIDE004726,Carpool,2025-01-23 04:11,2025-01-23 05:11,Adyar,SRM University,51.44,2,2.0,356.76,UPI,Shared,7.202,2.674
RIDE004727,Private,2025-01-15 20:18,2025-01-15 21:11,Tambaram,Mahindra City,45.36,1,,514.87,Cash,Standard,8.709,0.0
RIDE004728,Carpool,2025-04-19 00:08,2025-04-19 00:46,Guindy,Chengalpattu Town,38.35,3,2.4,294.22,Cash,Shared,5.369,1.994
RIDE004729,Private,2025-03-03 08:57,2025-03-03 09:56,Tambaram,Chengalpattu Town,64.03,1,,665.12,Cash,Standard,12.294,0.0
RIDE004730,Private,2025-04-21 08:34,2025-04-21 09:20,Guindy,Mahindra City,46.21,1,,419.4,Card,Standard,8.872,0.0
RIDE004731,Private,2025-03-12 15:42,2025-03-12 16:26,Tambaram,Chengalpattu Bus Stand,35.63,1,,361.67,Cash,Standard,6.841,0.0
RIDE004732,Carpool,2025-04-29 11:49,2025-04-29 12:50,Pallavaram,SRM University,56.45,2,1.6,380.62,Cash,Shared,7.903,2.935
RIDE004733,Carpool,2025-04-23 09:14,2025-04-23 09:54,Chromepet,Chengalpattu Bus Stand,39.63,3,2.7,287.36,UPI,Shared,5.548,2.061
RIDE004734,Carpool,2025-04-26 03:10,2025-04-26 04:06,Mylapore,Chengalpattu Town,61.43,3,2.8,395.24,Wallet,Shared,8.6,3.195
RIDE004735,Carpool,2025-02-19 03:53,2025-02-19 04:45,Mylapore,SRM University,50.32,3,2.9,389.33,Card,Shared,7.045,2.616
RIDE004736,Carpool,2025-01-10 07:15,2025-01-10 08:10,Adyar,Chengalpattu Bus Stand,49.02,3,2.9,343.7,UPI,Shared,6.863,2.549
RIDE004737,Carpool,2025-04-11 23:51,2025-04-12 01:08,Guindy,Chengalpattu Bus Stand,64.26,3,2.8,475.99,Wallet,Shared,8.996,3.342
RIDE004738,Private,2025-02-19 13:04,2025-02-19 13:58,Tambaram,Mahindra City,48.14,1,,536.89,Cash,Standard,9.243,0.0
RIDE004739,Private,2025-03-18 21:55,2025-03-18 23:02,OMR Sholinganallur,Chengalpattu Bus Stand,54.71,1,,520.87,Card,Standard,10.504,0.0
RIDE004740,Carpool,2025-01-10 15:04,2025-01-10 16:02,Mylapore,Chengalpattu Town,60.8,3,2.8,449.56,Wallet,Shared,8.512,3.162
RIDE004741,Private,2025-02-12 09:37,2025-02-12 10:23,T Nagar,Singaperumal Koil,41.75,1,,447.6,Card,Standard,8.016,0.0
RIDE004742,Carpool,2025-02-11 18:03,2025-02-11 18:40,Mylapore,Singaperumal Koil,36.98,2,1.5,262.6,UPI,Shared,5.177,1.923
RIDE004743,Private,2025-02-26 23:46,2025-02-27 00:42,Guindy,Chengalpattu Town,51.47,1,,543.44,Card,Standard,9.882,0.0
RIDE004744,Carpool,2025-02-21 02:55,2025-02-21 03:41,Anna Nagar,Mahindra City,38.46,2,1.7,244.77,Card,Shared,5.384,2.0
RIDE004745,Private,2025-01-25 02:43,2025-01-25 03:51,Pallavaram,SRM University,59.02,1,,541.68,Wallet,Standard,11.332,0.0
RIDE004746,Private,2025-01-13 15:51,2025-01-13 16:49,Adyar,Mahindra City,57.2,1,,575.52,Card,Standard,10.982,0.0
RIDE004747,Private,2025-02-02 03:55,2025-02-02 04:52,Pallavaram,SRM University,62.9,1,,640.83,Card,Standard,12.077,0.0
RIDE004748,Carpool,2025-02-15 06:54,2025-02-15 07:55,Chromepet,Mahindra City,54.2,4,3.4,378.76,Wallet,Shared,7.588,2.818
RIDE004749,Carpool,2025-03-30 13:22,2025-03-30 14:26,Chromepet,Mahindra City,63.81,2,1.9,423.49,Card,Shared,8.933,3.319
RIDE004750,Carpool,2025-02-07 05:18,2025-02-07 06:08,Tambaram,SRM University,44.74,4,3.7,297.65,Card,Shared,6.264,2.326
RIDE004751,Private,2025-02-14 20:05,2025-02-14 20:43,Guindy,Mahindra City,33.85,1,,353.22,Wallet,Standard,6.499,0.0
RIDE004752,Private,2025-03-18 17:31,2025-03-18 18:26,OMR Sholinganallur,SRM University,45.65,1,,475.36,Card,Standard,8.765,0.0
RIDE004753,Carpool,2025-02-25 01:44,2025-02-25 02:41,Perungudi,SRM University,49.7,3,2.4,329.3,Cash,Shared,6.958,2.584
RIDE004754,Carpool,2025-04-24 20:08,2025-04-24 20:48,Guindy,Singaperumal Koil,35.3,3,2.7,234.09,UPI,Shared,4.942,1.836
RIDE004755,Private,2025-04-16 07:20,2025-04-16 07:56,Pallavaram,Singaperumal Koil,36.88,1,,402.84,Wallet,Standard,7.081,0.0
RIDE004756,Carpool,2025-02-16 19:21,2025-02-16 19:55,Adyar,Singaperumal Koil,31.09,3,3.0,231.28,Wallet,Shared,4.353,1.616
RIDE004757,Private,2025-02-07 13:17,2025-02-07 14:03,Perungudi,Singaperumal Koil,41.93,1,,444.97,Cash,Standard,8.051,0.0
RIDE004758,Carpool,2025-02-13 13:38,2025-02-13 14:38,Chromepet,Singaperumal Koil,51.7,3,2.5,395.81,Cash,Shared,7.238,2.688
RIDE004759,Private,2025-02-03 12:28,2025-02-03 13:06,Adyar,Chengalpattu Town,38.13,1,,422.61,Wallet,Standard,7.321,0.0
RIDE004760,Carpool,2025-04-19 11:36,2025-04-19 12:33,Tambaram,Mahindra City,49.32,3,2.9,306.84,Card,Shared,6.905,2.564
RIDE004761,Private,2025-04-20 11:03,2025-04-20 11:53,Guindy,Singaperumal Koil,45.05,1,,427.13,UPI,Standard,8.65,0.0
RIDE004762,Private,2025-04-05 04:01,2025-04-05 04:35,Mylapore,Chengalpattu Bus Stand,32.98,1,,313.66,Wallet,Standard,6.332,0.0
RIDE004763,Carpool,2025-04-13 14:43,2025-04-13 15:52,Anna Nagar,Chengalpattu Town,61.2,2,1.8,394.12,Cash,Shared,8.568,3.182
RIDE004764,Carpool,2025-03-20 14:10,2025-03-20 15:06,Anna Nagar,Chengalpattu Town,61.61,4,3.6,396.13,Cash,Shared,8.625,3.204
RIDE004765,Carpool,2025-02-06 11:33,2025-02-06 12:36,Anna Nagar,Mahindra City,62.39,2,1.4,486.35,Cash,Shared,8.735,3.244
RIDE004766,Private,2025-04-07 08:45,2025-04-07 09:29,T Nagar,Mahindra City,46.58,1,,467.31,Card,Standard,8.943,0.0
RIDE004767,Carpool,2025-01-26 19:10,2025-01-26 19:40,Adyar,Singaperumal Koil,33.03,2,1.8,254.27,Card,Shared,4.624,1.718
RIDE004768,Carpool,2025-04-22 19:02,2025-04-22 20:02,T Nagar,Chengalpattu Town,64.9,4,3.8,476.78,Card,Shared,9.086,3.375
RIDE004769,Private,2025-03-10 11:13,2025-03-10 11:48,Tambaram,Chengalpattu Town,36.45,1,,405.44,Card,Standard,6.998,0.0
RIDE004770,Carpool,2025-02-22 11:44,2025-02-22 12:30,Pallavaram,SRM University,42.28,3,2.6,327.63,Card,Shared,5.919,2.199
RIDE004771,Private,2025-03-11 08:50,2025-03-11 09:24,Chromepet,Singaperumal Koil,30.66,1,,296.38,Wallet,Standard,5.887,0.0
RIDE004772,Private,2025-04-04 02:02,2025-04-04 02:44,Chromepet,Chengalpattu Bus Stand,34.48,1,,315.29,UPI,Standard,6.62,0.0
RIDE004773,Private,2025-01-15 12:17,2025-01-15 12:58,Anna Nagar,Mahindra City,39.43,1,,449.03,Wallet,Standard,7.571,0.0
RIDE004774,Carpool,2025-03-11 18:45,2025-03-11 19:22,Velachery,SRM University,35.23,2,1.6,234.36,Card,Shared,4.932,1.832
RIDE004775,Carpool,2025-02-06 20:54,2025-02-06 21:28,Mylapore,Singaperumal Koil,37.18,2,1.6,244.93,Cash,Shared,5.205,1.934
RIDE004776,Carpool,2025-04-25 11:36,2025-04-25 12:30,T Nagar,Chengalpattu Town,58.02,3,2.6,419.35,Card,Shared,8.123,3.017
RIDE004777,Private,2025-01-17 05:45,2025-01-17 06:49,OMR Sholinganallur,Mahindra City,53.89,1,,593.38,Card,Standard,10.347,0.0
RIDE004778,Carpool,2025-03-18 02:58,2025-03-18 03:29,Mylapore,SRM University,30.66,2,1.6,195.86,Card,Shared,4.292,1.595
RIDE004779,Private,2025-02-21 17:44,2025-02-21 18:25,Anna Nagar,SRM University,33.92,1,,357.44,UPI,Standard,6.513,0.0
RIDE004780,Carpool,2025-01-29 08:42,2025-01-29 09:23,T Nagar,Chengalpattu Bus Stand,39.34,4,3.5,305.79,UPI,Shared,5.508,2.045
RIDE004781,Private,2025-03-04 16:08,2025-03-04 17:04,Chromepet,SRM University,56.4,1,,585.04,UPI,Standard,10.829,0.0
RIDE004782,Carpool,2025-03-29 21:17,2025-03-29 22:16,T Nagar,SRM University,49.52,4,4.0,372.76,Cash,Shared,6.933,2.575
RIDE004783,Private,2025-02-07 04:09,2025-02-07 04:57,Tambaram,Singaperumal Koil,52.08,1,,574.33,Card,Standard,9.999,0.0
RIDE004784,Carpool,2025-03-16 03:37,2025-03-16 04:21,Anna Nagar,Chengalpattu Town,47.37,2,2.0,313.8,Wallet,Shared,6.632,2.463
RIDE004785,Carpool,2025-04-23 10:52,2025-04-23 12:03,Velachery,Chengalpattu Bus Stand,63.86,2,1.8,393.22,Wallet,Shared,8.94,3.321
RIDE004786,Private,2025-04-29 16:47,2025-04-29 17:33,T Nagar,Mahindra City,37.52,1,,417.49,Card,Standard,7.204,0.0
RIDE004787,Private,2025-04-23 11:16,2025-04-23 11:58,Chromepet,Chengalpattu Bus Stand,36.95,1,,397.18,Cash,Standard,7.094,0.0
RIDE004788,Private,2025-04-12 18:29,2025-04-12 19:17,Tambaram,Chengalpattu Bus Stand,52.37,1,,601.14,UPI,Standard,10.055,0.0
RIDE004789,Private,2025-04-21 09:33,2025-04-21 10:06,Pallavaram,Chengalpattu Town,30.58,1,,298.9,UPI,Standard,5.871,0.0
RIDE004790,Private,2025-04-06 02:20,2025-04-06 03:03,Anna Nagar,Chengalpattu Town,37.92,1,,399.86,Card,Standard,7.281,0.0
RIDE004791,Carpool,2025-04-07 16:09,2025-04-07 16:50,Guindy,Chengalpattu Bus Stand,37.01,3,2.7,224.04,UPI,Shared,5.181,1.925
RIDE004792,Carpool,2025-04-29 08:10,2025-04-29 08:59,OMR Sholinganallur,Chengalpattu Town,46.33,4,3.9,331.91,Wallet,Shared,6.486,2.409
RIDE004793,Private,2025-01-06 20:44,2025-01-06 21:49,OMR Sholinganallur,Singaperumal Koil,59.32,1,,562.05,Cash,Standard,11.389,0.0
RIDE004794,Private,2025-04-10 18:36,2025-04-10 19:25,Velachery,Chengalpattu Town,41.57,1,,462.14,UPI,Standard,7.981,0.0
RIDE004795,Private,2025-02-25 17:36,2025-02-25 18:19,Pallavaram,Singaperumal Koil,40.28,1,,395.83,UPI,Standard,7.734,0.0
RIDE004796,Carpool,2025-02-26 13:00,2025-02-26 13:41,T Nagar,Chengalpattu Bus Stand,42.93,3,2.5,301.03,Wallet,Shared,6.01,2.233
RIDE004797,Carpool,2025-04-10 15:36,2025-04-10 16:04,OMR Sholinganallur,Chengalpattu Town,31.89,2,1.5,214.91,Card,Shared,4.465,1.658
RIDE004798,Carpool,2025-01-25 02:45,2025-01-25 03:43,Anna Nagar,SRM University,47.47,2,1.9,337.22,Card,Shared,6.646,2.468
RIDE004799,Private,2025-04-13 12:11,2025-04-13 12:48,Pallavaram,Chengalpattu Bus Stand,41.47,1,,460.49,Card,Standard,7.962,0.0
RIDE004800,Private,2025-01-26 09:39,2025-01-26 10:19,Chromepet,Singaperumal Koil,35.29,1,,360.79,Card,Standard,6.776,0.0
RIDE004801,Private,2025-02-04 10:34,2025-02-04 11:13,Mylapore,Singaperumal Koil,36.22,1,,372.91,Card,Standard,6.954,0.0
RIDE004802,Private,2025-02-08 07:48,2025-02-08 08:30,Tambaram,Singaperumal Koil,45.15,1,,513.16,Card,Standard,8.669,0.0
RIDE004803,Private,2025-01-06 00:28,2025-01-06 01:27,T Nagar,Chengalpattu Bus Stand,59.05,1,,632.93,Card,Standard,11.338,0.0
RIDE004804,Private,2025-01-08 10:31,2025-01-08 11:43,Guindy,Chengalpattu Town,64.93,1,,671.85,Card,Standard,12.467,0.0
RIDE004805,Private,2025-04-26 21:09,2025-04-26 21:57,Adyar,Singaperumal Koil,39.85,1,,426.86,Wallet,Standard,7.651,0.0
RIDE004806,Private,2025-02-03 19:56,2025-02-03 20:27,Adyar,SRM University,30.83,1,,288.89,UPI,Standard,5.919,0.0
RIDE004807,Carpool,2025-04-03 02:53,2025-04-03 04:05,Velachery,SRM University,61.25,2,1.5,475.47,UPI,Shared,8.575,3.185
RIDE004808,Carpool,2025-01-27 06:49,2025-01-27 07:18,Guindy,SRM University,32.02,4,3.8,192.86,Card,Shared,4.483,1.665
RIDE004809,Private,2025-02-03 08:47,2025-02-03 09:39,OMR Sholinganallur,Chengalpattu Town,48.11,1,,549.54,Card,Standard,9.237,0.0
RIDE004810,Carpool,2025-01-13 14:09,2025-01-13 15:17,OMR Sholinganallur,Mahindra City,64.11,4,3.9,423.24,UPI,Shared,8.975,3.334
RIDE004811,Carpool,2025-04-26 19:54,2025-04-26 20:38,Tambaram,Singaperumal Koil,47.15,2,1.6,314.32,Cash,Shared,6.601,2.452
RIDE004812,Private,2025-02-21 10:32,2025-02-21 11:41,Velachery,SRM University,58.4,1,,527.67,Cash,Standard,11.213,0.0
RIDE004813,Private,2025-04-01 11:44,2025-04-01 12:15,Adyar,Singaperumal Koil,32.44,1,,360.75,UPI,Standard,6.228,0.0
RIDE004814,Carpool,2025-02-04 17:41,2025-02-04 18:31,Adyar,Chengalpattu Town,53.19,3,2.4,350.49,Wallet,Shared,7.447,2.765
RIDE004815,Private,2025-03-08 10:34,2025-03-08 11:26,Adyar,Mahindra City,42.33,1,,422.46,Wallet,Standard,8.127,0.0
RIDE004816,Private,2025-02-13 06:11,2025-02-13 06:39,Chromepet,Singaperumal Koil,30.76,1,,278.71,Wallet,Standard,5.906,0.0
RIDE004817,Private,2025-02-05 01:30,2025-02-05 02:26,Anna Nagar,Mahindra City,57.48,1,,604.31,UPI,Standard,11.036,0.0
RIDE004818,Carpool,2025-01-27 17:50,2025-01-27 18:54,Velachery,Mahindra City,60.15,2,2.0,436.88,Cash,Shared,8.421,3.128
RIDE004819,Private,2025-02-18 01:01,2025-02-18 01:46,Velachery,Mahindra City,39.85,1,,413.67,Cash,Standard,7.651,0.0
RIDE004820,Private,2025-02-20 22:08,2025-02-20 22:50,T Nagar,Singaperumal Koil,44.48,1,,508.36,Cash,Standard,8.54,0.0
RIDE004821,Carpool,2025-04-03 16:47,2025-04-03 17:59,Mylapore,Chengalpattu Bus Stand,58.55,2,1.8,436.98,Card,Shared,8.197,3.045
RIDE004822,Carpool,2025-02-09 14:58,2025-02-09 15:44,Chromepet,Singaperumal Koil,39.23,3,2.7,268.12,Wallet,Shared,5.492,2.04
RIDE004823,Carpool,2025-03-25 13:56,2025-03-25 14:43,T Nagar,Singaperumal Koil,42.79,3,2.7,258.48,Cash,Shared,5.991,2.225
RIDE004824,Carpool,2025-04-15 13:23,2025-04-15 14:03,Velachery,Chengalpattu Bus Stand,37.37,3,2.7,260.01,Card,Shared,5.232,1.943
RIDE004825,Carpool,2025-02-21 05:29,2025-02-21 06:01,T Nagar,Chengalpattu Town,34.29,3,3.0,266.95,UPI,Shared,4.801,1.783
RIDE004826,Private,2025-03-08 09:40,2025-03-08 10:23,Anna Nagar,Singaperumal Koil,42.39,1,,412.14,UPI,Standard,8.139,0.0
RIDE004827,Private,2025-04-27 21:37,2025-04-27 22:15,Chromepet,SRM University,42.43,1,,438.91,Cash,Standard,8.147,0.0
RIDE004828,Carpool,2025-01-31 00:34,2025-01-31 01:36,Adyar,SRM University,59.7,3,2.8,447.6,Card,Shared,8.358,3.104
RIDE004829,Private,2025-02-07 22:33,2025-02-07 23:12,Guindy,Chengalpattu Town,36.2,1,,377.88,Cash,Standard,6.95,0.0
RIDE004830,Carpool,2025-03-03 02:07,2025-03-03 02:43,Guindy,Mahindra City,30.81,3,2.9,225.27,Card,Shared,4.313,1.603
RIDE004831,Private,2025-03-02 19:07,2025-03-02 19:56,Anna Nagar,Chengalpattu Bus Stand,45.52,1,,452.65,Wallet,Standard,8.74,0.0
RIDE004832,Carpool,2025-01-30 11:01,2025-01-30 11:53,Tambaram,SRM University,47.78,3,2.5,354.28,Cash,Shared,6.689,2.485
RIDE004833,Carpool,2025-03-02 02:44,2025-03-02 03:50,Mylapore,SRM University,53.17,4,3.6,392.23,Cash,Shared,7.444,2.765
RIDE004834,Private,2025-04-23 13:08,2025-04-23 14:12,Mylapore,Singaperumal Koil,54.52,1,,568.36,Wallet,Standard,10.468,0.0
RIDE004835,Carpool,2025-04-08 13:18,2025-04-08 14:11,Perungudi,Singaperumal Koil,55.02,2,1.8,367.58,Card,Shared,7.703,2.861
RIDE004836,Private,2025-03-07 06:59,2025-03-07 07:47,Anna Nagar,SRM University,45.59,1,,440.0,Wallet,Standard,8.753,0.0
RIDE004837,Private,2025-02-23 10:49,2025-02-23 11:43,Anna Nagar,Chengalpattu Town,58.69,1,,571.1,Cash,Standard,11.268,0.0
RIDE004838,Private,2025-02-23 20:55,2025-02-23 21:50,Mylapore,Chengalpattu Bus Stand,47.34,1,,480.31,Cash,Standard,9.089,0.0
RIDE004839,Carpool,2025-03-17 13:21,2025-03-17 14:13,Tambaram,Singaperumal Koil,55.74,3,2.6,362.23,UPI,Shared,7.804,2.898
RIDE004840,Private,2025-04-29 10:27,2025-04-29 11:12,Guindy,Mahindra City,50.71,1,,540.49,Wallet,Standard,9.736,0.0
RIDE004841,Carpool,2025-02-04 12:30,2025-02-04 13:06,OMR Sholinganallur,Singaperumal Koil,36.71,2,1.6,235.81,Cash,Shared,5.139,1.909
RIDE004842,Carpool,2025-01-07 08:54,2025-01-07 09:59,Adyar,Mahindra City,62.43,3,2.7,446.89,Cash,Shared,8.74,3.247
RIDE004843,Carpool,2025-01-15 21:49,2025-01-15 22:23,Pallavaram,Chengalpattu Bus Stand,33.54,3,2.9,222.59,Card,Shared,4.696,1.744
RIDE004844,Private,2025-02-10 17:57,2025-02-10 19:00,Adyar,SRM University,57.32,1,,648.52,Cash,Standard,11.005,0.0
RIDE004845,Private,2025-03-01 18:56,2025-03-01 19:44,Adyar,Mahindra City,50.48,1,,526.57,Wallet,Standard,9.692,0.0
RIDE004846,Private,2025-01-19 07:25,2025-01-19 08:11,Chromepet,Chengalpattu Town,42.48,1,,467.56,UPI,Standard,8.156,0.0
RIDE004847,Private,2025-03-05 00:21,2025-03-05 01:16,Adyar,Mahindra City,46.51,1,,517.23,Wallet,Standard,8.93,0.0
RIDE004848,Private,2025-03-13 14:58,2025-03-13 15:36,Perungudi,SRM University,32.38,1,,336.88,Card,Standard,6.217,0.0
RIDE004849,Private,2025-04-24 19:03,2025-04-24 19:39,Perungudi,Mahindra City,30.54,1,,321.03,Cash,Standard,5.864,0.0
RIDE004850,Carpool,2025-04-27 07:41,2025-04-27 08:29,Adyar,Singaperumal Koil,45.42,3,2.7,308.23,Card,Shared,6.359,2.362
RIDE004851,Private,2025-01-06 12:40,2025-01-06 13:45,OMR Sholinganallur,Chengalpattu Town,55.48,1,,571.56,Wallet,Standard,10.652,0.0
RIDE004852,Private,2025-04-30 19:12,2025-04-30 20:21,Mylapore,Mahindra City,60.2,1,,571.77,Wallet,Standard,11.558,0.0
RIDE004853,Private,2025-01-21 16:23,2025-01-21 17:30,Mylapore,Mahindra City,59.17,1,,565.64,Wallet,Standard,11.361,0.0
RIDE004854,Private,2025-01-09 13:38,2025-01-09 14:51,Tambaram,SRM University,60.04,1,,655.78,Wallet,Standard,11.528,0.0
RIDE004855,Carpool,2025-04-07 11:46,2025-04-07 12:29,Mylapore,Mahindra City,36.43,3,2.5,258.72,UPI,Shared,5.1,1.895
RIDE004856,Carpool,2025-03-19 20:54,2025-03-19 21:36,Mylapore,Mahindra City,34.4,2,1.5,227.79,Wallet,Shared,4.816,1.789
RIDE004857,Carpool,2025-01-08 07:25,2025-01-08 08:10,Chromepet,SRM University,45.88,3,2.7,296.77,Cash,Shared,6.423,2.386
RIDE004858,Private,2025-01-05 07:40,2025-01-05 08:14,Adyar,Chengalpattu Town,30.9,1,,292.3,Wallet,Standard,5.933,0.0
RIDE004859,Carpool,2025-03-17 02:11,2025-03-17 02:49,T Nagar,Chengalpattu Town,41.87,4,3.7,258.56,UPI,Shared,5.862,2.177
RIDE004860,Carpool,2025-04-19 14:37,2025-04-19 15:41,Pallavaram,SRM University,62.71,4,3.8,472.47,Wallet,Shared,8.779,3.261
RIDE004861,Carpool,2025-01-23 13:27,2025-01-23 14:12,Tambaram,Singaperumal Koil,43.73,2,1.7,290.77,Wallet,Shared,6.122,2.274
RIDE004862,Private,2025-02-13 12:14,2025-02-13 13:06,Adyar,Chengalpattu Town,44.11,1,,505.13,Cash,Standard,8.469,0.0
RIDE004863,Private,2025-03-05 01:49,2025-03-05 02:53,T Nagar,Chengalpattu Bus Stand,57.7,1,,550.56,Wallet,Standard,11.078,0.0
RIDE004864,Carpool,2025-01-29 17:16,2025-01-29 18:07,Chromepet,Singaperumal Koil,51.25,3,2.8,378.99,Cash,Shared,7.175,2.665
RIDE004865,Carpool,2025-01-11 09:00,2025-01-11 10:01,Adyar,Chengalpattu Town,57.45,4,3.9,427.92,Cash,Shared,8.043,2.987
RIDE004866,Private,2025-02-13 22:07,2025-02-13 22:49,Perungudi,SRM University,44.14,1,,400.07,Card,Standard,8.475,0.0
RIDE004867,Private,2025-04-27 00:53,2025-04-27 01:49,Anna Nagar,Chengalpattu Bus Stand,56.01,1,,559.08,Wallet,Standard,10.754,0.0
RIDE004868,Private,2025-02-14 07:33,2025-02-14 08:25,Tambaram,Chengalpattu Bus Stand,44.15,1,,450.86,Wallet,Standard,8.477,0.0
RIDE004869,Private,2025-01-16 10:39,2025-01-16 11:30,Anna Nagar,Singaperumal Koil,54.8,1,,572.68,Cash,Standard,10.522,0.0
RIDE004870,Carpool,2025-02-12 03:46,2025-02-12 04:20,Anna Nagar,Chengalpattu Town,30.73,4,3.5,203.53,Wallet,Shared,4.302,1.598
RIDE004871,Private,2025-03-08 06:09,2025-03-08 06:52,Guindy,Mahindra City,41.07,1,,465.95,Cash,Standard,7.885,0.0
RIDE004872,Private,2025-01-08 01:14,2025-01-08 01:45,Velachery,Chengalpattu Bus Stand,31.56,1,,317.94,Wallet,Standard,6.06,0.0
RIDE004873,Carpool,2025-01-05 08:43,2025-01-05 09:27,OMR Sholinganallur,Chengalpattu Bus Stand,35.9,4,3.7,243.37,Card,Shared,5.026,1.867
RIDE004874,Carpool,2025-03-15 17:24,2025-03-15 18:07,Pallavaram,Mahindra City,38.13,2,1.7,278.11,Card,Shared,5.338,1.983
RIDE004875,Private,2025-01-10 10:22,2025-01-10 10:55,Pallavaram,Singaperumal Koil,36.9,1,,348.11,UPI,Standard,7.085,0.0
RIDE004876,Carpool,2025-04-23 11:54,2025-04-23 12:21,Mylapore,Chengalpattu Bus Stand,30.46,3,2.5,216.44,UPI,Shared,4.264,1.584
RIDE004877,Carpool,2025-03-28 22:16,2025-03-28 23:20,Chromepet,Mahindra City,53.55,4,3.8,321.53,Card,Shared,7.497,2.785
RIDE004878,Carpool,2025-01-24 12:07,2025-01-24 13:01,Mylapore,Singaperumal Koil,52.09,4,3.5,328.42,Wallet,Shared,7.293,2.708
RIDE004879,Private,2025-02-11 20:43,2025-02-11 21:39,Perungudi,SRM University,52.71,1,,573.82,UPI,Standard,10.12,0.0
RIDE004880,Private,2025-04-17 16:41,2025-04-17 17:13,Perungudi,Singaperumal Koil,32.86,1,,304.74,Wallet,Standard,6.309,0.0
RIDE004881,Private,2025-03-12 03:11,2025-03-12 04:25,Velachery,Chengalpattu Town,61.02,1,,661.38,UPI,Standard,11.716,0.0
RIDE004882,Private,2025-02-27 14:32,2025-02-27 15:08,Pallavaram,Singaperumal Koil,33.39,1,,366.21,Card,Standard,6.411,0.0
RIDE004883,Carpool,2025-03-24 05:04,2025-03-24 06:08,OMR Sholinganallur,Mahindra City,52.81,4,3.6,327.9,UPI,Shared,7.393,2.747
RIDE004884,Private,2025-02-05 09:51,2025-02-05 10:37,Chromepet,Singaperumal Koil,40.86,1,,447.17,Wallet,Standard,7.845,0.0
RIDE004885,Private,2025-01-08 10:17,2025-01-08 11:00,Adyar,Chengalpattu Bus Stand,35.74,1,,361.05,Wallet,Standard,6.862,0.0
RIDE004886,Private,2025-02-06 00:42,2025-02-06 01:16,Mylapore,Chengalpattu Town,35.76,1,,394.59,UPI,Standard,6.866,0.0
RIDE004887,Carpool,2025-04-30 08:10,2025-04-30 08:48,Chromepet,Mahindra City,40.98,3,2.9,309.3,Cash,Shared,5.737,2.131
RIDE004888,Private,2025-03-12 12:59,2025-03-12 13:53,Chromepet,Mahindra City,55.42,1,,603.69,Wallet,Standard,10.641,0.0
RIDE004889,Private,2025-02-09 11:36,2025-02-09 12:13,Guindy,Singaperumal Koil,37.62,1,,406.95,Card,Standard,7.223,0.0
RIDE004890,Carpool,2025-02-18 02:40,2025-02-18 03:31,Mylapore,SRM University,53.47,2,1.7,322.9,Wallet,Shared,7.486,2.78
RIDE004891,Private,2025-01-21 15:35,2025-01-21 16:19,Anna Nagar,SRM University,48.85,1,,507.04,Wallet,Standard,9.379,0.0
RIDE004892,Private,2025-01-11 19:04,2025-01-11 19:53,Anna Nagar,SRM University,50.12,1,,494.97,Card,Standard,9.623,0.0
RIDE004893,Private,2025-02-04 21:23,2025-02-04 22:10,Mylapore,Singaperumal Koil,46.47,1,,509.69,Cash,Standard,8.922,0.0
RIDE004894,Carpool,2025-02-22 17:40,2025-02-22 18:17,Velachery,Mahindra City,35.81,3,3.0,265.17,Cash,Shared,5.013,1.863
RIDE004895,Private,2025-01-31 10:43,2025-01-31 11:16,T Nagar,Chengalpattu Town,33.55,1,,355.57,Cash,Standard,6.442,0.0
RIDE004896,Private,2025-03-07 11:57,2025-03-07 12:45,Guindy,Chengalpattu Town,50.59,1,,557.24,Wallet,Standard,9.713,0.0
RIDE004897,Private,2025-03-05 23:41,2025-03-06 00:51,Mylapore,Mahindra City,62.02,1,,705.81,Card,Standard,11.908,0.0
RIDE004898,Carpool,2025-04-28 10:18,2025-04-28 11:15,T Nagar,Mahindra City,52.25,3,2.6,397.76,Wallet,Shared,7.315,2.717
RIDE004899,Private,2025-03-12 04:53,2025-03-12 05:34,Mylapore,Chengalpattu Town,34.02,1,,352.06,Wallet,Standard,6.532,0.0
RIDE004900,Private,2025-04-27 18:13,2025-04-27 19:19,Chromepet,Chengalpattu Bus Stand,64.08,1,,625.56,Card,Standard,12.303,0.0
RIDE004901,Carpool,2025-02-25 18:21,2025-02-25 19:18,Velachery,SRM University,62.72,2,1.7,406.02,UPI,Shared,8.781,3.261
RIDE004902,Carpool,2025-04-15 23:43,2025-04-16 00:37,Guindy,Mahindra City,46.68,3,3.0,326.06,Cash,Shared,6.535,2.428
RIDE004903,Private,2025-01-31 00:30,2025-01-31 01:16,Tambaram,Chengalpattu Bus Stand,45.4,1,,430.46,Cash,Standard,8.717,0.0
RIDE004904,Private,2025-01-07 21:29,2025-01-07 22:19,Chromepet,SRM University,51.28,1,,465.09,Wallet,Standard,9.846,0.0
RIDE004905,Carpool,2025-04-23 05:19,2025-04-23 06:07,Pallavaram,Chengalpattu Bus Stand,49.38,2,1.5,338.03,UPI,Shared,6.913,2.568
RIDE004906,Carpool,2025-01-27 10:27,2025-01-27 11:31,Pallavaram,Mahindra City,59.67,3,2.8,403.28,Wallet,Shared,8.354,3.103
RIDE004907,Carpool,2025-03-30 12:47,2025-03-30 13:19,Chromepet,Mahindra City,35.56,2,2.0,262.69,UPI,Shared,4.978,1.85
RIDE004908,Private,2025-01-13 18:29,2025-01-13 19:46,Adyar,Chengalpattu Bus Stand,62.58,1,,601.1,Card,Standard,12.015,0.0
RIDE004909,Private,2025-03-15 19:38,2025-03-15 20:20,Velachery,SRM University,43.11,1,,395.12,Wallet,Standard,8.277,0.0
RIDE004910,Private,2025-01-19 20:42,2025-01-19 21:22,Guindy,Chengalpattu Town,41.65,1,,456.4,UPI,Standard,7.997,0.0
RIDE004911,Private,2025-02-24 14:28,2025-02-24 14:57,T Nagar,SRM University,32.03,1,,315.85,UPI,Standard,6.15,0.0
RIDE004912,Private,2025-04-19 19:15,2025-04-19 19:58,T Nagar,SRM University,41.58,1,,408.85,UPI,Standard,7.983,0.0
RIDE004913,Private,2025-04-14 06:02,2025-04-14 06:40,T Nagar,Singaperumal Koil,35.77,1,,323.7,Cash,Standard,6.868,0.0
RIDE004914,Private,2025-01-13 08:11,2025-01-13 08:49,T Nagar,Chengalpattu Town,37.28,1,,349.68,Card,Standard,7.158,0.0
RIDE004915,Carpool,2025-02-06 05:03,2025-02-06 06:02,Perungudi,Mahindra City,50.86,3,2.9,357.5,Wallet,Shared,7.12,2.645
RIDE004916,Private,2025-01-08 10:01,2025-01-08 10:51,Chromepet,SRM University,43.85,1,,408.66,Card,Standard,8.419,0.0
RIDE004917,Carpool,2025-01-22 03:57,2025-01-22 04:36,Velachery,Singaperumal Koil,41.61,3,2.7,287.21,Wallet,Shared,5.825,2.164
RIDE004918,Private,2025-01-17 07:28,2025-01-17 08:04,Anna Nagar,SRM University,38.06,1,,392.84,Cash,Standard,7.308,0.0
RIDE004919,Carpool,2025-01-17 01:58,2025-01-17 02:48,Perungudi,Singaperumal Koil,49.95,2,1.5,364.82,UPI,Shared,6.993,2.597
RIDE004920,Carpool,2025-04-21 00:32,2025-04-21 01:32,T Nagar,Singaperumal Koil,58.02,4,3.8,428.49,UPI,Shared,8.123,3.017
RIDE004921,Carpool,2025-03-20 21:15,2025-03-20 22:12,Guindy,SRM University,50.86,2,1.9,373.14,Card,Shared,7.12,2.645
RIDE004922,Private,2025-03-16 22:30,2025-03-16 23:22,OMR Sholinganallur,Chengalpattu Bus Stand,53.76,1,,565.97,Cash,Standard,10.322,0.0
RIDE004923,Carpool,2025-02-21 11:38,2025-02-21 12:09,OMR Sholinganallur,SRM University,32.39,3,2.7,206.51,Wallet,Shared,4.535,1.684
RIDE004924,Carpool,2025-04-10 01:58,2025-04-10 02:36,Adyar,Chengalpattu Town,42.22,2,1.5,304.25,Wallet,Shared,5.911,2.195
RIDE004925,Private,2025-01-30 21:25,2025-01-30 22:06,Perungudi,Chengalpattu Town,34.65,1,,338.74,Card,Standard,6.653,0.0
RIDE004926,Carpool,2025-03-21 08:00,2025-03-21 08:51,Anna Nagar,SRM University,54.16,4,4.0,358.33,Wallet,Shared,7.582,2.817
RIDE004927,Carpool,2025-02-22 07:44,2025-02-22 08:55,Guindy,SRM University,60.75,3,2.5,443.8,Wallet,Shared,8.505,3.159
RIDE004928,Private,2025-04-12 12:56,2025-04-12 13:35,Guindy,Mahindra City,32.59,1,,341.14,Cash,Standard,6.257,0.0
RIDE004929,Private,2025-01-02 17:17,2025-01-02 18:17,T Nagar,Chengalpattu Bus Stand,51.32,1,,551.29,Wallet,Standard,9.853,0.0
RIDE004930,Private,2025-01-17 19:40,2025-01-17 20:57,Perungudi,Singaperumal Koil,62.5,1,,626.53,Cash,Standard,12.0,0.0
RIDE004931,Carpool,2025-02-25 02:35,2025-02-25 03:28,Tambaram,Mahindra City,45.94,3,2.5,300.3,Wallet,Shared,6.432,2.388
RIDE004932,Private,2025-01-13 11:13,2025-01-13 11:49,Anna Nagar,SRM University,33.1,1,,309.32,Wallet,Standard,6.355,0.0
RIDE004933,Private,2025-01-13 16:04,2025-01-13 16:33,Adyar,Chengalpattu Town,31.75,1,,359.77,Card,Standard,6.096,0.0
RIDE004934,Carpool,2025-02-24 19:56,2025-02-24 20:35,Chromepet,Singaperumal Koil,40.52,2,1.4,244.57,Wallet,Shared,5.673,2.107
RIDE004935,Private,2025-01-02 01:45,2025-01-02 02:54,Guindy,Mahindra City,61.83,1,,638.85,UPI,Standard,11.871,0.0
RIDE004936,Carpool,2025-03-17 22:37,2025-03-17 23:33,Adyar,Chengalpattu Town,57.44,3,3.0,409.59,Wallet,Shared,8.042,2.986
RIDE004937,Carpool,2025-01-21 13:32,2025-01-21 14:18,OMR Sholinganallur,SRM University,45.28,3,2.8,291.36,Cash,Shared,6.339,2.355
RIDE004938,Private,2025-02-22 11:48,2025-02-22 12:51,Pallavaram,Mahindra City,51.89,1,,548.49,Wallet,Standard,9.963,0.0
RIDE004939,Carpool,2025-04-04 06:32,2025-04-04 07:35,Velachery,Chengalpattu Bus Stand,63.37,4,3.6,455.45,Cash,Shared,8.872,3.295
RIDE004940,Private,2025-01-24 11:20,2025-01-24 12:22,Adyar,Chengalpattu Bus Stand,57.06,1,,575.96,Card,Standard,10.956,0.0
RIDE004941,Carpool,2025-01-04 01:50,2025-01-04 02:41,Adyar,Chengalpattu Bus Stand,51.91,3,2.9,341.67,Cash,Shared,7.267,2.7
RIDE004942,Carpool,2025-01-21 18:22,2025-01-21 19:17,Chromepet,Mahindra City,58.95,2,1.7,354.57,UPI,Shared,8.253,3.065
RIDE004943,Carpool,2025-04-14 05:03,2025-04-14 06:15,Perungudi,Mahindra City,59.82,3,2.9,387.75,Cash,Shared,8.375,3.11
RIDE004944,Carpool,2025-02-23 22:07,2025-02-23 22:55,Tambaram,Mahindra City,46.76,4,3.5,354.2,Wallet,Shared,6.546,2.432
RIDE004945,Private,2025-03-03 10:12,2025-03-03 10:54,Pallavaram,Chengalpattu Bus Stand,34.07,1,,364.0,UPI,Standard,6.541,0.0
RIDE004946,Private,2025-02-15 20:20,2025-02-15 21:11,Guindy,Singaperumal Koil,55.66,1,,561.55,Card,Standard,10.687,0.0
RIDE004947,Carpool,2025-03-21 15:09,2025-03-21 16:00,Guindy,Chengalpattu Town,56.41,2,1.8,386.5,Wallet,Shared,7.897,2.934
RIDE004948,Carpool,2025-01-13 09:14,2025-01-13 09:45,Tambaram,SRM University,33.97,4,3.9,230.77,Wallet,Shared,4.756,1.766
RIDE004949,Private,2025-03-22 07:40,2025-03-22 08:41,Adyar,Mahindra City,60.21,1,,671.82,UPI,Standard,11.56,0.0
RIDE004950,Private,2025-04-15 11:53,2025-04-15 13:11,Velachery,Chengalpattu Town,63.57,1,,573.71,UPI,Standard,12.205,0.0
RIDE004951,Private,2025-01-22 10:11,2025-01-22 11:09,T Nagar,Chengalpattu Bus Stand,52.4,1,,522.97,Cash,Standard,10.061,0.0
RIDE004952,Private,2025-02-10 03:29,2025-02-10 04:01,Adyar,Chengalpattu Town,30.23,1,,315.73,Cash,Standard,5.804,0.0
RIDE004953,Carpool,2025-01-01 08:09,2025-01-01 09:07,Mylapore,Mahindra City,48.01,3,2.5,335.25,UPI,Shared,6.721,2.497
RIDE004954,Private,2025-04-15 01:26,2025-04-15 02:01,Tambaram,SRM University,36.81,1,,363.42,Cash,Standard,7.068,0.0
RIDE004955,Private,2025-04-06 10:39,2025-04-06 11:19,Perungudi,Chengalpattu Bus Stand,43.79,1,,438.67,Cash,Standard,8.408,0.0
RIDE004956,Carpool,2025-02-22 16:03,2025-02-22 16:54,T Nagar,Chengalpattu Town,53.56,2,1.9,397.18,Card,Shared,7.498,2.786
RIDE004957,Carpool,2025-01-14 23:16,2025-01-15 00:13,Adyar,SRM University,57.47,4,3.7,426.89,Wallet,Shared,8.046,2.988
RIDE004958,Carpool,2025-03-16 22:30,2025-03-16 23:39,Adyar,Chengalpattu Town,57.92,3,2.9,434.67,Card,Shared,8.109,3.012
RIDE004959,Carpool,2025-01-27 00:05,2025-01-27 01:12,Velachery,SRM University,55.61,2,1.5,392.8,Cash,Shared,7.785,2.892
RIDE004960,Carpool,2025-03-11 17:03,2025-03-11 17:56,Pallavaram,SRM University,47.84,2,1.7,322.4,Wallet,Shared,6.698,2.487
RIDE004961,Carpool,2025-04-05 21:19,2025-04-05 22:01,Velachery,Chengalpattu Bus Stand,35.46,4,3.9,234.7,Cash,Shared,4.964,1.844
RIDE004962,Private,2025-02-11 19:34,2025-02-11 20:51,Tambaram,Chengalpattu Town,63.59,1,,619.16,UPI,Standard,12.209,0.0
RIDE004963,Carpool,2025-01-21 10:01,2025-01-21 10:51,Perungudi,Chengalpattu Town,46.36,4,3.6,285.75,Cash,Shared,6.49,2.411
RIDE004964,Private,2025-04-27 09:31,2025-04-27 10:38,Chromepet,SRM University,54.23,1,,556.67,Wallet,Standard,10.412,0.0
RIDE004965,Private,2025-04-19 11:45,2025-04-19 12:46,Velachery,Chengalpattu Town,55.21,1,,623.4,Wallet,Standard,10.6,0.0
RIDE004966,Private,2025-04-09 05:16,2025-04-09 05:58,Perungudi,SRM University,39.92,1,,392.89,Cash,Standard,7.665,0.0
RIDE004967,Private,2025-03-08 05:44,2025-03-08 06:24,T Nagar,Mahindra City,39.61,1,,391.78,Wallet,Standard,7.605,0.0
RIDE004968,Private,2025-02-16 09:39,2025-02-16 10:28,Chromepet,Chengalpattu Bus Stand,46.0,1,,506.47,UPI,Standard,8.832,0.0
RIDE004969,Private,2025-01-01 12:38,2025-01-01 13:17,Tambaram,Singaperumal Koil,40.42,1,,395.99,Wallet,Standard,7.761,0.0
RIDE004970,Carpool,2025-04-06 16:06,2025-04-06 16:41,Velachery,Chengalpattu Town,34.01,4,4.0,211.37,Wallet,Shared,4.761,1.769
RIDE004971,Carpool,2025-02-03 06:33,2025-02-03 07:23,Velachery,Chengalpattu Town,51.16,2,1.7,352.08,Wallet,Shared,7.162,2.661
RIDE004972,Private,2025-03-19 11:39,2025-03-19 12:16,OMR Sholinganallur,SRM University,37.68,1,,372.75,Card,Standard,7.235,0.0
RIDE004973,Carpool,2025-01-17 04:17,2025-01-17 05:15,T Nagar,SRM University,53.99,4,3.6,389.6,UPI,Shared,7.559,2.807
RIDE004974,Private,2025-01-25 04:10,2025-01-25 04:44,Anna Nagar,Mahindra City,33.84,1,,352.27,Card,Standard,6.497,0.0
RIDE004975,Carpool,2025-03-01 14:43,2025-03-01 15:47,Tambaram,Chengalpattu Town,59.43,2,1.5,374.73,UPI,Shared,8.32,3.091
RIDE004976,Private,2025-02-15 12:22,2025-02-15 13:36,OMR Sholinganallur,Chengalpattu Bus Stand,60.25,1,,656.94,Card,Standard,11.568,0.0
RIDE004977,Carpool,2025-04-18 19:52,2025-04-18 20:44,Pallavaram,Chengalpattu Bus Stand,43.04,2,1.6,261.96,Wallet,Shared,6.026,2.238
RIDE004978,Private,2025-01-15 08:28,2025-01-15 09:28,Tambaram,Chengalpattu Town,49.05,1,,476.06,Wallet,Standard,9.418,0.0
RIDE004979,Carpool,2025-03-14 12:45,2025-03-14 13:49,Velachery,Chengalpattu Town,58.56,4,3.8,396.36,Cash,Shared,8.198,3.046
RIDE004980,Carpool,2025-02-20 17:04,2025-02-20 18:02,Anna Nagar,Chengalpattu Town,50.12,3,2.8,345.63,Card,Shared,7.017,2.606
RIDE004981,Carpool,2025-02-10 08:24,2025-02-10 09:01,Adyar,Chengalpattu Bus Stand,30.33,3,2.6,185.67,Cash,Shared,4.246,1.577
RIDE004982,Carpool,2025-02-01 01:51,2025-02-01 02:31,Perungudi,Chengalpattu Bus Stand,33.12,4,3.9,200.9,Cash,Shared,4.637,1.722
RIDE004983,Private,2025-02-26 15:19,2025-02-26 16:26,T Nagar,Chengalpattu Bus Stand,62.54,1,,636.27,UPI,Standard,12.008,0.0
RIDE004984,Carpool,2025-03-16 21:11,2025-03-16 21:48,Perungudi,Mahindra City,37.75,4,3.6,269.86,UPI,Shared,5.285,1.963
RIDE004985,Carpool,2025-03-14 20:50,2025-03-14 21:51,Chromepet,Mahindra City,51.63,2,1.6,385.01,Card,Shared,7.228,2.685
RIDE004986,Carpool,2025-02-15 05:00,2025-02-15 06:14,Velachery,Chengalpattu Bus Stand,61.48,4,3.8,408.88,Cash,Shared,8.607,3.197
RIDE004987,Private,2025-02-28 21:57,2025-02-28 22:42,OMR Sholinganallur,SRM University,45.02,1,,481.76,Card,Standard,8.644,0.0
RIDE004988,Carpool,2025-01-06 10:41,2025-01-06 11:26,Perungudi,SRM University,41.28,3,2.7,289.36,Cash,Shared,5.779,2.147
RIDE004989,Private,2025-02-18 15:20,2025-02-18 16:21,Adyar,Chengalpattu Bus Stand,52.41,1,,579.36,UPI,Standard,10.063,0.0
RIDE004990,Carpool,2025-03-13 05:01,2025-03-13 05:55,T Nagar,Singaperumal Koil,55.11,2,1.7,415.85,UPI,Shared,7.715,2.866
RIDE004991,Carpool,2025-03-09 11:36,2025-03-09 12:37,Adyar,SRM University,52.6,4,3.6,365.94,Card,Shared,7.364,2.735
RIDE004992,Private,2025-01-30 06:58,2025-01-30 07:56,Mylapore,Mahindra City,60.07,1,,543.36,Cash,Standard,11.533,0.0
RIDE004993,Carpool,2025-01-13 13:30,2025-01-13 14:28,OMR Sholinganallur,Mahindra City,63.81,3,3.0,415.88,Wallet,Shared,8.933,3.319
RIDE004994,Private,2025-02-10 04:06,2025-02-10 05:08,Perungudi,Chengalpattu Bus Stand,57.35,1,,654.4,UPI,Standard,11.011,0.0
RIDE004995,Carpool,2025-04-27 23:12,2025-04-27 23:52,Perungudi,Chengalpattu Bus Stand,44.63,3,2.7,333.86,Cash,Shared,6.248,2.321
RIDE004996,Private,2025-01-15 13:10,2025-01-15 13:56,Guindy,Mahindra City,39.06,1,,426.52,Card,Standard,7.5,0.0
RIDE004997,Carpool,2025-04-27 08:52,2025-04-27 09:56,Mylapore,Chengalpattu Bus Stand,63.91,4,3.9,394.0,Card,Shared,8.947,3.324
RIDE004998,Carpool,2025-04-17 09:43,2025-04-17 10:27,Perungudi,Mahindra City,36.52,4,3.4,250.06,Wallet,Shared,5.113,1.899
RIDE004999,Private,2025-03-31 16:28,2025-03-31 17:37,Adyar,Singaperumal Koil,61.56,1,,669.73,Wallet,Standard,11.82,0.0
RIDE005000,Private,2025-04-08 11:51,2025-04-08 12:22,Chromepet,SRM University,32.91,1,,358.64,Card,Standard,6.319,0.0
